Using pre-set license
Built from '2022.3/release' branch; Version is '2022.3.20f1 (61c2feb0970d) revision 6406910'; Using compiler version '192829333'; Build Type 'Release'
OS: 'Windows 10  (10.0.19045) 64bit Professional' Language: 'en' Physical Memory: 16154 MB
BatchMode: 1, IsHumanControllingUs: 0, StartBugReporterOnCrash: 0, Is64bit: 1, IsPro: 1

COMMAND LINE ARGUMENTS:
C:\Program Files\Unity\Hub\Editor\2022.3.20f1\Editor\Unity.exe
-adb2
-batchMode
-noUpm
-name
AssetImportWorker0
-projectPath
D:/UnityProject/BonceMonney
-logFile
Logs/AssetImportWorker0.log
-srvPort
52041
Successfully changed project path to: D:/UnityProject/BonceMonney
D:/UnityProject/BonceMonney
[UnityMemory] Configuration Parameters - Can be set up in boot.config
    "memorysetup-bucket-allocator-granularity=16"
    "memorysetup-bucket-allocator-bucket-count=8"
    "memorysetup-bucket-allocator-block-size=33554432"
    "memorysetup-bucket-allocator-block-count=8"
    "memorysetup-main-allocator-block-size=16777216"
    "memorysetup-thread-allocator-block-size=16777216"
    "memorysetup-gfx-main-allocator-block-size=16777216"
    "memorysetup-gfx-thread-allocator-block-size=16777216"
    "memorysetup-cache-allocator-block-size=4194304"
    "memorysetup-typetree-allocator-block-size=2097152"
    "memorysetup-profiler-bucket-allocator-granularity=16"
    "memorysetup-profiler-bucket-allocator-bucket-count=8"
    "memorysetup-profiler-bucket-allocator-block-size=33554432"
    "memorysetup-profiler-bucket-allocator-block-count=8"
    "memorysetup-profiler-allocator-block-size=16777216"
    "memorysetup-profiler-editor-allocator-block-size=1048576"
    "memorysetup-temp-allocator-size-main=16777216"
    "memorysetup-job-temp-allocator-block-size=2097152"
    "memorysetup-job-temp-allocator-block-size-background=1048576"
    "memorysetup-job-temp-allocator-reduction-small-platforms=262144"
    "memorysetup-allocator-temp-initial-block-size-main=262144"
    "memorysetup-allocator-temp-initial-block-size-worker=262144"
    "memorysetup-temp-allocator-size-background-worker=32768"
    "memorysetup-temp-allocator-size-job-worker=262144"
    "memorysetup-temp-allocator-size-preload-manager=33554432"
    "memorysetup-temp-allocator-size-nav-mesh-worker=65536"
    "memorysetup-temp-allocator-size-audio-worker=65536"
    "memorysetup-temp-allocator-size-cloud-worker=32768"
    "memorysetup-temp-allocator-size-gi-baking-worker=262144"
    "memorysetup-temp-allocator-size-gfx=262144"
Player connection [2548] Host "[IP] 192.168.1.2 [Port] 0 [Flags] 2 [Guid] 996508868 [EditorId] 996508868 [Version] 1048832 [Id] WindowsEditor(7,DESKTOP-USG9QUT) [Debug] 1 [PackageName] WindowsEditor [ProjectName] Editor" joined multi-casting on [225.0.0.222:54997]...

Player connection [2548] Host "[IP] 192.168.1.2 [Port] 0 [Flags] 2 [Guid] 996508868 [EditorId] 996508868 [Version] 1048832 [Id] WindowsEditor(7,DESKTOP-USG9QUT) [Debug] 1 [PackageName] WindowsEditor [ProjectName] Editor" joined alternative multi-casting on [225.0.0.222:34997]...

[Physics::Module] Initialized MultithreadedJobDispatcher with 11 workers.
Refreshing native plugins compatible for Editor in 20.07 ms, found 10 plugins.
Preloading 0 native plugins for Editor in 0.00 ms.
Initialize engine version: 2022.3.20f1 (61c2feb0970d)
[Subsystems] Discovering subsystems at path C:/Program Files/Unity/Hub/Editor/2022.3.20f1/Editor/Data/Resources/UnitySubsystems
[Subsystems] Discovering subsystems at path D:/UnityProject/BonceMonney/Assets
GfxDevice: creating device client; threaded=0; jobified=0
Direct3D:
    Version:  Direct3D 11.0 [level 11.1]
    Renderer: Intel(R) UHD Graphics 730 (ID=0x4692)
    Vendor:   Intel
    VRAM:     8077 MB
    Driver:   32.0.101.6129
Initialize mono
Mono path[0] = 'C:/Program Files/Unity/Hub/Editor/2022.3.20f1/Editor/Data/Managed'
Mono path[1] = 'C:/Program Files/Unity/Hub/Editor/2022.3.20f1/Editor/Data/MonoBleedingEdge/lib/mono/unityjit-win32'
Mono config path = 'C:/Program Files/Unity/Hub/Editor/2022.3.20f1/Editor/Data/MonoBleedingEdge/etc'
Using monoOptions --debugger-agent=transport=dt_socket,embedding=1,server=y,suspend=n,address=127.0.0.1:56240
Begin MonoManager ReloadAssembly
Registering precompiled unity dll's ...
Register platform support module: C:/Program Files/Unity/Hub/Editor/2022.3.20f1/Editor/Data/PlaybackEngines/AndroidPlayer/UnityEditor.Android.Extensions.dll
Register platform support module: C:/Program Files/Unity/Hub/Editor/2022.3.20f1/Editor/Data/PlaybackEngines/iOSSupport/UnityEditor.iOS.Extensions.dll
Register platform support module: C:/Program Files/Unity/Hub/Editor/2022.3.20f1/Editor/Data/PlaybackEngines/WindowsStandaloneSupport/UnityEditor.WindowsStandalone.Extensions.dll
Registered in 0.006934 seconds.
- Loaded All Assemblies, in  0.265 seconds
Native extension for WindowsStandalone target not found
[usbmuxd] Start listen thread
[usbmuxd] Listen thread started
Native extension for iOS target not found
Native extension for Android target not found
Android Extension - Scanning For ADB Devices 168 ms
Mono: successfully reloaded assembly
- Finished resetting the current domain, in  0.470 seconds
Domain Reload Profiling: 734ms
	BeginReloadAssembly (84ms)
		ExecutionOrderSort (0ms)
		DisableScriptedObjects (0ms)
		BackupInstance (0ms)
		ReleaseScriptingObjects (0ms)
		CreateAndSetChildDomain (1ms)
	RebuildCommonClasses (23ms)
	RebuildNativeTypeToScriptingClass (7ms)
	initialDomainReloadingComplete (43ms)
	LoadAllAssembliesAndSetupDomain (107ms)
		LoadAssemblies (83ms)
		RebuildTransferFunctionScriptingTraits (0ms)
		AnalyzeDomain (105ms)
			TypeCache.Refresh (103ms)
				TypeCache.ScanAssembly (92ms)
			ScanForSourceGeneratedMonoScriptInfo (0ms)
			ResolveRequiredComponents (0ms)
	FinalizeReload (470ms)
		ReleaseScriptCaches (0ms)
		RebuildScriptCaches (0ms)
		SetupLoadedEditorAssemblies (429ms)
			LogAssemblyErrors (0ms)
			InitializePlatformSupportModulesInManaged (255ms)
			SetLoadedEditorAssemblies (3ms)
			RefreshPlugins (0ms)
			BeforeProcessingInitializeOnLoad (2ms)
			ProcessInitializeOnLoadAttributes (130ms)
			ProcessInitializeOnLoadMethodAttributes (39ms)
			AfterProcessingInitializeOnLoad (0ms)
			EditorAssembliesLoaded (0ms)
		ExecutionOrderSort2 (0ms)
		AwakeInstancesAfterBackupRestoration (0ms)
========================================================================
Worker process is ready to serve import requests
Begin MonoManager ReloadAssembly
Symbol file LoadedFromMemory is not a mono symbol file
- Loaded All Assemblies, in  0.872 seconds
Refreshing native plugins compatible for Editor in 10.97 ms, found 10 plugins.
OnLevelWasLoaded was found on Reporter
This message has been deprecated and will be removed in a later version of Unity.
Add a delegate to SceneManager.sceneLoaded instead to get notifications after scene loading has completed
OnLevelWasLoaded was found on AdmobAds
This message has been deprecated and will be removed in a later version of Unity.
Add a delegate to SceneManager.sceneLoaded instead to get notifications after scene loading has completed
OnLevelWasLoaded was found on BoxController
This message has been deprecated and will be removed in a later version of Unity.
Add a delegate to SceneManager.sceneLoaded instead to get notifications after scene loading has completed
Native extension for WindowsStandalone target not found
Native extension for iOS target not found
Native extension for Android target not found
Package Manager log level set to [2]
[Package Manager] Server::EnsureServerProcessIsRunning -- launch failed, reason: Unity was launched with the -noUpm command-line argument
[Package Manager] UpmClient::Send -- Unable to send message (not connected to UPM process).
[Package Manager] Cannot connect to Unity Package Manager local server
Debug [AppLovin MAX] Deleting obsolete network AdColony from path Assets\MaxSdk/Mediation/AdColony...
UnityEngine.StackTraceUtility:ExtractStackTrace ()
UnityEngine.DebugLogHandler:LogFormat (UnityEngine.LogType,UnityEngine.Object,string,object[])
UnityEngine.Logger:Log (UnityEngine.LogType,object)
UnityEngine.Debug:Log (object)
MaxSdkLogger:UserDebug (string) (at Assets/MaxSdk/Scripts/MaxSdkLogger.cs:13)
AppLovinMax.Scripts.IntegrationManager.Editor.AppLovinInitialize:.cctor () (at Assets/MaxSdk/Scripts/IntegrationManager/Editor/AppLovinInitialize.cs:118)
System.Runtime.CompilerServices.RuntimeHelpers:RunClassConstructor (System.RuntimeTypeHandle)
UnityEditor.EditorAssemblies:ProcessInitializeOnLoadAttributes (System.Type[])

(Filename: Assets/MaxSdk/Scripts/MaxSdkLogger.cs Line: 13)

Debug [AppLovin MAX] AppLovin MAX Migration completed
UnityEngine.StackTraceUtility:ExtractStackTrace ()
UnityEngine.DebugLogHandler:LogFormat (UnityEngine.LogType,UnityEngine.Object,string,object[])
UnityEngine.Logger:Log (UnityEngine.LogType,object)
UnityEngine.Debug:Log (object)
MaxSdkLogger:UserDebug (string) (at Assets/MaxSdk/Scripts/MaxSdkLogger.cs:13)
AppLovinMax.Scripts.IntegrationManager.Editor.AppLovinInitialize:.cctor () (at Assets/MaxSdk/Scripts/IntegrationManager/Editor/AppLovinInitialize.cs:128)
System.Runtime.CompilerServices.RuntimeHelpers:RunClassConstructor (System.RuntimeTypeHandle)
UnityEditor.EditorAssemblies:ProcessInitializeOnLoadAttributes (System.Type[])

(Filename: Assets/MaxSdk/Scripts/MaxSdkLogger.cs Line: 13)

Launched and connected shader compiler UnityShaderCompiler.exe after 0.04 seconds
Mono: successfully reloaded assembly
- Finished resetting the current domain, in  1.222 seconds
Domain Reload Profiling: 2092ms
	BeginReloadAssembly (132ms)
		ExecutionOrderSort (0ms)
		DisableScriptedObjects (4ms)
		BackupInstance (0ms)
		ReleaseScriptingObjects (0ms)
		CreateAndSetChildDomain (22ms)
	RebuildCommonClasses (29ms)
	RebuildNativeTypeToScriptingClass (14ms)
	initialDomainReloadingComplete (59ms)
	LoadAllAssembliesAndSetupDomain (635ms)
		LoadAssemblies (432ms)
		RebuildTransferFunctionScriptingTraits (0ms)
		AnalyzeDomain (280ms)
			TypeCache.Refresh (229ms)
				TypeCache.ScanAssembly (202ms)
			ScanForSourceGeneratedMonoScriptInfo (38ms)
			ResolveRequiredComponents (12ms)
	FinalizeReload (1223ms)
		ReleaseScriptCaches (0ms)
		RebuildScriptCaches (0ms)
		SetupLoadedEditorAssemblies (1054ms)
			LogAssemblyErrors (0ms)
			InitializePlatformSupportModulesInManaged (29ms)
			SetLoadedEditorAssemblies (4ms)
			RefreshPlugins (0ms)
			BeforeProcessingInitializeOnLoad (68ms)
			ProcessInitializeOnLoadAttributes (492ms)
			ProcessInitializeOnLoadMethodAttributes (456ms)
			AfterProcessingInitializeOnLoad (4ms)
			EditorAssembliesLoaded (0ms)
		ExecutionOrderSort2 (0ms)
		AwakeInstancesAfterBackupRestoration (5ms)
Refreshing native plugins compatible for Editor in 11.04 ms, found 10 plugins.
Preloading 0 native plugins for Editor in 0.00 ms.
Unloading 7215 Unused Serialized files (Serialized files now loaded: 0)
Unloading 263 unused Assets / (1.9 MB). Loaded Objects now: 7632.
Memory consumption went from 288.0 MB to 286.1 MB.
Total: 18.953300 ms (FindLiveObjects: 0.766800 ms CreateObjectMapping: 0.408900 ms MarkObjects: 16.419000 ms  DeleteObjects: 1.357300 ms)

AssetImportParameters requested are different than current active one (requested -> active):
  custom:container-demuxer-ogg: 62fdf1f143b41e24485cea50d1cbac27 -> 
  custom:framework-win-MediaFoundation: 216162199b28c13a410421893ffa2e32 -> 
  custom:container-muxer-webm: aa71ff27fc2769a1b78a27578f13a17b -> 
  custom:video-decoder-webm-vp8: 9c59270c3fd7afecdb556c50c9e8de78 -> 
  custom:SearchIndexIgnoredProperties: e643bd26f0fe6173181afceb89e7c659 -> 
  custom:AudioImporter_EditorPlatform: d09bf68614088b80899f8185d706f6e7 -> 
  custom:audio-decoder-ogg-vorbis: bf7c407c2cedff20999df2af8eb42d56 -> 
  custom:audio-encoder-webm-vorbis: bf7c407c2cedff20999df2af8eb42d56 -> 
  custom:video-decoder-ogg-theora: a1e56fd34408186e4bbccfd4996cb3dc -> 
  custom:CustomObjectIndexerAttribute: 62b5816608c3102f162a1797e29626cf -> 
  custom:container-demuxer-webm: 4f35f7cbe854078d1ac9338744f61a02 -> 
  custom:video-encoder-webm-vp8: eb34c28f22e8b96e1ab97ce403110664 -> 
========================================================================
Received Import Request.
  Time since last request: 848655.379388 seconds.
  path: Assets/PremiumPackBox.cs
  artifactKey: Guid(56976be6547c1024f8b4597335e8c40d) Importer(815301076,1909f56bfc062723c751e8b465ee728b)
Start importing Assets/PremiumPackBox.cs using Guid(56976be6547c1024f8b4597335e8c40d) Importer(815301076,1909f56bfc062723c751e8b465ee728b)  -> (artifact id: 'b69197236498ac22a010d9cd66a3b627') in 0.001609 seconds
Number of updated asset objects reloaded before import = 0
Number of asset objects unloaded after import = 0
========================================================================
Received Prepare
Begin MonoManager ReloadAssembly
Symbol file LoadedFromMemory is not a mono symbol file
- Loaded All Assemblies, in  2.201 seconds
Refreshing native plugins compatible for Editor in 12.65 ms, found 10 plugins.
Native extension for WindowsStandalone target not found
Native extension for iOS target not found
Native extension for Android target not found
[Package Manager] Server::EnsureServerProcessIsRunning -- launch failed, reason: Unity was launched with the -noUpm command-line argument
[Package Manager] UpmClient::Send -- Unable to send message (not connected to UPM process).
[Package Manager] Cannot connect to Unity Package Manager local server
Debug [AppLovin MAX] Deleting obsolete network AdColony from path Assets\MaxSdk/Mediation/AdColony...
UnityEngine.StackTraceUtility:ExtractStackTrace ()
UnityEngine.DebugLogHandler:LogFormat (UnityEngine.LogType,UnityEngine.Object,string,object[])
UnityEngine.Logger:Log (UnityEngine.LogType,object)
UnityEngine.Debug:Log (object)
MaxSdkLogger:UserDebug (string) (at Assets/MaxSdk/Scripts/MaxSdkLogger.cs:13)
AppLovinMax.Scripts.IntegrationManager.Editor.AppLovinInitialize:.cctor () (at Assets/MaxSdk/Scripts/IntegrationManager/Editor/AppLovinInitialize.cs:118)
System.Runtime.CompilerServices.RuntimeHelpers:RunClassConstructor (System.RuntimeTypeHandle)
UnityEditor.EditorAssemblies:ProcessInitializeOnLoadAttributes (System.Type[])

(Filename: Assets/MaxSdk/Scripts/MaxSdkLogger.cs Line: 13)

Debug [AppLovin MAX] AppLovin MAX Migration completed
UnityEngine.StackTraceUtility:ExtractStackTrace ()
UnityEngine.DebugLogHandler:LogFormat (UnityEngine.LogType,UnityEngine.Object,string,object[])
UnityEngine.Logger:Log (UnityEngine.LogType,object)
UnityEngine.Debug:Log (object)
MaxSdkLogger:UserDebug (string) (at Assets/MaxSdk/Scripts/MaxSdkLogger.cs:13)
AppLovinMax.Scripts.IntegrationManager.Editor.AppLovinInitialize:.cctor () (at Assets/MaxSdk/Scripts/IntegrationManager/Editor/AppLovinInitialize.cs:128)
System.Runtime.CompilerServices.RuntimeHelpers:RunClassConstructor (System.RuntimeTypeHandle)
UnityEditor.EditorAssemblies:ProcessInitializeOnLoadAttributes (System.Type[])

(Filename: Assets/MaxSdk/Scripts/MaxSdkLogger.cs Line: 13)

Mono: successfully reloaded assembly
- Finished resetting the current domain, in 14.363 seconds
Domain Reload Profiling: 16563ms
	BeginReloadAssembly (915ms)
		ExecutionOrderSort (0ms)
		DisableScriptedObjects (123ms)
		BackupInstance (0ms)
		ReleaseScriptingObjects (1ms)
		CreateAndSetChildDomain (509ms)
	RebuildCommonClasses (27ms)
	RebuildNativeTypeToScriptingClass (10ms)
	initialDomainReloadingComplete (34ms)
	LoadAllAssembliesAndSetupDomain (1213ms)
		LoadAssemblies (1156ms)
		RebuildTransferFunctionScriptingTraits (0ms)
		AnalyzeDomain (166ms)
			TypeCache.Refresh (97ms)
				TypeCache.ScanAssembly (14ms)
			ScanForSourceGeneratedMonoScriptInfo (51ms)
			ResolveRequiredComponents (16ms)
	FinalizeReload (14364ms)
		ReleaseScriptCaches (0ms)
		RebuildScriptCaches (0ms)
		SetupLoadedEditorAssemblies (1122ms)
			LogAssemblyErrors (0ms)
			InitializePlatformSupportModulesInManaged (39ms)
			SetLoadedEditorAssemblies (4ms)
			RefreshPlugins (0ms)
			BeforeProcessingInitializeOnLoad (67ms)
			ProcessInitializeOnLoadAttributes (618ms)
			ProcessInitializeOnLoadMethodAttributes (390ms)
			AfterProcessingInitializeOnLoad (4ms)
			EditorAssembliesLoaded (1ms)
		ExecutionOrderSort2 (0ms)
		AwakeInstancesAfterBackupRestoration (10ms)
OnLevelWasLoaded was found on Reporter
This message has been deprecated and will be removed in a later version of Unity.
Add a delegate to SceneManager.sceneLoaded instead to get notifications after scene loading has completed
OnLevelWasLoaded was found on BoxController
This message has been deprecated and will be removed in a later version of Unity.
Add a delegate to SceneManager.sceneLoaded instead to get notifications after scene loading has completed
OnLevelWasLoaded was found on AdmobAds
This message has been deprecated and will be removed in a later version of Unity.
Add a delegate to SceneManager.sceneLoaded instead to get notifications after scene loading has completed
Refreshing native plugins compatible for Editor in 23.77 ms, found 10 plugins.
Preloading 0 native plugins for Editor in 0.00 ms.
Unloading 7064 Unused Serialized files (Serialized files now loaded: 0)
Unloading 338 unused Assets / (1.9 MB). Loaded Objects now: 7670.
Memory consumption went from 253.1 MB to 251.3 MB.
Total: 32.909500 ms (FindLiveObjects: 1.197500 ms CreateObjectMapping: 0.306000 ms MarkObjects: 29.752000 ms  DeleteObjects: 1.650700 ms)

Prepare: number of updated asset objects reloaded= 0
AssetImportParameters requested are different than current active one (requested -> active):
  custom:container-demuxer-ogg: 62fdf1f143b41e24485cea50d1cbac27 -> 
  custom:framework-win-MediaFoundation: 216162199b28c13a410421893ffa2e32 -> 
  custom:container-muxer-webm: aa71ff27fc2769a1b78a27578f13a17b -> 
  custom:video-decoder-webm-vp8: 9c59270c3fd7afecdb556c50c9e8de78 -> 
  custom:SearchIndexIgnoredProperties: e643bd26f0fe6173181afceb89e7c659 -> 
  custom:AudioImporter_EditorPlatform: d09bf68614088b80899f8185d706f6e7 -> 
  custom:audio-decoder-ogg-vorbis: bf7c407c2cedff20999df2af8eb42d56 -> 
  custom:audio-encoder-webm-vorbis: bf7c407c2cedff20999df2af8eb42d56 -> 
  custom:video-decoder-ogg-theora: a1e56fd34408186e4bbccfd4996cb3dc -> 
  custom:CustomObjectIndexerAttribute: 62b5816608c3102f162a1797e29626cf -> 
  custom:container-demuxer-webm: 4f35f7cbe854078d1ac9338744f61a02 -> 
  custom:video-encoder-webm-vp8: eb34c28f22e8b96e1ab97ce403110664 -> 
========================================================================
Received Import Request.
  Time since last request: 5683.744237 seconds.
  path: Assets/GrassPuzzle
  artifactKey: Guid(38ed40f7b7c904747ad0b34ef6e7b363) Importer(815301076,1909f56bfc062723c751e8b465ee728b)
Start importing Assets/GrassPuzzle using Guid(38ed40f7b7c904747ad0b34ef6e7b363) Importer(815301076,1909f56bfc062723c751e8b465ee728b)  -> (artifact id: 'c75a6ade6811bd6e6568423c370e84f6') in 0.004585 seconds
Number of updated asset objects reloaded before import = 0
Number of asset objects unloaded after import = 0
========================================================================
Received Import Request.
  Time since last request: 1.774428 seconds.
  path: Assets/MaxSdk
  artifactKey: Guid(bbbf568bce8294592863536b539e324c) Importer(815301076,1909f56bfc062723c751e8b465ee728b)
Start importing Assets/MaxSdk using Guid(bbbf568bce8294592863536b539e324c) Importer(815301076,1909f56bfc062723c751e8b465ee728b)  -> (artifact id: '772d0e263418ace6175c401e19d5aada') in 0.000553 seconds
Number of updated asset objects reloaded before import = 0
Number of asset objects unloaded after import = 0
========================================================================
Received Import Request.
  Time since last request: 3.556023 seconds.
  path: Assets/GrassPuzzle_01
  artifactKey: Guid(38ed40f7b7c904747ad0b34ef6e7b363) Importer(815301076,1909f56bfc062723c751e8b465ee728b)
Start importing Assets/GrassPuzzle_01 using Guid(38ed40f7b7c904747ad0b34ef6e7b363) Importer(815301076,1909f56bfc062723c751e8b465ee728b)  -> (artifact id: '0c3454c87a771e8c5d23bf9bb698bbfc') in 0.000984 seconds
Number of updated asset objects reloaded before import = 0
Number of asset objects unloaded after import = 0
========================================================================
Received Import Request.
  Time since last request: 4.055374 seconds.
  path: Assets/GrassPuzzle_01/image.psd.png
  artifactKey: Guid(cc69f3d2e4b6bfc4887f82c32a172dae) Importer(815301076,1909f56bfc062723c751e8b465ee728b)
Start importing Assets/GrassPuzzle_01/image.psd.png using Guid(cc69f3d2e4b6bfc4887f82c32a172dae) Importer(815301076,1909f56bfc062723c751e8b465ee728b)  -> (artifact id: 'f6512887c548f8fb8a449eac46333d0b') in 0.082710 seconds
Number of updated asset objects reloaded before import = 0
Number of asset objects unloaded after import = 2
========================================================================
Received Import Request.
  Time since last request: 0.863034 seconds.
  path: Assets/Base/3Party/CodeStage/AntiCheatToolkit/Examples/API Examples/Prefabs/ACTk Detectors.prefab
  artifactKey: Guid(95b162e541f72be46bac48d6f19b855a) Importer(815301076,1909f56bfc062723c751e8b465ee728b)
Start importing Assets/Base/3Party/CodeStage/AntiCheatToolkit/Examples/API Examples/Prefabs/ACTk Detectors.prefab using Guid(95b162e541f72be46bac48d6f19b855a) Importer(815301076,1909f56bfc062723c751e8b465ee728b)  -> (artifact id: '9fe99aa4b93ae5601b980dd20d019f83') in 0.011265 seconds
Number of updated asset objects reloaded before import = 0
Number of asset objects unloaded after import = 19
========================================================================
Received Import Request.
  Time since last request: 0.004189 seconds.
  path: Assets/Resources/UI/Popups/BackHomeBox.prefab
  artifactKey: Guid(a94ddfda20720a14e8063f7ac3aa124a) Importer(815301076,1909f56bfc062723c751e8b465ee728b)
Start importing Assets/Resources/UI/Popups/BackHomeBox.prefab using Guid(a94ddfda20720a14e8063f7ac3aa124a) Importer(815301076,1909f56bfc062723c751e8b465ee728b)  -> (artifact id: 'fbff8438a827696b729d676488226685') in 0.010374 seconds
Number of updated asset objects reloaded before import = 0
Number of asset objects unloaded after import = 215
========================================================================
Received Import Request.
  Time since last request: 0.000015 seconds.
  path: Assets/MaxSdk/Prefabs/BannerTop.prefab
  artifactKey: Guid(6521750c87fd14f709d09a1e38ffde47) Importer(815301076,1909f56bfc062723c751e8b465ee728b)
Start importing Assets/MaxSdk/Prefabs/BannerTop.prefab using Guid(6521750c87fd14f709d09a1e38ffde47) Importer(815301076,1909f56bfc062723c751e8b465ee728b)  -> (artifact id: 'e1f7b28453c3932c2952a2a12521bff7') in 0.002157 seconds
Number of updated asset objects reloaded before import = 0
Number of asset objects unloaded after import = 23
========================================================================
Received Import Request.
  Time since last request: 0.000014 seconds.
  path: Assets/Resources/UI/Popups/BoosterPackBox.prefab
  artifactKey: Guid(3cae5d157f67d50409521b86bb9dcc9b) Importer(815301076,1909f56bfc062723c751e8b465ee728b)
Start importing Assets/Resources/UI/Popups/BoosterPackBox.prefab using Guid(3cae5d157f67d50409521b86bb9dcc9b) Importer(815301076,1909f56bfc062723c751e8b465ee728b)  -> (artifact id: 'e1cd449aea5a7dbef13f8960b1f1971e') in 0.006957 seconds
Number of updated asset objects reloaded before import = 0
Number of asset objects unloaded after import = 128
========================================================================
Received Import Request.
  Time since last request: 0.000019 seconds.
  path: Assets/MaxSdk/Prefabs/BannerBottom.prefab
  artifactKey: Guid(54c062c0526b148efa2ea2e9489b3aa0) Importer(815301076,1909f56bfc062723c751e8b465ee728b)
Start importing Assets/MaxSdk/Prefabs/BannerBottom.prefab using Guid(54c062c0526b148efa2ea2e9489b3aa0) Importer(815301076,1909f56bfc062723c751e8b465ee728b)  -> (artifact id: '23147ff81fd5c6e4b6e529bfffdf1c9c') in 0.001964 seconds
Number of updated asset objects reloaded before import = 0
Number of asset objects unloaded after import = 23
========================================================================
Received Import Request.
  Time since last request: 0.000013 seconds.
  path: Assets/Base/00_BaseCode/VFX/Fire/CFX2_DoubleFireWall A.prefab
  artifactKey: Guid(0266235361b1c0b45a8582c044cf92cd) Importer(815301076,1909f56bfc062723c751e8b465ee728b)
Start importing Assets/Base/00_BaseCode/VFX/Fire/CFX2_DoubleFireWall A.prefab using Guid(0266235361b1c0b45a8582c044cf92cd) Importer(815301076,1909f56bfc062723c751e8b465ee728b)  -> (artifact id: 'f960bd4b9820eb9c6203d25df72f63f2') in 0.114911 seconds
Number of updated asset objects reloaded before import = 0
Number of asset objects unloaded after import = 8
========================================================================
Received Import Request.
  Time since last request: 0.000021 seconds.
  path: Packages/com.unity.render-pipelines.core/Runtime/Debugging/Prefabs/Widgets/DebugUIEnumHistory.prefab
  artifactKey: Guid(b2da6b27df236b144b3516ed8e7d36ac) Importer(815301076,1909f56bfc062723c751e8b465ee728b)
Start importing Packages/com.unity.render-pipelines.core/Runtime/Debugging/Prefabs/Widgets/DebugUIEnumHistory.prefab using Guid(b2da6b27df236b144b3516ed8e7d36ac) Importer(815301076,1909f56bfc062723c751e8b465ee728b)  -> (artifact id: '3c815447471fcd6b80e34e8133c2e478') in 0.009825 seconds
Number of updated asset objects reloaded before import = 0
Number of asset objects unloaded after import = 15
========================================================================
Received Import Request.
  Time since last request: 0.000657 seconds.
  path: Packages/com.unity.render-pipelines.core/Runtime/Debugging/Prefabs/Widgets/DebugUIGroup.prefab
  artifactKey: Guid(38a07789c9e87004dad98c2909f58369) Importer(815301076,1909f56bfc062723c751e8b465ee728b)
Start importing Packages/com.unity.render-pipelines.core/Runtime/Debugging/Prefabs/Widgets/DebugUIGroup.prefab using Guid(38a07789c9e87004dad98c2909f58369) Importer(815301076,1909f56bfc062723c751e8b465ee728b)  -> (artifact id: '43c5c51c2d98a9d7cf18cfc77ca56172') in 0.018700 seconds
Number of updated asset objects reloaded before import = 0
Number of asset objects unloaded after import = 23
========================================================================
Received Import Request.
  Time since last request: 0.000481 seconds.
  path: Packages/com.unity.render-pipelines.core/Runtime/Debugging/Prefabs/Widgets/DebugUIHBox.prefab
  artifactKey: Guid(f7f5e36797cf0c1408561665c67b179b) Importer(815301076,1909f56bfc062723c751e8b465ee728b)
Start importing Packages/com.unity.render-pipelines.core/Runtime/Debugging/Prefabs/Widgets/DebugUIHBox.prefab using Guid(f7f5e36797cf0c1408561665c67b179b) Importer(815301076,1909f56bfc062723c751e8b465ee728b)  -> (artifact id: '97cf079d724f8b35d7adfd6e866ede4e') in 0.005599 seconds
Number of updated asset objects reloaded before import = 0
Number of asset objects unloaded after import = 8
========================================================================
Received Import Request.
  Time since last request: 0.000101 seconds.
  path: Assets/Base/00_BaseCode/VFX/Rock/COL Small Smoke.prefab
  artifactKey: Guid(970063e31d627c74dbfce3d7adc3561c) Importer(815301076,1909f56bfc062723c751e8b465ee728b)
Start importing Assets/Base/00_BaseCode/VFX/Rock/COL Small Smoke.prefab using Guid(970063e31d627c74dbfce3d7adc3561c) Importer(815301076,1909f56bfc062723c751e8b465ee728b)  -> (artifact id: '10747cea9b81deee6d1e87d74af808f4') in 0.082438 seconds
Number of updated asset objects reloaded before import = 0
Number of asset objects unloaded after import = 8
========================================================================
Received Import Request.
  Time since last request: 0.000036 seconds.
  path: Assets/Base/00_BaseCode/VFX/Smoke/CFX2_WWExplosion NoTrail.prefab
  artifactKey: Guid(d909a0a72c42dab43a94973d5b160703) Importer(815301076,1909f56bfc062723c751e8b465ee728b)
Start importing Assets/Base/00_BaseCode/VFX/Smoke/CFX2_WWExplosion NoTrail.prefab using Guid(d909a0a72c42dab43a94973d5b160703) Importer(815301076,1909f56bfc062723c751e8b465ee728b)  -> (artifact id: '3a2c11e6e35ec3ff9684223aed9ebc98') in 0.039897 seconds
Number of updated asset objects reloaded before import = 0
Number of asset objects unloaded after import = 79
========================================================================
Received Import Request.
  Time since last request: 0.000042 seconds.
  path: Packages/com.unity.render-pipelines.core/Runtime/Debugging/Prefabs/Widgets/DebugUIFoldout.prefab
  artifactKey: Guid(1c87ab2ce8b8b304d98fbe9a734b1f74) Importer(815301076,1909f56bfc062723c751e8b465ee728b)
Start importing Packages/com.unity.render-pipelines.core/Runtime/Debugging/Prefabs/Widgets/DebugUIFoldout.prefab using Guid(1c87ab2ce8b8b304d98fbe9a734b1f74) Importer(815301076,1909f56bfc062723c751e8b465ee728b)  -> (artifact id: '2b8d596e010897fd1f19bb11fb7b4cd4') in 0.024764 seconds
Number of updated asset objects reloaded before import = 0
Number of asset objects unloaded after import = 34
========================================================================
Received Import Request.
  Time since last request: 0.000018 seconds.
  path: Packages/com.unity.render-pipelines.core/Runtime/Debugging/Prefabs/Widgets/DebugUIFloatField.prefab
  artifactKey: Guid(d8c744701b43c864b88e7f8144e19bc5) Importer(815301076,1909f56bfc062723c751e8b465ee728b)
Start importing Packages/com.unity.render-pipelines.core/Runtime/Debugging/Prefabs/Widgets/DebugUIFloatField.prefab using Guid(d8c744701b43c864b88e7f8144e19bc5) Importer(815301076,1909f56bfc062723c751e8b465ee728b)  -> (artifact id: 'c08a140ea8486865e9dfc26c66714d3c') in 0.011058 seconds
Number of updated asset objects reloaded before import = 0
Number of asset objects unloaded after import = 37
========================================================================
Received Import Request.
  Time since last request: 0.000023 seconds.
  path: Packages/com.unity.render-pipelines.core/Runtime/Debugging/Prefabs/Widgets/DebugUIColor.prefab
  artifactKey: Guid(77c185820dd1a464eac89cae3abccddf) Importer(815301076,1909f56bfc062723c751e8b465ee728b)
Start importing Packages/com.unity.render-pipelines.core/Runtime/Debugging/Prefabs/Widgets/DebugUIColor.prefab using Guid(77c185820dd1a464eac89cae3abccddf) Importer(815301076,1909f56bfc062723c751e8b465ee728b)  -> (artifact id: 'ae00be266fffd00ef2765daac72f1e7f') in 0.012255 seconds
Number of updated asset objects reloaded before import = 0
Number of asset objects unloaded after import = 82
========================================================================
Received Import Request.
  Time since last request: 0.000032 seconds.
  path: Assets/Base/00_BaseCode/VFX/Thunder/CFX_Thunderbolt.prefab
  artifactKey: Guid(1f762d48f7ad96b43a57f23685b1bfc0) Importer(815301076,1909f56bfc062723c751e8b465ee728b)
Start importing Assets/Base/00_BaseCode/VFX/Thunder/CFX_Thunderbolt.prefab using Guid(1f762d48f7ad96b43a57f23685b1bfc0) Importer(815301076,1909f56bfc062723c751e8b465ee728b)  -> (artifact id: '17e51609cadb5e5ed4ae1e3261d35ae8') in 0.048641 seconds
Number of updated asset objects reloaded before import = 0
Number of asset objects unloaded after import = 8
========================================================================
Received Import Request.
  Time since last request: 0.000022 seconds.
  path: Assets/Base/00_BaseCode/VFX/Wood/COL Wood.prefab
  artifactKey: Guid(a81efded7f819bf4da086b7e2634b1ca) Importer(815301076,1909f56bfc062723c751e8b465ee728b)
Start importing Assets/Base/00_BaseCode/VFX/Wood/COL Wood.prefab using Guid(a81efded7f819bf4da086b7e2634b1ca) Importer(815301076,1909f56bfc062723c751e8b465ee728b)  -> (artifact id: 'e41fdf0e51a446fb3259b7a9266359aa') in 0.058514 seconds
Number of updated asset objects reloaded before import = 0
Number of asset objects unloaded after import = 8
========================================================================
Received Import Request.
  Time since last request: 0.000035 seconds.
  path: Assets/Base/00_BaseCode/VFX/Confesti/ConfettiFountainMagic.prefab
  artifactKey: Guid(85ccce0b28dab00458a91c685aff143d) Importer(815301076,1909f56bfc062723c751e8b465ee728b)
Start importing Assets/Base/00_BaseCode/VFX/Confesti/ConfettiFountainMagic.prefab using Guid(85ccce0b28dab00458a91c685aff143d) Importer(815301076,1909f56bfc062723c751e8b465ee728b)  -> (artifact id: '6e362e98c3f1a71473f5aaa9b2b890b7') in 0.095879 seconds
Number of updated asset objects reloaded before import = 0
Number of asset objects unloaded after import = 14
========================================================================
Received Import Request.
  Time since last request: 11.262604 seconds.
  path: Assets/GrassPuzzle_01/Texture
  artifactKey: Guid(17dcbfb5c3e26ef44aef30af870c0f70) Importer(815301076,1909f56bfc062723c751e8b465ee728b)
Start importing Assets/GrassPuzzle_01/Texture using Guid(17dcbfb5c3e26ef44aef30af870c0f70) Importer(815301076,1909f56bfc062723c751e8b465ee728b)  -> (artifact id: '1f3a026a945a4cc35729c1f7749fd5a8') in 0.001007 seconds
Number of updated asset objects reloaded before import = 0
Number of asset objects unloaded after import = 0
========================================================================
Received Import Request.
  Time since last request: 5.043147 seconds.
  path: Assets/GrassPuzzle_01/Texture/image.psd.png
  artifactKey: Guid(cc69f3d2e4b6bfc4887f82c32a172dae) Importer(815301076,1909f56bfc062723c751e8b465ee728b)
Start importing Assets/GrassPuzzle_01/Texture/image.psd.png using Guid(cc69f3d2e4b6bfc4887f82c32a172dae) Importer(815301076,1909f56bfc062723c751e8b465ee728b)  -> (artifact id: '7686a1a98d594a083d904b1f0f9f971f') in 0.043135 seconds
Number of updated asset objects reloaded before import = 0
Number of asset objects unloaded after import = 3
========================================================================
Received Import Request.
  Time since last request: 55.570405 seconds.
  path: Assets/GrassPuzzle_01/Texture/image.psd (1).png
  artifactKey: Guid(69a99074419846c42a9af04360b98fc4) Importer(815301076,1909f56bfc062723c751e8b465ee728b)
Start importing Assets/GrassPuzzle_01/Texture/image.psd (1).png using Guid(69a99074419846c42a9af04360b98fc4) Importer(815301076,1909f56bfc062723c751e8b465ee728b)  -> (artifact id: '1fe67e7b84b4e21be588c444a1d9a302') in 0.028237 seconds
Number of updated asset objects reloaded before import = 0
Number of asset objects unloaded after import = 2
========================================================================
Received Import Request.
  Time since last request: 12.684417 seconds.
  path: Assets/GrassPuzzle_01/Texture/image.psd (1).png
  artifactKey: Guid(69a99074419846c42a9af04360b98fc4) Importer(815301076,1909f56bfc062723c751e8b465ee728b)
Start importing Assets/GrassPuzzle_01/Texture/image.psd (1).png using Guid(69a99074419846c42a9af04360b98fc4) Importer(815301076,1909f56bfc062723c751e8b465ee728b)  -> (artifact id: '4e80ddbeb40d8e89fa66a6d0d78c5677') in 0.024281 seconds
Number of updated asset objects reloaded before import = 0
Number of asset objects unloaded after import = 3
========================================================================
Received Import Request.
  Time since last request: 73.337780 seconds.
  path: Assets/GrassPuzzle_01/Texture/image.psd (1) (1).png
  artifactKey: Guid(c5f59752fd779724fad53c5b2b061690) Importer(815301076,1909f56bfc062723c751e8b465ee728b)
Start importing Assets/GrassPuzzle_01/Texture/image.psd (1) (1).png using Guid(c5f59752fd779724fad53c5b2b061690) Importer(815301076,1909f56bfc062723c751e8b465ee728b)  -> (artifact id: '69fa833e65c24ae5f28cd3fd2594fde1') in 0.020709 seconds
Number of updated asset objects reloaded before import = 0
Number of asset objects unloaded after import = 2
========================================================================
Received Import Request.
  Time since last request: 3.435779 seconds.
  path: Assets/GrassPuzzle_01/Texture/image.psd (1) (1).png
  artifactKey: Guid(c5f59752fd779724fad53c5b2b061690) Importer(815301076,1909f56bfc062723c751e8b465ee728b)
Start importing Assets/GrassPuzzle_01/Texture/image.psd (1) (1).png using Guid(c5f59752fd779724fad53c5b2b061690) Importer(815301076,1909f56bfc062723c751e8b465ee728b)  -> (artifact id: '7ed807a965912068ceae947b4f7bacef') in 0.024690 seconds
Number of updated asset objects reloaded before import = 0
Number of asset objects unloaded after import = 3
========================================================================
Received Import Request.
  Time since last request: 21.783023 seconds.
  path: Assets/Base/00_BaseCode/Texture2D/OldAsset/icon x.png
  artifactKey: Guid(00605670cf643e54191fe8a44e92335d) Importer(815301076,1909f56bfc062723c751e8b465ee728b)
Start importing Assets/Base/00_BaseCode/Texture2D/OldAsset/icon x.png using Guid(00605670cf643e54191fe8a44e92335d) Importer(815301076,1909f56bfc062723c751e8b465ee728b)  -> (artifact id: '51d86e209c712aff9e64b70e8a343745') in 0.019015 seconds
Number of updated asset objects reloaded before import = 0
Number of asset objects unloaded after import = 3
========================================================================
Received Import Request.
  Time since last request: 0.000016 seconds.
  path: Assets/Base/00_BaseCode/Texture2D/OldAsset/Layer 57 copy.png
  artifactKey: Guid(7b3d7d45344e15f4fa6398026b2cd567) Importer(815301076,1909f56bfc062723c751e8b465ee728b)
Start importing Assets/Base/00_BaseCode/Texture2D/OldAsset/Layer 57 copy.png using Guid(7b3d7d45344e15f4fa6398026b2cd567) Importer(815301076,1909f56bfc062723c751e8b465ee728b)  -> (artifact id: '400edb40dffb78ca5e1ec9aa48501f61') in 0.017516 seconds
Number of updated asset objects reloaded before import = 0
Number of asset objects unloaded after import = 3
========================================================================
Received Import Request.
  Time since last request: 0.000025 seconds.
  path: Assets/Base/00_BaseCode/Texture2D/OldAsset/Layer 13.png
  artifactKey: Guid(c1c0be03228f0f1438590a9a53d60ce7) Importer(815301076,1909f56bfc062723c751e8b465ee728b)
Start importing Assets/Base/00_BaseCode/Texture2D/OldAsset/Layer 13.png using Guid(c1c0be03228f0f1438590a9a53d60ce7) Importer(815301076,1909f56bfc062723c751e8b465ee728b)  -> (artifact id: '5cb4e412815afedec5bd17b71be8a57f') in 0.040285 seconds
Number of updated asset objects reloaded before import = 0
Number of asset objects unloaded after import = 3
========================================================================
Received Import Request.
  Time since last request: 0.000048 seconds.
  path: Assets/Base/00_BaseCode/Texture2D/OldAsset/Layer 60 copy.png
  artifactKey: Guid(4e87b792dd3ba3a4e8a27e6d6d173912) Importer(815301076,1909f56bfc062723c751e8b465ee728b)
Start importing Assets/Base/00_BaseCode/Texture2D/OldAsset/Layer 60 copy.png using Guid(4e87b792dd3ba3a4e8a27e6d6d173912) Importer(815301076,1909f56bfc062723c751e8b465ee728b)  -> (artifact id: 'e2298eec126cecee077390685d3e5078') in 0.035045 seconds
Number of updated asset objects reloaded before import = 0
Number of asset objects unloaded after import = 3
========================================================================
Received Import Request.
  Time since last request: 6.193869 seconds.
  path: Assets/Base/00_BaseCode/Texture2D/OldAsset/Subtract.png
  artifactKey: Guid(96e1833213c620443a6a9bcd5af8d349) Importer(815301076,1909f56bfc062723c751e8b465ee728b)
Start importing Assets/Base/00_BaseCode/Texture2D/OldAsset/Subtract.png using Guid(96e1833213c620443a6a9bcd5af8d349) Importer(815301076,1909f56bfc062723c751e8b465ee728b)  -> (artifact id: '0601717afc59b078d2d59832aa4b65c1') in 0.025942 seconds
Number of updated asset objects reloaded before import = 0
Number of asset objects unloaded after import = 3
========================================================================
Received Import Request.
  Time since last request: 0.000019 seconds.
  path: Assets/Base/00_BaseCode/Texture2D/OldAsset/turnoffspeaker.png
  artifactKey: Guid(6422b9da43ccbdb4393736a15ed3dc71) Importer(815301076,1909f56bfc062723c751e8b465ee728b)
Start importing Assets/Base/00_BaseCode/Texture2D/OldAsset/turnoffspeaker.png using Guid(6422b9da43ccbdb4393736a15ed3dc71) Importer(815301076,1909f56bfc062723c751e8b465ee728b)  -> (artifact id: '87a088a8b021cf9abe6156145fd2c5a4') in 0.041078 seconds
Number of updated asset objects reloaded before import = 0
Number of asset objects unloaded after import = 3
========================================================================
Received Import Request.
  Time since last request: 1.831093 seconds.
  path: Assets/Base/00_BaseCode/VFX/Rock/CFX2_T_SmallRocks_4Frames.png
  artifactKey: Guid(30d3cec35008a5c4ba57ecc0c4c2912b) Importer(815301076,1909f56bfc062723c751e8b465ee728b)
Start importing Assets/Base/00_BaseCode/VFX/Rock/CFX2_T_SmallRocks_4Frames.png using Guid(30d3cec35008a5c4ba57ecc0c4c2912b) Importer(815301076,1909f56bfc062723c751e8b465ee728b)  -> (artifact id: '059ab4a2cc52f17f0125cb523a753001') in 0.020373 seconds
Number of updated asset objects reloaded before import = 0
Number of asset objects unloaded after import = 3
========================================================================
Received Import Request.
  Time since last request: 0.000021 seconds.
  path: Assets/GooglePlayPlugins/com.google.play.common/Runtime/Textures/GooglePlayInstantRetryButton.png
  artifactKey: Guid(4ed040dcefe674d42904db3a38e46697) Importer(815301076,1909f56bfc062723c751e8b465ee728b)
Start importing Assets/GooglePlayPlugins/com.google.play.common/Runtime/Textures/GooglePlayInstantRetryButton.png using Guid(4ed040dcefe674d42904db3a38e46697) Importer(815301076,1909f56bfc062723c751e8b465ee728b)  -> (artifact id: '36dc5a09061f26f8c79a4fb24221d877') in 0.029587 seconds
Number of updated asset objects reloaded before import = 0
Number of asset objects unloaded after import = 3
========================================================================
Received Import Request.
  Time since last request: 0.000024 seconds.
  path: Assets/Base/00_BaseCode/Texture2D/OldAsset/music_off.png
  artifactKey: Guid(6d96e1c03c83ca84bb27dd8cd12bbf24) Importer(815301076,1909f56bfc062723c751e8b465ee728b)
Start importing Assets/Base/00_BaseCode/Texture2D/OldAsset/music_off.png using Guid(6d96e1c03c83ca84bb27dd8cd12bbf24) Importer(815301076,1909f56bfc062723c751e8b465ee728b)  -> (artifact id: '5096c4ed856a2f7d4ef2a8de82275c40') in 0.039889 seconds
Number of updated asset objects reloaded before import = 0
Number of asset objects unloaded after import = 3
========================================================================
Received Import Request.
  Time since last request: 1.209693 seconds.
  path: Assets/Base/00_BaseCode/Texture2D/OldAsset/music_on.png
  artifactKey: Guid(9491bb6e9fe4ff84a93199b28edc9a73) Importer(815301076,1909f56bfc062723c751e8b465ee728b)
Start importing Assets/Base/00_BaseCode/Texture2D/OldAsset/music_on.png using Guid(9491bb6e9fe4ff84a93199b28edc9a73) Importer(815301076,1909f56bfc062723c751e8b465ee728b)  -> (artifact id: '791060f9319412bcfc01608ead64ff21') in 0.023103 seconds
Number of updated asset objects reloaded before import = 0
Number of asset objects unloaded after import = 3
========================================================================
Received Import Request.
  Time since last request: 0.058382 seconds.
  path: Assets/Base/3Party/NiceVibrations/Demos/_OLD/v1Demo/Sprites/NiceVibrationsLogo.png
  artifactKey: Guid(fd3f91061e1f3a14596fb1ff6fb30623) Importer(815301076,1909f56bfc062723c751e8b465ee728b)
Start importing Assets/Base/3Party/NiceVibrations/Demos/_OLD/v1Demo/Sprites/NiceVibrationsLogo.png using Guid(fd3f91061e1f3a14596fb1ff6fb30623) Importer(815301076,1909f56bfc062723c751e8b465ee728b)  -> (artifact id: '07e1b426e0b5f4d31bc5f13946766c8e') in 0.023369 seconds
Number of updated asset objects reloaded before import = 0
Number of asset objects unloaded after import = 3
========================================================================
Received Import Request.
  Time since last request: 0.055348 seconds.
  path: Assets/Base/3Party/NiceVibrations/Demos/_Common/Sprites/NV3Dots.png
  artifactKey: Guid(ae832dcdd98f8f44f979034fbe2b302e) Importer(815301076,1909f56bfc062723c751e8b465ee728b)
Start importing Assets/Base/3Party/NiceVibrations/Demos/_Common/Sprites/NV3Dots.png using Guid(ae832dcdd98f8f44f979034fbe2b302e) Importer(815301076,1909f56bfc062723c751e8b465ee728b)  -> (artifact id: '8f9d18b9b926337086d558849b746330') in 0.020432 seconds
Number of updated asset objects reloaded before import = 0
Number of asset objects unloaded after import = 3
========================================================================
Received Import Request.
  Time since last request: 5.853192 seconds.
  path: Assets/Base/00_BaseCode/Texture2D/OldAsset/1px.png
  artifactKey: Guid(89402fe97066575428f3f038f5492cac) Importer(815301076,1909f56bfc062723c751e8b465ee728b)
Start importing Assets/Base/00_BaseCode/Texture2D/OldAsset/1px.png using Guid(89402fe97066575428f3f038f5492cac) Importer(815301076,1909f56bfc062723c751e8b465ee728b)  -> (artifact id: '7e8961ff20938597232ed2ceede12d5b') in 0.017144 seconds
Number of updated asset objects reloaded before import = 0
Number of asset objects unloaded after import = 3
========================================================================
Received Import Request.
  Time since last request: 0.000022 seconds.
  path: Assets/Base/3Party/Joker2X/AppIcons/Assets.xcassets/AppIcon.appiconset/20.png
  artifactKey: Guid(657a9120b536b7c4c90307b6a2299320) Importer(815301076,1909f56bfc062723c751e8b465ee728b)
Start importing Assets/Base/3Party/Joker2X/AppIcons/Assets.xcassets/AppIcon.appiconset/20.png using Guid(657a9120b536b7c4c90307b6a2299320) Importer(815301076,1909f56bfc062723c751e8b465ee728b)  -> (artifact id: 'dcc85d235e97d1b39bbb1d03a122e4b0') in 0.017941 seconds
Number of updated asset objects reloaded before import = 0
Number of asset objects unloaded after import = 3
========================================================================
Received Import Request.
  Time since last request: 0.000024 seconds.
  path: Assets/Base/3Party/Joker2X/AppIcons/Assets.xcassets/AppIcon.appiconset/50.png
  artifactKey: Guid(fb092805f59802f40b4a60938b294136) Importer(815301076,1909f56bfc062723c751e8b465ee728b)
Start importing Assets/Base/3Party/Joker2X/AppIcons/Assets.xcassets/AppIcon.appiconset/50.png using Guid(fb092805f59802f40b4a60938b294136) Importer(815301076,1909f56bfc062723c751e8b465ee728b)  -> (artifact id: '1674b8ff80cfb5fbd6417ebc23398bc8') in 0.035653 seconds
Number of updated asset objects reloaded before import = 0
Number of asset objects unloaded after import = 3
========================================================================
Received Import Request.
  Time since last request: 0.000031 seconds.
  path: Assets/Base/3Party/Joker2X/AppIcons/Assets.xcassets/AppIcon.appiconset/29.png
  artifactKey: Guid(b2c6ed48f753862458926863329a22d3) Importer(815301076,1909f56bfc062723c751e8b465ee728b)
Start importing Assets/Base/3Party/Joker2X/AppIcons/Assets.xcassets/AppIcon.appiconset/29.png using Guid(b2c6ed48f753862458926863329a22d3) Importer(815301076,1909f56bfc062723c751e8b465ee728b)  -> (artifact id: '1eb23a4c9752be6ee6eda7c4d27ffc3e') in 0.027680 seconds
Number of updated asset objects reloaded before import = 0
Number of asset objects unloaded after import = 3
========================================================================
Received Import Request.
  Time since last request: 2.559413 seconds.
  path: Assets/Base/3Party/Joker2X/AppIcons/Assets.xcassets/AppIcon.appiconset/60.png
  artifactKey: Guid(65cc65e29c1838c45ac2ee30a9267cec) Importer(815301076,1909f56bfc062723c751e8b465ee728b)
Start importing Assets/Base/3Party/Joker2X/AppIcons/Assets.xcassets/AppIcon.appiconset/60.png using Guid(65cc65e29c1838c45ac2ee30a9267cec) Importer(815301076,1909f56bfc062723c751e8b465ee728b)  -> (artifact id: '06f2efa10af6428a1c7d17f2aed7f3a0') in 0.023200 seconds
Number of updated asset objects reloaded before import = 0
Number of asset objects unloaded after import = 3
========================================================================
Received Import Request.
  Time since last request: 0.002966 seconds.
  path: Assets/Base/3Party/Joker2X/AppIcons/Assets.xcassets/AppIcon.appiconset/76.png
  artifactKey: Guid(622ca983231f36d428a29f8bcd8965da) Importer(815301076,1909f56bfc062723c751e8b465ee728b)
Start importing Assets/Base/3Party/Joker2X/AppIcons/Assets.xcassets/AppIcon.appiconset/76.png using Guid(622ca983231f36d428a29f8bcd8965da) Importer(815301076,1909f56bfc062723c751e8b465ee728b)  -> (artifact id: 'c3f03addf0ed869c216058fef49908e0') in 0.047055 seconds
Number of updated asset objects reloaded before import = 0
Number of asset objects unloaded after import = 3
========================================================================
Received Import Request.
  Time since last request: 0.004490 seconds.
  path: Assets/Base/3Party/Joker2X/AppIcons/Assets.xcassets/AppIcon.appiconset/100.png
  artifactKey: Guid(208604a6c074b014bbbc9e96c333998d) Importer(815301076,1909f56bfc062723c751e8b465ee728b)
Start importing Assets/Base/3Party/Joker2X/AppIcons/Assets.xcassets/AppIcon.appiconset/100.png using Guid(208604a6c074b014bbbc9e96c333998d) Importer(815301076,1909f56bfc062723c751e8b465ee728b)  -> (artifact id: '68acce90f7ed029577e4814412b8143f') in 0.030219 seconds
Number of updated asset objects reloaded before import = 0
Number of asset objects unloaded after import = 3
========================================================================
Received Import Request.
  Time since last request: 0.243054 seconds.
  path: Assets/Base/3Party/Joker2X/AppIcons/Assets.xcassets/AppIcon.appiconset/114.png
  artifactKey: Guid(717d42441a369ee4e8246e3850c04020) Importer(815301076,1909f56bfc062723c751e8b465ee728b)
Start importing Assets/Base/3Party/Joker2X/AppIcons/Assets.xcassets/AppIcon.appiconset/114.png using Guid(717d42441a369ee4e8246e3850c04020) Importer(815301076,1909f56bfc062723c751e8b465ee728b)  -> (artifact id: '7f971595ff8fe63aa130505efe7fe2c1') in 0.021670 seconds
Number of updated asset objects reloaded before import = 0
Number of asset objects unloaded after import = 3
========================================================================
Received Import Request.
  Time since last request: 0.002516 seconds.
  path: Assets/Base/3Party/Joker2X/AppIcons/Assets.xcassets/AppIcon.appiconset/144.png
  artifactKey: Guid(4ac067471327de447aaab51c933ff8f7) Importer(815301076,1909f56bfc062723c751e8b465ee728b)
Start importing Assets/Base/3Party/Joker2X/AppIcons/Assets.xcassets/AppIcon.appiconset/144.png using Guid(4ac067471327de447aaab51c933ff8f7) Importer(815301076,1909f56bfc062723c751e8b465ee728b)  -> (artifact id: '56cd3e6f2044c0fee38eb6d6058acaab') in 0.047043 seconds
Number of updated asset objects reloaded before import = 0
Number of asset objects unloaded after import = 3
========================================================================
Received Import Request.
  Time since last request: 3.179267 seconds.
  path: Packages/com.unity.2d.aseprite/package.json
  artifactKey: Guid(fcf2f4964f64c4a0fa8c994d677d8bd9) Importer(815301076,1909f56bfc062723c751e8b465ee728b)
Start importing Packages/com.unity.2d.aseprite/package.json using Guid(fcf2f4964f64c4a0fa8c994d677d8bd9) Importer(815301076,1909f56bfc062723c751e8b465ee728b)  -> (artifact id: '3fea773a6668a9e6428e06621406ebb1') in 0.001205 seconds
Number of updated asset objects reloaded before import = 0
Number of asset objects unloaded after import = 1
========================================================================
Received Import Request.
  Time since last request: 0.359318 seconds.
  path: Packages/com.unity.2d.pixel-perfect/package.json
  artifactKey: Guid(b1c570008ebc15d4183516ca5722a39e) Importer(815301076,1909f56bfc062723c751e8b465ee728b)
Start importing Packages/com.unity.2d.pixel-perfect/package.json using Guid(b1c570008ebc15d4183516ca5722a39e) Importer(815301076,1909f56bfc062723c751e8b465ee728b)  -> (artifact id: '97bd61bce2278759036355c3ce4bba8f') in 0.001161 seconds
Number of updated asset objects reloaded before import = 0
Number of asset objects unloaded after import = 1
========================================================================
Received Import Request.
  Time since last request: 0.310120 seconds.
  path: Packages/com.unity.2d.sprite/package.json
  artifactKey: Guid(7dc5f1e5d04ac8549ac21802071e983b) Importer(815301076,1909f56bfc062723c751e8b465ee728b)
Start importing Packages/com.unity.2d.sprite/package.json using Guid(7dc5f1e5d04ac8549ac21802071e983b) Importer(815301076,1909f56bfc062723c751e8b465ee728b)  -> (artifact id: 'a5b6b471d19d39fec69c0fc8c85ea245') in 0.001191 seconds
Number of updated asset objects reloaded before import = 0
Number of asset objects unloaded after import = 1
========================================================================
Received Import Request.
  Time since last request: 1.810535 seconds.
  path: Packages/com.unity.2d.sprite/Editor/Unity.2D.Sprite.Editor.asmdef
  artifactKey: Guid(2c573e6b271651846a79655161004c5b) Importer(815301076,1909f56bfc062723c751e8b465ee728b)
Start importing Packages/com.unity.2d.sprite/Editor/Unity.2D.Sprite.Editor.asmdef using Guid(2c573e6b271651846a79655161004c5b) Importer(815301076,1909f56bfc062723c751e8b465ee728b)  -> (artifact id: '6f9dd0502afdd95c72fce7ea978d4433') in 0.000487 seconds
Number of updated asset objects reloaded before import = 0
Number of asset objects unloaded after import = 0
========================================================================
Received Import Request.
  Time since last request: 1.589501 seconds.
  path: Packages/com.unity.2d.sprite/Editor/Assets/d_SpriteEditor.png
  artifactKey: Guid(b7784190913354d4fb9b7f77888f915f) Importer(815301076,1909f56bfc062723c751e8b465ee728b)
Start importing Packages/com.unity.2d.sprite/Editor/Assets/d_SpriteEditor.png using Guid(b7784190913354d4fb9b7f77888f915f) Importer(815301076,1909f56bfc062723c751e8b465ee728b)  -> (artifact id: '625efeb8bda2de758885057e603f7b06') in 0.014017 seconds
Number of updated asset objects reloaded before import = 0
Number of asset objects unloaded after import = 2
========================================================================
Received Import Request.
  Time since last request: 0.000018 seconds.
  path: Packages/com.unity.2d.sprite/Editor/Assets/SpriteEditor@2x.png
  artifactKey: Guid(7013f35dfb10340ecbb956ca7e17de0d) Importer(815301076,1909f56bfc062723c751e8b465ee728b)
Start importing Packages/com.unity.2d.sprite/Editor/Assets/SpriteEditor@2x.png using Guid(7013f35dfb10340ecbb956ca7e17de0d) Importer(815301076,1909f56bfc062723c751e8b465ee728b)  -> (artifact id: '842e4f29d811065f97ff9d14bf24500c') in 0.038158 seconds
Number of updated asset objects reloaded before import = 0
Number of asset objects unloaded after import = 2
========================================================================
Received Import Request.
  Time since last request: 0.000028 seconds.
  path: Packages/com.unity.2d.sprite/Editor/Assets/SpriteEditorOn@2x.png
  artifactKey: Guid(1fb0e05a5ca5a42ba8ffafe439520b8e) Importer(815301076,1909f56bfc062723c751e8b465ee728b)
Start importing Packages/com.unity.2d.sprite/Editor/Assets/SpriteEditorOn@2x.png using Guid(1fb0e05a5ca5a42ba8ffafe439520b8e) Importer(815301076,1909f56bfc062723c751e8b465ee728b)  -> (artifact id: '3e56e64898f86914fa2af4cfeed136ad') in 0.031479 seconds
Number of updated asset objects reloaded before import = 0
Number of asset objects unloaded after import = 2
========================================================================
Received Import Request.
  Time since last request: 3.370593 seconds.
  path: Packages/com.unity.2d.sprite/Editor/UI/SpriteEditor/PolygonChangeShapeWindow.uxml
  artifactKey: Guid(ad9baf3ac3e35c948bf6a50e91e91473) Importer(815301076,1909f56bfc062723c751e8b465ee728b)
Start importing Packages/com.unity.2d.sprite/Editor/UI/SpriteEditor/PolygonChangeShapeWindow.uxml using Guid(ad9baf3ac3e35c948bf6a50e91e91473) Importer(815301076,1909f56bfc062723c751e8b465ee728b)  -> (artifact id: '20fd380961c841aee61d6f76a10b0830') in 0.005659 seconds
Number of updated asset objects reloaded before import = 0
Number of asset objects unloaded after import = 2
========================================================================
Received Import Request.
  Time since last request: 0.003344 seconds.
  path: Packages/com.unity.2d.sprite/Editor/UI/SpriteEditor/SpriteFrameModuleInspector.uxml
  artifactKey: Guid(d02b5650e6e0b4c45ab18d5a1d1fce97) Importer(815301076,1909f56bfc062723c751e8b465ee728b)
Start importing Packages/com.unity.2d.sprite/Editor/UI/SpriteEditor/SpriteFrameModuleInspector.uxml using Guid(d02b5650e6e0b4c45ab18d5a1d1fce97) Importer(815301076,1909f56bfc062723c751e8b465ee728b)  -> (artifact id: '585509df1727ec49eb91d66fad3a9020') in 0.005950 seconds
Number of updated asset objects reloaded before import = 0
Number of asset objects unloaded after import = 2
========================================================================
Received Import Request.
  Time since last request: 7.333854 seconds.
  path: Packages/com.unity.2d.spriteshape/package.json
  artifactKey: Guid(4eabc3d1ad1424372b03cfc117521e24) Importer(815301076,1909f56bfc062723c751e8b465ee728b)
Start importing Packages/com.unity.2d.spriteshape/package.json using Guid(4eabc3d1ad1424372b03cfc117521e24) Importer(815301076,1909f56bfc062723c751e8b465ee728b)  -> (artifact id: '8d667d11ee89b040d337b3b4f2bf39c5') in 0.001045 seconds
Number of updated asset objects reloaded before import = 0
Number of asset objects unloaded after import = 1
========================================================================
Received Import Request.
  Time since last request: 1.191917 seconds.
  path: Packages/com.unity.2d.spriteshape/Editor/Unity.2D.SpriteShape.Editor.asmdef
  artifactKey: Guid(bfbb4a459210651499d21f444f9b55fd) Importer(815301076,1909f56bfc062723c751e8b465ee728b)
Start importing Packages/com.unity.2d.spriteshape/Editor/Unity.2D.SpriteShape.Editor.asmdef using Guid(bfbb4a459210651499d21f444f9b55fd) Importer(815301076,1909f56bfc062723c751e8b465ee728b)  -> (artifact id: 'aaf7520bfac914f63a743c425f8a6d62') in 0.000492 seconds
Number of updated asset objects reloaded before import = 0
Number of asset objects unloaded after import = 0
========================================================================
Received Import Request.
  Time since last request: 0.440001 seconds.
  path: Packages/com.unity.2d.spriteshape/Runtime/Unity.2D.SpriteShape.Runtime.asmdef
  artifactKey: Guid(caccfbdb442cdc64fa722b4c5585521f) Importer(815301076,1909f56bfc062723c751e8b465ee728b)
Start importing Packages/com.unity.2d.spriteshape/Runtime/Unity.2D.SpriteShape.Runtime.asmdef using Guid(caccfbdb442cdc64fa722b4c5585521f) Importer(815301076,1909f56bfc062723c751e8b465ee728b)  -> (artifact id: 'b1ecacb1ead69c1135c535ca1869aac4') in 0.000502 seconds
Number of updated asset objects reloaded before import = 0
Number of asset objects unloaded after import = 0
========================================================================
Received Import Request.
  Time since last request: 1.664557 seconds.
  path: Packages/com.unity.2d.spriteshape/Tests/Editor/Unity.2D.SpriteShape.EditorTests.asmdef
  artifactKey: Guid(03bfc083748b8452197dde3b8ea7f575) Importer(815301076,1909f56bfc062723c751e8b465ee728b)
Start importing Packages/com.unity.2d.spriteshape/Tests/Editor/Unity.2D.SpriteShape.EditorTests.asmdef using Guid(03bfc083748b8452197dde3b8ea7f575) Importer(815301076,1909f56bfc062723c751e8b465ee728b)  -> (artifact id: '947c69bb2dab22f3d0296053879e707b') in 0.000656 seconds
Number of updated asset objects reloaded before import = 0
Number of asset objects unloaded after import = 0
========================================================================
Received Import Request.
  Time since last request: 3.754231 seconds.
  path: Packages/com.unity.2d.spriteshape/Editor/Icons/SpriteShape@64.png
  artifactKey: Guid(0a9a0f36a52ce7f4d813fbf5d8f76a1c) Importer(815301076,1909f56bfc062723c751e8b465ee728b)
Start importing Packages/com.unity.2d.spriteshape/Editor/Icons/SpriteShape@64.png using Guid(0a9a0f36a52ce7f4d813fbf5d8f76a1c) Importer(815301076,1909f56bfc062723c751e8b465ee728b)  -> (artifact id: '4760b47e27f0f4ae5b75fbc52d2dbe56') in 0.030602 seconds
Number of updated asset objects reloaded before import = 0
Number of asset objects unloaded after import = 2
========================================================================
Received Import Request.
  Time since last request: 9.102442 seconds.
  path: Assets/Base/00_BaseCode/VFX/Fire/CFX_T_Flame1_BW.png
  artifactKey: Guid(c876eecfb7413d34198d7ab73bc881af) Importer(815301076,1909f56bfc062723c751e8b465ee728b)
Start importing Assets/Base/00_BaseCode/VFX/Fire/CFX_T_Flame1_BW.png using Guid(c876eecfb7413d34198d7ab73bc881af) Importer(815301076,1909f56bfc062723c751e8b465ee728b)  -> (artifact id: '157a60263879b312f6b9159a2cee1b41') in 0.020355 seconds
Number of updated asset objects reloaded before import = 0
Number of asset objects unloaded after import = 3
========================================================================
Received Import Request.
  Time since last request: 0.000030 seconds.
  path: Assets/Base/3Party/NiceVibrations/Demos/_OLD/v1Demo/Sprites/DemoBackground.png
  artifactKey: Guid(cc3a13f0212e09d4f8e1461124d973b7) Importer(815301076,1909f56bfc062723c751e8b465ee728b)
Start importing Assets/Base/3Party/NiceVibrations/Demos/_OLD/v1Demo/Sprites/DemoBackground.png using Guid(cc3a13f0212e09d4f8e1461124d973b7) Importer(815301076,1909f56bfc062723c751e8b465ee728b)  -> (artifact id: '5bc315612c7975b3076b1e65e299a0ac') in 0.037106 seconds
Number of updated asset objects reloaded before import = 0
Number of asset objects unloaded after import = 3
========================================================================
Received Import Request.
  Time since last request: 0.000074 seconds.
  path: Assets/Base/00_BaseCode/Texture2D/OldAsset/coin.png
  artifactKey: Guid(11afe4dd6864d7847afa3e14922b5b3e) Importer(815301076,1909f56bfc062723c751e8b465ee728b)
Start importing Assets/Base/00_BaseCode/Texture2D/OldAsset/coin.png using Guid(11afe4dd6864d7847afa3e14922b5b3e) Importer(815301076,1909f56bfc062723c751e8b465ee728b)  -> (artifact id: '0f8e7ad4523223ce831c1e39da0417b4') in 0.037105 seconds
Number of updated asset objects reloaded before import = 0
Number of asset objects unloaded after import = 3
========================================================================
Received Import Request.
  Time since last request: 4.333358 seconds.
  path: Assets/Base/00_BaseCode/Texture2D/OldAsset/arrow.png
  artifactKey: Guid(7a262bfb64907c34fa75a62cd07b1cde) Importer(815301076,1909f56bfc062723c751e8b465ee728b)
Start importing Assets/Base/00_BaseCode/Texture2D/OldAsset/arrow.png using Guid(7a262bfb64907c34fa75a62cd07b1cde) Importer(815301076,1909f56bfc062723c751e8b465ee728b)  -> (artifact id: '766803796c85b5a6569025716718e985') in 0.020902 seconds
Number of updated asset objects reloaded before import = 0
Number of asset objects unloaded after import = 3
========================================================================
Received Import Request.
  Time since last request: 0.000029 seconds.
  path: Assets/Base/00_BaseCode/Texture2D/OldAsset/Group 4.png
  artifactKey: Guid(46dedca2dad13ee47a9ece61b8583bd1) Importer(815301076,1909f56bfc062723c751e8b465ee728b)
Start importing Assets/Base/00_BaseCode/Texture2D/OldAsset/Group 4.png using Guid(46dedca2dad13ee47a9ece61b8583bd1) Importer(815301076,1909f56bfc062723c751e8b465ee728b)  -> (artifact id: '05b5b681cb9fa0f32247c7a159abb7dc') in 0.019018 seconds
Number of updated asset objects reloaded before import = 0
Number of asset objects unloaded after import = 3
========================================================================
Received Import Request.
  Time since last request: 0.000017 seconds.
  path: Assets/Base/00_BaseCode/Texture2D/OldAsset/Group 11.png
  artifactKey: Guid(f1a422fe5f2a0a44db31023aed224176) Importer(815301076,1909f56bfc062723c751e8b465ee728b)
Start importing Assets/Base/00_BaseCode/Texture2D/OldAsset/Group 11.png using Guid(f1a422fe5f2a0a44db31023aed224176) Importer(815301076,1909f56bfc062723c751e8b465ee728b)  -> (artifact id: 'dff3d90fe3faeb72a89b97ca642c003e') in 0.020022 seconds
Number of updated asset objects reloaded before import = 0
Number of asset objects unloaded after import = 3
========================================================================
Received Import Request.
  Time since last request: 0.000018 seconds.
  path: Assets/Base/00_BaseCode/Texture2D/OldAsset/Group 41.png
  artifactKey: Guid(d3b90002dddebb44bbec8d8f2ef1157e) Importer(815301076,1909f56bfc062723c751e8b465ee728b)
Start importing Assets/Base/00_BaseCode/Texture2D/OldAsset/Group 41.png using Guid(d3b90002dddebb44bbec8d8f2ef1157e) Importer(815301076,1909f56bfc062723c751e8b465ee728b)  -> (artifact id: 'c7c1849f62bc7cadbc71ac7fcfc20be5') in 0.022149 seconds
Number of updated asset objects reloaded before import = 0
Number of asset objects unloaded after import = 3
========================================================================
Received Import Request.
  Time since last request: 0.000037 seconds.
  path: Assets/Base/00_BaseCode/Texture2D/OldAsset/heart.png
  artifactKey: Guid(3762cdd31b2acbe40b95ebbfa77de7d2) Importer(815301076,1909f56bfc062723c751e8b465ee728b)
Start importing Assets/Base/00_BaseCode/Texture2D/OldAsset/heart.png using Guid(3762cdd31b2acbe40b95ebbfa77de7d2) Importer(815301076,1909f56bfc062723c751e8b465ee728b)  -> (artifact id: 'e74ad9d5a58f5478d804c5066e11018c') in 0.050198 seconds
Number of updated asset objects reloaded before import = 0
Number of asset objects unloaded after import = 3
========================================================================
Received Import Request.
  Time since last request: 0.000032 seconds.
  path: Assets/Base/00_BaseCode/Texture2D/OldAsset/Group 18.png
  artifactKey: Guid(0e3dc4aae93517e4da194e4629bdc3cf) Importer(815301076,1909f56bfc062723c751e8b465ee728b)
Start importing Assets/Base/00_BaseCode/Texture2D/OldAsset/Group 18.png using Guid(0e3dc4aae93517e4da194e4629bdc3cf) Importer(815301076,1909f56bfc062723c751e8b465ee728b)  -> (artifact id: 'c06772fe94b3447c092e2e828b9c2153') in 0.041966 seconds
Number of updated asset objects reloaded before import = 0
Number of asset objects unloaded after import = 3
========================================================================
Received Import Request.
  Time since last request: 0.000035 seconds.
  path: Assets/Base/00_BaseCode/Texture2D/OldAsset/Group 19.png
  artifactKey: Guid(ebfb521b681fca649b57bb0398389632) Importer(815301076,1909f56bfc062723c751e8b465ee728b)
Start importing Assets/Base/00_BaseCode/Texture2D/OldAsset/Group 19.png using Guid(ebfb521b681fca649b57bb0398389632) Importer(815301076,1909f56bfc062723c751e8b465ee728b)  -> (artifact id: '225b0e13cb51a975e73c099efdd76b5c') in 0.034929 seconds
Number of updated asset objects reloaded before import = 0
Number of asset objects unloaded after import = 3
========================================================================
Received Import Request.
  Time since last request: 2.894223 seconds.
  path: Assets/Base/00_BaseCode/Texture2D/OldAsset/pngwing.com (2).png
  artifactKey: Guid(5ccdee043e0174245bd82181b4e33a54) Importer(815301076,1909f56bfc062723c751e8b465ee728b)
Start importing Assets/Base/00_BaseCode/Texture2D/OldAsset/pngwing.com (2).png using Guid(5ccdee043e0174245bd82181b4e33a54) Importer(815301076,1909f56bfc062723c751e8b465ee728b)  -> (artifact id: 'f6dde28a2f76f8ab86fb112f774c7e82') in 0.019419 seconds
Number of updated asset objects reloaded before import = 0
Number of asset objects unloaded after import = 3
========================================================================
Received Import Request.
  Time since last request: 0.000022 seconds.
  path: Assets/Base/00_BaseCode/Texture2D/OldAsset/Rectangle 6.png
  artifactKey: Guid(c7a3d1f6f8c444748a97f03d436e7f5d) Importer(815301076,1909f56bfc062723c751e8b465ee728b)
Start importing Assets/Base/00_BaseCode/Texture2D/OldAsset/Rectangle 6.png using Guid(c7a3d1f6f8c444748a97f03d436e7f5d) Importer(815301076,1909f56bfc062723c751e8b465ee728b)  -> (artifact id: '810913abf87f60a1844cc1e9d4f0006c') in 0.050771 seconds
Number of updated asset objects reloaded before import = 0
Number of asset objects unloaded after import = 3
========================================================================
Received Import Request.
  Time since last request: 0.000025 seconds.
  path: Assets/Base/00_BaseCode/Texture2D/OldAsset/setting.png
  artifactKey: Guid(ac57f853c58e6dc46b00028c4f39c0ed) Importer(815301076,1909f56bfc062723c751e8b465ee728b)
Start importing Assets/Base/00_BaseCode/Texture2D/OldAsset/setting.png using Guid(ac57f853c58e6dc46b00028c4f39c0ed) Importer(815301076,1909f56bfc062723c751e8b465ee728b)  -> (artifact id: '015534701032b6065ccaaef1a0640101') in 0.027816 seconds
Number of updated asset objects reloaded before import = 0
Number of asset objects unloaded after import = 3
========================================================================
Received Import Request.
  Time since last request: 0.000026 seconds.
  path: Assets/Base/00_BaseCode/Texture2D/OldAsset/turnoffphone.png
  artifactKey: Guid(762573289cfea4448ac31d43b71e54b5) Importer(815301076,1909f56bfc062723c751e8b465ee728b)
Start importing Assets/Base/00_BaseCode/Texture2D/OldAsset/turnoffphone.png using Guid(762573289cfea4448ac31d43b71e54b5) Importer(815301076,1909f56bfc062723c751e8b465ee728b)  -> (artifact id: '82e9dc376ac6ff73e063044acb329431') in 0.040820 seconds
Number of updated asset objects reloaded before import = 0
Number of asset objects unloaded after import = 3
========================================================================
Received Import Request.
  Time since last request: 0.151551 seconds.
  path: Assets/Base/00_BaseCode/Texture2D/OldAsset/Union (2).png
  artifactKey: Guid(eff6e42e9f4834d4c8e7f47c4dbaa874) Importer(815301076,1909f56bfc062723c751e8b465ee728b)
Start importing Assets/Base/00_BaseCode/Texture2D/OldAsset/Union (2).png using Guid(eff6e42e9f4834d4c8e7f47c4dbaa874) Importer(815301076,1909f56bfc062723c751e8b465ee728b)  -> (artifact id: 'a5ae60285bc204ba786bb428e0034f9f') in 0.025184 seconds
Number of updated asset objects reloaded before import = 0
Number of asset objects unloaded after import = 3
========================================================================
Received Import Request.
  Time since last request: 0.000043 seconds.
  path: Assets/Base/00_BaseCode/Texture2D/OldAsset/vib_on.png
  artifactKey: Guid(104c46f8738bfd3439fd985d7803832a) Importer(815301076,1909f56bfc062723c751e8b465ee728b)
Start importing Assets/Base/00_BaseCode/Texture2D/OldAsset/vib_on.png using Guid(104c46f8738bfd3439fd985d7803832a) Importer(815301076,1909f56bfc062723c751e8b465ee728b)  -> (artifact id: '500ca9e310670f6c6e64260c976a0839') in 0.039862 seconds
Number of updated asset objects reloaded before import = 0
Number of asset objects unloaded after import = 3
========================================================================
Received Import Request.
  Time since last request: 71.486872 seconds.
  path: Assets/Base/00_BaseCode/Texture2D/OldAsset/Sque.png
  artifactKey: Guid(f1bf7179976f9fd49be4665a6bec4b77) Importer(815301076,1909f56bfc062723c751e8b465ee728b)
Start importing Assets/Base/00_BaseCode/Texture2D/OldAsset/Sque.png using Guid(f1bf7179976f9fd49be4665a6bec4b77) Importer(815301076,1909f56bfc062723c751e8b465ee728b)  -> (artifact id: '68bb621be4827f58708eb716d9a9dfbf') in 0.022551 seconds
Number of updated asset objects reloaded before import = 0
Number of asset objects unloaded after import = 2
========================================================================
Received Import Request.
  Time since last request: 3.674584 seconds.
  path: Assets/Base/00_BaseCode/Texture2D/OldAsset/Sque.png
  artifactKey: Guid(f1bf7179976f9fd49be4665a6bec4b77) Importer(815301076,1909f56bfc062723c751e8b465ee728b)
Start importing Assets/Base/00_BaseCode/Texture2D/OldAsset/Sque.png using Guid(f1bf7179976f9fd49be4665a6bec4b77) Importer(815301076,1909f56bfc062723c751e8b465ee728b)  -> (artifact id: '798177f21cacaf6847a6d1317a416c47') in 0.031812 seconds
Number of updated asset objects reloaded before import = 0
Number of asset objects unloaded after import = 3
========================================================================
Received Import Request.
  Time since last request: 227.720404 seconds.
  path: Assets/Base/00_BaseCode/Fonts/FredokaOne-Regular SDF.asset
  artifactKey: Guid(90675dc45089d54498a259047563a699) Importer(815301076,1909f56bfc062723c751e8b465ee728b)
Start importing Assets/Base/00_BaseCode/Fonts/FredokaOne-Regular SDF.asset using Guid(90675dc45089d54498a259047563a699) Importer(815301076,1909f56bfc062723c751e8b465ee728b)  -> (artifact id: '6a054e0a1c3d15636f2a80611ac6a7e2') in 0.184637 seconds
Number of updated asset objects reloaded before import = 0
Number of asset objects unloaded after import = 6
========================================================================
Received Import Request.
  Time since last request: 139.575710 seconds.
  path: Assets/GrassPuzzle_01/Script
  artifactKey: Guid(8708ec153ca7ae348a8822b93a79882e) Importer(815301076,1909f56bfc062723c751e8b465ee728b)
Start importing Assets/GrassPuzzle_01/Script using Guid(8708ec153ca7ae348a8822b93a79882e) Importer(815301076,1909f56bfc062723c751e8b465ee728b)  -> (artifact id: '024ad9f860acfa53ea90ca3e97e3f355') in 0.000876 seconds
Number of updated asset objects reloaded before import = 0
Number of asset objects unloaded after import = 0
========================================================================
Received Import Request.
  Time since last request: 26.232741 seconds.
  path: Assets/GrassPuzzle_01/Script/BlockBase.cs
  artifactKey: Guid(17768988d974e1a4cbec4e9d301fa88d) Importer(815301076,1909f56bfc062723c751e8b465ee728b)
Start importing Assets/GrassPuzzle_01/Script/BlockBase.cs using Guid(17768988d974e1a4cbec4e9d301fa88d) Importer(815301076,1909f56bfc062723c751e8b465ee728b)  -> (artifact id: 'd7eeb5615280d9a8502425a86299eb5d') in 0.000955 seconds
Number of updated asset objects reloaded before import = 0
Number of asset objects unloaded after import = 0
========================================================================
Received Prepare
Begin MonoManager ReloadAssembly
Symbol file LoadedFromMemory is not a mono symbol file
- Loaded All Assemblies, in  0.726 seconds
Refreshing native plugins compatible for Editor in 13.52 ms, found 10 plugins.
Native extension for WindowsStandalone target not found
Native extension for iOS target not found
Native extension for Android target not found
[Package Manager] Server::EnsureServerProcessIsRunning -- launch failed, reason: Unity was launched with the -noUpm command-line argument
[Package Manager] UpmClient::Send -- Unable to send message (not connected to UPM process).
[Package Manager] Cannot connect to Unity Package Manager local server
Debug [AppLovin MAX] Deleting obsolete network AdColony from path Assets\MaxSdk/Mediation/AdColony...
UnityEngine.StackTraceUtility:ExtractStackTrace ()
UnityEngine.DebugLogHandler:LogFormat (UnityEngine.LogType,UnityEngine.Object,string,object[])
UnityEngine.Logger:Log (UnityEngine.LogType,object)
UnityEngine.Debug:Log (object)
MaxSdkLogger:UserDebug (string) (at Assets/MaxSdk/Scripts/MaxSdkLogger.cs:13)
AppLovinMax.Scripts.IntegrationManager.Editor.AppLovinInitialize:.cctor () (at Assets/MaxSdk/Scripts/IntegrationManager/Editor/AppLovinInitialize.cs:118)
System.Runtime.CompilerServices.RuntimeHelpers:RunClassConstructor (System.RuntimeTypeHandle)
UnityEditor.EditorAssemblies:ProcessInitializeOnLoadAttributes (System.Type[])

(Filename: Assets/MaxSdk/Scripts/MaxSdkLogger.cs Line: 13)

Debug [AppLovin MAX] AppLovin MAX Migration completed
UnityEngine.StackTraceUtility:ExtractStackTrace ()
UnityEngine.DebugLogHandler:LogFormat (UnityEngine.LogType,UnityEngine.Object,string,object[])
UnityEngine.Logger:Log (UnityEngine.LogType,object)
UnityEngine.Debug:Log (object)
MaxSdkLogger:UserDebug (string) (at Assets/MaxSdk/Scripts/MaxSdkLogger.cs:13)
AppLovinMax.Scripts.IntegrationManager.Editor.AppLovinInitialize:.cctor () (at Assets/MaxSdk/Scripts/IntegrationManager/Editor/AppLovinInitialize.cs:128)
System.Runtime.CompilerServices.RuntimeHelpers:RunClassConstructor (System.RuntimeTypeHandle)
UnityEditor.EditorAssemblies:ProcessInitializeOnLoadAttributes (System.Type[])

(Filename: Assets/MaxSdk/Scripts/MaxSdkLogger.cs Line: 13)

Mono: successfully reloaded assembly
- Finished resetting the current domain, in 28.238 seconds
Domain Reload Profiling: 28962ms
	BeginReloadAssembly (176ms)
		ExecutionOrderSort (0ms)
		DisableScriptedObjects (9ms)
		BackupInstance (0ms)
		ReleaseScriptingObjects (0ms)
		CreateAndSetChildDomain (61ms)
	RebuildCommonClasses (26ms)
	RebuildNativeTypeToScriptingClass (9ms)
	initialDomainReloadingComplete (33ms)
	LoadAllAssembliesAndSetupDomain (479ms)
		LoadAssemblies (491ms)
		RebuildTransferFunctionScriptingTraits (0ms)
		AnalyzeDomain (68ms)
			TypeCache.Refresh (28ms)
				TypeCache.ScanAssembly (11ms)
			ScanForSourceGeneratedMonoScriptInfo (26ms)
			ResolveRequiredComponents (13ms)
	FinalizeReload (28239ms)
		ReleaseScriptCaches (0ms)
		RebuildScriptCaches (0ms)
		SetupLoadedEditorAssemblies (1534ms)
			LogAssemblyErrors (0ms)
			InitializePlatformSupportModulesInManaged (29ms)
			SetLoadedEditorAssemblies (4ms)
			RefreshPlugins (0ms)
			BeforeProcessingInitializeOnLoad (81ms)
			ProcessInitializeOnLoadAttributes (777ms)
			ProcessInitializeOnLoadMethodAttributes (634ms)
			AfterProcessingInitializeOnLoad (8ms)
			EditorAssembliesLoaded (1ms)
		ExecutionOrderSort2 (0ms)
		AwakeInstancesAfterBackupRestoration (14ms)
OnLevelWasLoaded was found on Reporter
This message has been deprecated and will be removed in a later version of Unity.
Add a delegate to SceneManager.sceneLoaded instead to get notifications after scene loading has completed
OnLevelWasLoaded was found on BoxController
This message has been deprecated and will be removed in a later version of Unity.
Add a delegate to SceneManager.sceneLoaded instead to get notifications after scene loading has completed
OnLevelWasLoaded was found on AdmobAds
This message has been deprecated and will be removed in a later version of Unity.
Add a delegate to SceneManager.sceneLoaded instead to get notifications after scene loading has completed
Refreshing native plugins compatible for Editor in 13.12 ms, found 10 plugins.
Preloading 0 native plugins for Editor in 0.00 ms.
Unloading 7064 Unused Serialized files (Serialized files now loaded: 0)
Unloading 337 unused Assets / (2.0 MB). Loaded Objects now: 7820.
Memory consumption went from 255.5 MB to 253.5 MB.
Total: 22.019800 ms (FindLiveObjects: 0.653600 ms CreateObjectMapping: 0.311800 ms MarkObjects: 18.908100 ms  DeleteObjects: 2.143100 ms)

Prepare: number of updated asset objects reloaded= 0
AssetImportParameters requested are different than current active one (requested -> active):
  custom:container-demuxer-ogg: 62fdf1f143b41e24485cea50d1cbac27 -> 
  custom:framework-win-MediaFoundation: 216162199b28c13a410421893ffa2e32 -> 
  custom:container-muxer-webm: aa71ff27fc2769a1b78a27578f13a17b -> 
  custom:video-decoder-webm-vp8: 9c59270c3fd7afecdb556c50c9e8de78 -> 
  custom:SearchIndexIgnoredProperties: e643bd26f0fe6173181afceb89e7c659 -> 
  custom:AudioImporter_EditorPlatform: d09bf68614088b80899f8185d706f6e7 -> 
  custom:audio-decoder-ogg-vorbis: bf7c407c2cedff20999df2af8eb42d56 -> 
  custom:audio-encoder-webm-vorbis: bf7c407c2cedff20999df2af8eb42d56 -> 
  custom:video-decoder-ogg-theora: a1e56fd34408186e4bbccfd4996cb3dc -> 
  custom:CustomObjectIndexerAttribute: 62b5816608c3102f162a1797e29626cf -> 
  custom:container-demuxer-webm: 4f35f7cbe854078d1ac9338744f61a02 -> 
  custom:video-encoder-webm-vp8: eb34c28f22e8b96e1ab97ce403110664 -> 
========================================================================
Received Prepare
Begin MonoManager ReloadAssembly
Symbol file LoadedFromMemory is not a mono symbol file
- Loaded All Assemblies, in  0.786 seconds
Refreshing native plugins compatible for Editor in 25.81 ms, found 10 plugins.
Native extension for WindowsStandalone target not found
Native extension for iOS target not found
Native extension for Android target not found
[Package Manager] Server::EnsureServerProcessIsRunning -- launch failed, reason: Unity was launched with the -noUpm command-line argument
[Package Manager] UpmClient::Send -- Unable to send message (not connected to UPM process).
[Package Manager] Cannot connect to Unity Package Manager local server
Debug [AppLovin MAX] Deleting obsolete network AdColony from path Assets\MaxSdk/Mediation/AdColony...
UnityEngine.StackTraceUtility:ExtractStackTrace ()
UnityEngine.DebugLogHandler:LogFormat (UnityEngine.LogType,UnityEngine.Object,string,object[])
UnityEngine.Logger:Log (UnityEngine.LogType,object)
UnityEngine.Debug:Log (object)
MaxSdkLogger:UserDebug (string) (at Assets/MaxSdk/Scripts/MaxSdkLogger.cs:13)
AppLovinMax.Scripts.IntegrationManager.Editor.AppLovinInitialize:.cctor () (at Assets/MaxSdk/Scripts/IntegrationManager/Editor/AppLovinInitialize.cs:118)
System.Runtime.CompilerServices.RuntimeHelpers:RunClassConstructor (System.RuntimeTypeHandle)
UnityEditor.EditorAssemblies:ProcessInitializeOnLoadAttributes (System.Type[])

(Filename: Assets/MaxSdk/Scripts/MaxSdkLogger.cs Line: 13)

Debug [AppLovin MAX] AppLovin MAX Migration completed
UnityEngine.StackTraceUtility:ExtractStackTrace ()
UnityEngine.DebugLogHandler:LogFormat (UnityEngine.LogType,UnityEngine.Object,string,object[])
UnityEngine.Logger:Log (UnityEngine.LogType,object)
UnityEngine.Debug:Log (object)
MaxSdkLogger:UserDebug (string) (at Assets/MaxSdk/Scripts/MaxSdkLogger.cs:13)
AppLovinMax.Scripts.IntegrationManager.Editor.AppLovinInitialize:.cctor () (at Assets/MaxSdk/Scripts/IntegrationManager/Editor/AppLovinInitialize.cs:128)
System.Runtime.CompilerServices.RuntimeHelpers:RunClassConstructor (System.RuntimeTypeHandle)
UnityEditor.EditorAssemblies:ProcessInitializeOnLoadAttributes (System.Type[])

(Filename: Assets/MaxSdk/Scripts/MaxSdkLogger.cs Line: 13)

Mono: successfully reloaded assembly
- Finished resetting the current domain, in  3.024 seconds
Domain Reload Profiling: 3808ms
	BeginReloadAssembly (193ms)
		ExecutionOrderSort (0ms)
		DisableScriptedObjects (9ms)
		BackupInstance (0ms)
		ReleaseScriptingObjects (0ms)
		CreateAndSetChildDomain (69ms)
	RebuildCommonClasses (28ms)
	RebuildNativeTypeToScriptingClass (10ms)
	initialDomainReloadingComplete (27ms)
	LoadAllAssembliesAndSetupDomain (524ms)
		LoadAssemblies (504ms)
		RebuildTransferFunctionScriptingTraits (0ms)
		AnalyzeDomain (99ms)
			TypeCache.Refresh (42ms)
				TypeCache.ScanAssembly (14ms)
			ScanForSourceGeneratedMonoScriptInfo (35ms)
			ResolveRequiredComponents (20ms)
	FinalizeReload (3024ms)
		ReleaseScriptCaches (0ms)
		RebuildScriptCaches (0ms)
		SetupLoadedEditorAssemblies (1268ms)
			LogAssemblyErrors (0ms)
			InitializePlatformSupportModulesInManaged (32ms)
			SetLoadedEditorAssemblies (5ms)
			RefreshPlugins (0ms)
			BeforeProcessingInitializeOnLoad (80ms)
			ProcessInitializeOnLoadAttributes (676ms)
			ProcessInitializeOnLoadMethodAttributes (469ms)
			AfterProcessingInitializeOnLoad (5ms)
			EditorAssembliesLoaded (1ms)
		ExecutionOrderSort2 (0ms)
		AwakeInstancesAfterBackupRestoration (10ms)
OnLevelWasLoaded was found on Reporter
This message has been deprecated and will be removed in a later version of Unity.
Add a delegate to SceneManager.sceneLoaded instead to get notifications after scene loading has completed
OnLevelWasLoaded was found on BoxController
This message has been deprecated and will be removed in a later version of Unity.
Add a delegate to SceneManager.sceneLoaded instead to get notifications after scene loading has completed
OnLevelWasLoaded was found on AdmobAds
This message has been deprecated and will be removed in a later version of Unity.
Add a delegate to SceneManager.sceneLoaded instead to get notifications after scene loading has completed
Refreshing native plugins compatible for Editor in 13.66 ms, found 10 plugins.
Preloading 0 native plugins for Editor in 0.00 ms.
Unloading 7064 Unused Serialized files (Serialized files now loaded: 0)
Unloading 337 unused Assets / (2.0 MB). Loaded Objects now: 7856.
Memory consumption went from 257.5 MB to 255.5 MB.
Total: 25.543600 ms (FindLiveObjects: 0.859400 ms CreateObjectMapping: 0.564400 ms MarkObjects: 22.084100 ms  DeleteObjects: 2.031800 ms)

Prepare: number of updated asset objects reloaded= 0
AssetImportParameters requested are different than current active one (requested -> active):
  custom:container-demuxer-ogg: 62fdf1f143b41e24485cea50d1cbac27 -> 
  custom:framework-win-MediaFoundation: 216162199b28c13a410421893ffa2e32 -> 
  custom:container-muxer-webm: aa71ff27fc2769a1b78a27578f13a17b -> 
  custom:video-decoder-webm-vp8: 9c59270c3fd7afecdb556c50c9e8de78 -> 
  custom:SearchIndexIgnoredProperties: e643bd26f0fe6173181afceb89e7c659 -> 
  custom:AudioImporter_EditorPlatform: d09bf68614088b80899f8185d706f6e7 -> 
  custom:audio-decoder-ogg-vorbis: bf7c407c2cedff20999df2af8eb42d56 -> 
  custom:audio-encoder-webm-vorbis: bf7c407c2cedff20999df2af8eb42d56 -> 
  custom:video-decoder-ogg-theora: a1e56fd34408186e4bbccfd4996cb3dc -> 
  custom:CustomObjectIndexerAttribute: 62b5816608c3102f162a1797e29626cf -> 
  custom:container-demuxer-webm: 4f35f7cbe854078d1ac9338744f61a02 -> 
  custom:video-encoder-webm-vp8: eb34c28f22e8b96e1ab97ce403110664 -> 
========================================================================
Received Prepare
Begin MonoManager ReloadAssembly
Symbol file LoadedFromMemory is not a mono symbol file
- Loaded All Assemblies, in  0.630 seconds
Refreshing native plugins compatible for Editor in 12.05 ms, found 10 plugins.
Native extension for WindowsStandalone target not found
Native extension for iOS target not found
Native extension for Android target not found
[Package Manager] Server::EnsureServerProcessIsRunning -- launch failed, reason: Unity was launched with the -noUpm command-line argument
[Package Manager] UpmClient::Send -- Unable to send message (not connected to UPM process).
[Package Manager] Cannot connect to Unity Package Manager local server
Debug [AppLovin MAX] Deleting obsolete network AdColony from path Assets\MaxSdk/Mediation/AdColony...
UnityEngine.StackTraceUtility:ExtractStackTrace ()
UnityEngine.DebugLogHandler:LogFormat (UnityEngine.LogType,UnityEngine.Object,string,object[])
UnityEngine.Logger:Log (UnityEngine.LogType,object)
UnityEngine.Debug:Log (object)
MaxSdkLogger:UserDebug (string) (at Assets/MaxSdk/Scripts/MaxSdkLogger.cs:13)
AppLovinMax.Scripts.IntegrationManager.Editor.AppLovinInitialize:.cctor () (at Assets/MaxSdk/Scripts/IntegrationManager/Editor/AppLovinInitialize.cs:118)
System.Runtime.CompilerServices.RuntimeHelpers:RunClassConstructor (System.RuntimeTypeHandle)
UnityEditor.EditorAssemblies:ProcessInitializeOnLoadAttributes (System.Type[])

(Filename: Assets/MaxSdk/Scripts/MaxSdkLogger.cs Line: 13)

Debug [AppLovin MAX] AppLovin MAX Migration completed
UnityEngine.StackTraceUtility:ExtractStackTrace ()
UnityEngine.DebugLogHandler:LogFormat (UnityEngine.LogType,UnityEngine.Object,string,object[])
UnityEngine.Logger:Log (UnityEngine.LogType,object)
UnityEngine.Debug:Log (object)
MaxSdkLogger:UserDebug (string) (at Assets/MaxSdk/Scripts/MaxSdkLogger.cs:13)
AppLovinMax.Scripts.IntegrationManager.Editor.AppLovinInitialize:.cctor () (at Assets/MaxSdk/Scripts/IntegrationManager/Editor/AppLovinInitialize.cs:128)
System.Runtime.CompilerServices.RuntimeHelpers:RunClassConstructor (System.RuntimeTypeHandle)
UnityEditor.EditorAssemblies:ProcessInitializeOnLoadAttributes (System.Type[])

(Filename: Assets/MaxSdk/Scripts/MaxSdkLogger.cs Line: 13)

Mono: successfully reloaded assembly
- Finished resetting the current domain, in  1.326 seconds
Domain Reload Profiling: 1954ms
	BeginReloadAssembly (168ms)
		ExecutionOrderSort (0ms)
		DisableScriptedObjects (8ms)
		BackupInstance (0ms)
		ReleaseScriptingObjects (0ms)
		CreateAndSetChildDomain (48ms)
	RebuildCommonClasses (40ms)
	RebuildNativeTypeToScriptingClass (9ms)
	initialDomainReloadingComplete (44ms)
	LoadAllAssembliesAndSetupDomain (367ms)
		LoadAssemblies (381ms)
		RebuildTransferFunctionScriptingTraits (0ms)
		AnalyzeDomain (70ms)
			TypeCache.Refresh (30ms)
				TypeCache.ScanAssembly (14ms)
			ScanForSourceGeneratedMonoScriptInfo (24ms)
			ResolveRequiredComponents (15ms)
	FinalizeReload (1326ms)
		ReleaseScriptCaches (0ms)
		RebuildScriptCaches (0ms)
		SetupLoadedEditorAssemblies (874ms)
			LogAssemblyErrors (0ms)
			InitializePlatformSupportModulesInManaged (25ms)
			SetLoadedEditorAssemblies (4ms)
			RefreshPlugins (0ms)
			BeforeProcessingInitializeOnLoad (64ms)
			ProcessInitializeOnLoadAttributes (456ms)
			ProcessInitializeOnLoadMethodAttributes (321ms)
			AfterProcessingInitializeOnLoad (4ms)
			EditorAssembliesLoaded (0ms)
		ExecutionOrderSort2 (0ms)
		AwakeInstancesAfterBackupRestoration (10ms)
OnLevelWasLoaded was found on Reporter
This message has been deprecated and will be removed in a later version of Unity.
Add a delegate to SceneManager.sceneLoaded instead to get notifications after scene loading has completed
OnLevelWasLoaded was found on BoxController
This message has been deprecated and will be removed in a later version of Unity.
Add a delegate to SceneManager.sceneLoaded instead to get notifications after scene loading has completed
OnLevelWasLoaded was found on AdmobAds
This message has been deprecated and will be removed in a later version of Unity.
Add a delegate to SceneManager.sceneLoaded instead to get notifications after scene loading has completed
Refreshing native plugins compatible for Editor in 10.77 ms, found 10 plugins.
Preloading 0 native plugins for Editor in 0.00 ms.
Unloading 7064 Unused Serialized files (Serialized files now loaded: 0)
Unloading 337 unused Assets / (1.9 MB). Loaded Objects now: 7892.
Memory consumption went from 259.5 MB to 257.5 MB.
Total: 15.953100 ms (FindLiveObjects: 0.442200 ms CreateObjectMapping: 0.273000 ms MarkObjects: 14.006400 ms  DeleteObjects: 1.230300 ms)

Prepare: number of updated asset objects reloaded= 0
AssetImportParameters requested are different than current active one (requested -> active):
  custom:container-demuxer-ogg: 62fdf1f143b41e24485cea50d1cbac27 -> 
  custom:framework-win-MediaFoundation: 216162199b28c13a410421893ffa2e32 -> 
  custom:container-muxer-webm: aa71ff27fc2769a1b78a27578f13a17b -> 
  custom:video-decoder-webm-vp8: 9c59270c3fd7afecdb556c50c9e8de78 -> 
  custom:SearchIndexIgnoredProperties: e643bd26f0fe6173181afceb89e7c659 -> 
  custom:AudioImporter_EditorPlatform: d09bf68614088b80899f8185d706f6e7 -> 
  custom:audio-decoder-ogg-vorbis: bf7c407c2cedff20999df2af8eb42d56 -> 
  custom:audio-encoder-webm-vorbis: bf7c407c2cedff20999df2af8eb42d56 -> 
  custom:video-decoder-ogg-theora: a1e56fd34408186e4bbccfd4996cb3dc -> 
  custom:CustomObjectIndexerAttribute: 62b5816608c3102f162a1797e29626cf -> 
  custom:container-demuxer-webm: 4f35f7cbe854078d1ac9338744f61a02 -> 
  custom:video-encoder-webm-vp8: eb34c28f22e8b96e1ab97ce403110664 -> 
========================================================================
Received Import Request.
  Time since last request: 288.280479 seconds.
  path: Assets/GrassPuzzle_01/Script/InputController.cs
  artifactKey: Guid(52be01c202db8e746ae79e832fddc34a) Importer(815301076,1909f56bfc062723c751e8b465ee728b)
Start importing Assets/GrassPuzzle_01/Script/InputController.cs using Guid(52be01c202db8e746ae79e832fddc34a) Importer(815301076,1909f56bfc062723c751e8b465ee728b)  -> (artifact id: 'dedef90ac1184ece9b4f2527a09ae664') in 0.002200 seconds
Number of updated asset objects reloaded before import = 0
Number of asset objects unloaded after import = 0
========================================================================
Received Prepare
Begin MonoManager ReloadAssembly
Symbol file LoadedFromMemory is not a mono symbol file
- Loaded All Assemblies, in  0.672 seconds
Refreshing native plugins compatible for Editor in 11.40 ms, found 10 plugins.
Native extension for WindowsStandalone target not found
Native extension for iOS target not found
Native extension for Android target not found
[Package Manager] Server::EnsureServerProcessIsRunning -- launch failed, reason: Unity was launched with the -noUpm command-line argument
[Package Manager] UpmClient::Send -- Unable to send message (not connected to UPM process).
[Package Manager] Cannot connect to Unity Package Manager local server
Mono: successfully reloaded assembly
- Finished resetting the current domain, in  3.282 seconds
Domain Reload Profiling: 3953ms
	BeginReloadAssembly (160ms)
		ExecutionOrderSort (0ms)
		DisableScriptedObjects (8ms)
		BackupInstance (0ms)
		ReleaseScriptingObjects (0ms)
		CreateAndSetChildDomain (53ms)
	RebuildCommonClasses (29ms)
	RebuildNativeTypeToScriptingClass (12ms)
	initialDomainReloadingComplete (29ms)
	LoadAllAssembliesAndSetupDomain (440ms)
		LoadAssemblies (449ms)
		RebuildTransferFunctionScriptingTraits (0ms)
		AnalyzeDomain (65ms)
			TypeCache.Refresh (29ms)
				TypeCache.ScanAssembly (11ms)
			ScanForSourceGeneratedMonoScriptInfo (21ms)
			ResolveRequiredComponents (13ms)
	FinalizeReload (3282ms)
		ReleaseScriptCaches (0ms)
		RebuildScriptCaches (0ms)
		SetupLoadedEditorAssemblies (1746ms)
			LogAssemblyErrors (0ms)
			InitializePlatformSupportModulesInManaged (36ms)
			SetLoadedEditorAssemblies (6ms)
			RefreshPlugins (0ms)
			BeforeProcessingInitializeOnLoad (82ms)
			ProcessInitializeOnLoadAttributes (734ms)
			ProcessInitializeOnLoadMethodAttributes (879ms)
			AfterProcessingInitializeOnLoad (8ms)
			EditorAssembliesLoaded (1ms)
		ExecutionOrderSort2 (0ms)
		AwakeInstancesAfterBackupRestoration (15ms)
OnLevelWasLoaded was found on Reporter
This message has been deprecated and will be removed in a later version of Unity.
Add a delegate to SceneManager.sceneLoaded instead to get notifications after scene loading has completed
OnLevelWasLoaded was found on BoxController
This message has been deprecated and will be removed in a later version of Unity.
Add a delegate to SceneManager.sceneLoaded instead to get notifications after scene loading has completed
OnLevelWasLoaded was found on AdmobAds
This message has been deprecated and will be removed in a later version of Unity.
Add a delegate to SceneManager.sceneLoaded instead to get notifications after scene loading has completed
Refreshing native plugins compatible for Editor in 18.26 ms, found 10 plugins.
Preloading 0 native plugins for Editor in 0.00 ms.
Unloading 7064 Unused Serialized files (Serialized files now loaded: 0)
Unloading 336 unused Assets / (2.0 MB). Loaded Objects now: 7929.
Memory consumption went from 261.5 MB to 259.6 MB.
Total: 33.088400 ms (FindLiveObjects: 1.451500 ms CreateObjectMapping: 1.622900 ms MarkObjects: 25.765300 ms  DeleteObjects: 4.246300 ms)

Prepare: number of updated asset objects reloaded= 0
AssetImportParameters requested are different than current active one (requested -> active):
  custom:container-demuxer-ogg: 62fdf1f143b41e24485cea50d1cbac27 -> 
  custom:framework-win-MediaFoundation: 216162199b28c13a410421893ffa2e32 -> 
  custom:container-muxer-webm: aa71ff27fc2769a1b78a27578f13a17b -> 
  custom:video-decoder-webm-vp8: 9c59270c3fd7afecdb556c50c9e8de78 -> 
  custom:SearchIndexIgnoredProperties: e643bd26f0fe6173181afceb89e7c659 -> 
  custom:AudioImporter_EditorPlatform: d09bf68614088b80899f8185d706f6e7 -> 
  custom:audio-decoder-ogg-vorbis: bf7c407c2cedff20999df2af8eb42d56 -> 
  custom:audio-encoder-webm-vorbis: bf7c407c2cedff20999df2af8eb42d56 -> 
  custom:video-decoder-ogg-theora: a1e56fd34408186e4bbccfd4996cb3dc -> 
  custom:CustomObjectIndexerAttribute: 62b5816608c3102f162a1797e29626cf -> 
  custom:container-demuxer-webm: 4f35f7cbe854078d1ac9338744f61a02 -> 
  custom:video-encoder-webm-vp8: eb34c28f22e8b96e1ab97ce403110664 -> 
========================================================================
Received Prepare
Begin MonoManager ReloadAssembly
Symbol file LoadedFromMemory is not a mono symbol file
- Loaded All Assemblies, in  0.607 seconds
Refreshing native plugins compatible for Editor in 12.35 ms, found 10 plugins.
Native extension for WindowsStandalone target not found
Native extension for iOS target not found
Native extension for Android target not found
[Package Manager] Server::EnsureServerProcessIsRunning -- launch failed, reason: Unity was launched with the -noUpm command-line argument
[Package Manager] UpmClient::Send -- Unable to send message (not connected to UPM process).
[Package Manager] Cannot connect to Unity Package Manager local server
Debug [AppLovin MAX] Deleting obsolete network AdColony from path Assets\MaxSdk/Mediation/AdColony...
UnityEngine.StackTraceUtility:ExtractStackTrace ()
UnityEngine.DebugLogHandler:LogFormat (UnityEngine.LogType,UnityEngine.Object,string,object[])
UnityEngine.Logger:Log (UnityEngine.LogType,object)
UnityEngine.Debug:Log (object)
MaxSdkLogger:UserDebug (string) (at Assets/MaxSdk/Scripts/MaxSdkLogger.cs:13)
AppLovinMax.Scripts.IntegrationManager.Editor.AppLovinInitialize:.cctor () (at Assets/MaxSdk/Scripts/IntegrationManager/Editor/AppLovinInitialize.cs:118)
System.Runtime.CompilerServices.RuntimeHelpers:RunClassConstructor (System.RuntimeTypeHandle)
UnityEditor.EditorAssemblies:ProcessInitializeOnLoadAttributes (System.Type[])

(Filename: Assets/MaxSdk/Scripts/MaxSdkLogger.cs Line: 13)

Debug [AppLovin MAX] AppLovin MAX Migration completed
UnityEngine.StackTraceUtility:ExtractStackTrace ()
UnityEngine.DebugLogHandler:LogFormat (UnityEngine.LogType,UnityEngine.Object,string,object[])
UnityEngine.Logger:Log (UnityEngine.LogType,object)
UnityEngine.Debug:Log (object)
MaxSdkLogger:UserDebug (string) (at Assets/MaxSdk/Scripts/MaxSdkLogger.cs:13)
AppLovinMax.Scripts.IntegrationManager.Editor.AppLovinInitialize:.cctor () (at Assets/MaxSdk/Scripts/IntegrationManager/Editor/AppLovinInitialize.cs:128)
System.Runtime.CompilerServices.RuntimeHelpers:RunClassConstructor (System.RuntimeTypeHandle)
UnityEditor.EditorAssemblies:ProcessInitializeOnLoadAttributes (System.Type[])

(Filename: Assets/MaxSdk/Scripts/MaxSdkLogger.cs Line: 13)

Mono: successfully reloaded assembly
- Finished resetting the current domain, in  1.266 seconds
Domain Reload Profiling: 1871ms
	BeginReloadAssembly (164ms)
		ExecutionOrderSort (0ms)
		DisableScriptedObjects (10ms)
		BackupInstance (0ms)
		ReleaseScriptingObjects (0ms)
		CreateAndSetChildDomain (46ms)
	RebuildCommonClasses (27ms)
	RebuildNativeTypeToScriptingClass (9ms)
	initialDomainReloadingComplete (30ms)
	LoadAllAssembliesAndSetupDomain (374ms)
		LoadAssemblies (397ms)
		RebuildTransferFunctionScriptingTraits (0ms)
		AnalyzeDomain (61ms)
			TypeCache.Refresh (26ms)
				TypeCache.ScanAssembly (10ms)
			ScanForSourceGeneratedMonoScriptInfo (22ms)
			ResolveRequiredComponents (12ms)
	FinalizeReload (1266ms)
		ReleaseScriptCaches (0ms)
		RebuildScriptCaches (0ms)
		SetupLoadedEditorAssemblies (887ms)
			LogAssemblyErrors (0ms)
			InitializePlatformSupportModulesInManaged (29ms)
			SetLoadedEditorAssemblies (4ms)
			RefreshPlugins (0ms)
			BeforeProcessingInitializeOnLoad (64ms)
			ProcessInitializeOnLoadAttributes (455ms)
			ProcessInitializeOnLoadMethodAttributes (331ms)
			AfterProcessingInitializeOnLoad (4ms)
			EditorAssembliesLoaded (0ms)
		ExecutionOrderSort2 (0ms)
		AwakeInstancesAfterBackupRestoration (8ms)
OnLevelWasLoaded was found on Reporter
This message has been deprecated and will be removed in a later version of Unity.
Add a delegate to SceneManager.sceneLoaded instead to get notifications after scene loading has completed
OnLevelWasLoaded was found on BoxController
This message has been deprecated and will be removed in a later version of Unity.
Add a delegate to SceneManager.sceneLoaded instead to get notifications after scene loading has completed
OnLevelWasLoaded was found on AdmobAds
This message has been deprecated and will be removed in a later version of Unity.
Add a delegate to SceneManager.sceneLoaded instead to get notifications after scene loading has completed
Refreshing native plugins compatible for Editor in 12.17 ms, found 10 plugins.
Preloading 0 native plugins for Editor in 0.00 ms.
Unloading 7065 Unused Serialized files (Serialized files now loaded: 0)
Unloading 337 unused Assets / (1.9 MB). Loaded Objects now: 7965.
Memory consumption went from 263.4 MB to 261.5 MB.
Total: 18.466300 ms (FindLiveObjects: 0.511400 ms CreateObjectMapping: 0.250000 ms MarkObjects: 16.329100 ms  DeleteObjects: 1.374300 ms)

Prepare: number of updated asset objects reloaded= 0
AssetImportParameters requested are different than current active one (requested -> active):
  custom:container-demuxer-ogg: 62fdf1f143b41e24485cea50d1cbac27 -> 
  custom:framework-win-MediaFoundation: 216162199b28c13a410421893ffa2e32 -> 
  custom:container-muxer-webm: aa71ff27fc2769a1b78a27578f13a17b -> 
  custom:video-decoder-webm-vp8: 9c59270c3fd7afecdb556c50c9e8de78 -> 
  custom:SearchIndexIgnoredProperties: e643bd26f0fe6173181afceb89e7c659 -> 
  custom:AudioImporter_EditorPlatform: d09bf68614088b80899f8185d706f6e7 -> 
  custom:audio-decoder-ogg-vorbis: bf7c407c2cedff20999df2af8eb42d56 -> 
  custom:audio-encoder-webm-vorbis: bf7c407c2cedff20999df2af8eb42d56 -> 
  custom:video-decoder-ogg-theora: a1e56fd34408186e4bbccfd4996cb3dc -> 
  custom:CustomObjectIndexerAttribute: 62b5816608c3102f162a1797e29626cf -> 
  custom:container-demuxer-webm: 4f35f7cbe854078d1ac9338744f61a02 -> 
  custom:video-encoder-webm-vp8: eb34c28f22e8b96e1ab97ce403110664 -> 
========================================================================
Received Import Request.
  Time since last request: 63.670806 seconds.
  path: Assets/GrassPuzzle_01/Script/LevelData.cs
  artifactKey: Guid(717169961eff2d54bb707d63932cacb3) Importer(815301076,1909f56bfc062723c751e8b465ee728b)
Start importing Assets/GrassPuzzle_01/Script/LevelData.cs using Guid(717169961eff2d54bb707d63932cacb3) Importer(815301076,1909f56bfc062723c751e8b465ee728b)  -> (artifact id: 'ddaf0d9c7fba4cfb7df822d45c2caa50') in 0.001886 seconds
Number of updated asset objects reloaded before import = 0
Number of asset objects unloaded after import = 0
========================================================================
Received Import Request.
  Time since last request: 223.332537 seconds.
  path: Assets/com.unity.uiextensions/Runtime/Scripts/BomScript/LevelData.cs
  artifactKey: Guid(817a5a99aa668f54891f957aaf78102f) Importer(815301076,1909f56bfc062723c751e8b465ee728b)
Start importing Assets/com.unity.uiextensions/Runtime/Scripts/BomScript/LevelData.cs using Guid(817a5a99aa668f54891f957aaf78102f) Importer(815301076,1909f56bfc062723c751e8b465ee728b)  -> (artifact id: 'f68dd2cec96dc3e4a3a861b4a46d0a48') in 0.000539 seconds
Number of updated asset objects reloaded before import = 0
Number of asset objects unloaded after import = 0
========================================================================
Received Prepare
Begin MonoManager ReloadAssembly
Symbol file LoadedFromMemory is not a mono symbol file
- Loaded All Assemblies, in  0.861 seconds
Refreshing native plugins compatible for Editor in 13.21 ms, found 10 plugins.
Native extension for WindowsStandalone target not found
Native extension for iOS target not found
Native extension for Android target not found
[Package Manager] Server::EnsureServerProcessIsRunning -- launch failed, reason: Unity was launched with the -noUpm command-line argument
[Package Manager] UpmClient::Send -- Unable to send message (not connected to UPM process).
[Package Manager] Cannot connect to Unity Package Manager local server
Mono: successfully reloaded assembly
- Finished resetting the current domain, in  2.907 seconds
Domain Reload Profiling: 3766ms
	BeginReloadAssembly (176ms)
		ExecutionOrderSort (0ms)
		DisableScriptedObjects (8ms)
		BackupInstance (0ms)
		ReleaseScriptingObjects (0ms)
		CreateAndSetChildDomain (58ms)
	RebuildCommonClasses (33ms)
	RebuildNativeTypeToScriptingClass (9ms)
	initialDomainReloadingComplete (28ms)
	LoadAllAssembliesAndSetupDomain (613ms)
		LoadAssemblies (631ms)
		RebuildTransferFunctionScriptingTraits (0ms)
		AnalyzeDomain (68ms)
			TypeCache.Refresh (31ms)
				TypeCache.ScanAssembly (12ms)
			ScanForSourceGeneratedMonoScriptInfo (23ms)
			ResolveRequiredComponents (12ms)
	FinalizeReload (2907ms)
		ReleaseScriptCaches (0ms)
		RebuildScriptCaches (0ms)
		SetupLoadedEditorAssemblies (904ms)
			LogAssemblyErrors (0ms)
			InitializePlatformSupportModulesInManaged (26ms)
			SetLoadedEditorAssemblies (3ms)
			RefreshPlugins (0ms)
			BeforeProcessingInitializeOnLoad (75ms)
			ProcessInitializeOnLoadAttributes (465ms)
			ProcessInitializeOnLoadMethodAttributes (330ms)
			AfterProcessingInitializeOnLoad (5ms)
			EditorAssembliesLoaded (0ms)
		ExecutionOrderSort2 (0ms)
		AwakeInstancesAfterBackupRestoration (9ms)
OnLevelWasLoaded was found on Reporter
This message has been deprecated and will be removed in a later version of Unity.
Add a delegate to SceneManager.sceneLoaded instead to get notifications after scene loading has completed
OnLevelWasLoaded was found on BoxController
This message has been deprecated and will be removed in a later version of Unity.
Add a delegate to SceneManager.sceneLoaded instead to get notifications after scene loading has completed
OnLevelWasLoaded was found on AdmobAds
This message has been deprecated and will be removed in a later version of Unity.
Add a delegate to SceneManager.sceneLoaded instead to get notifications after scene loading has completed
Refreshing native plugins compatible for Editor in 10.47 ms, found 10 plugins.
Preloading 0 native plugins for Editor in 0.00 ms.
Unloading 7065 Unused Serialized files (Serialized files now loaded: 0)
Unloading 338 unused Assets / (1.9 MB). Loaded Objects now: 8001.
Memory consumption went from 265.4 MB to 263.5 MB.
Total: 18.657000 ms (FindLiveObjects: 0.488100 ms CreateObjectMapping: 0.293700 ms MarkObjects: 15.716000 ms  DeleteObjects: 2.158000 ms)

Prepare: number of updated asset objects reloaded= 0
AssetImportParameters requested are different than current active one (requested -> active):
  custom:container-demuxer-ogg: 62fdf1f143b41e24485cea50d1cbac27 -> 
  custom:framework-win-MediaFoundation: 216162199b28c13a410421893ffa2e32 -> 
  custom:container-muxer-webm: aa71ff27fc2769a1b78a27578f13a17b -> 
  custom:video-decoder-webm-vp8: 9c59270c3fd7afecdb556c50c9e8de78 -> 
  custom:SearchIndexIgnoredProperties: e643bd26f0fe6173181afceb89e7c659 -> 
  custom:AudioImporter_EditorPlatform: d09bf68614088b80899f8185d706f6e7 -> 
  custom:audio-decoder-ogg-vorbis: bf7c407c2cedff20999df2af8eb42d56 -> 
  custom:audio-encoder-webm-vorbis: bf7c407c2cedff20999df2af8eb42d56 -> 
  custom:video-decoder-ogg-theora: a1e56fd34408186e4bbccfd4996cb3dc -> 
  custom:CustomObjectIndexerAttribute: 62b5816608c3102f162a1797e29626cf -> 
  custom:container-demuxer-webm: 4f35f7cbe854078d1ac9338744f61a02 -> 
  custom:video-encoder-webm-vp8: eb34c28f22e8b96e1ab97ce403110664 -> 
========================================================================
Received Prepare
Begin MonoManager ReloadAssembly
Symbol file LoadedFromMemory is not a mono symbol file
- Loaded All Assemblies, in  4.307 seconds
Refreshing native plugins compatible for Editor in 11.00 ms, found 10 plugins.
Native extension for WindowsStandalone target not found
Native extension for iOS target not found
Native extension for Android target not found
[Package Manager] Server::EnsureServerProcessIsRunning -- launch failed, reason: Unity was launched with the -noUpm command-line argument
[Package Manager] UpmClient::Send -- Unable to send message (not connected to UPM process).
[Package Manager] Cannot connect to Unity Package Manager local server
Debug [AppLovin MAX] Deleting obsolete network AdColony from path Assets\MaxSdk/Mediation/AdColony...
UnityEngine.StackTraceUtility:ExtractStackTrace ()
UnityEngine.DebugLogHandler:LogFormat (UnityEngine.LogType,UnityEngine.Object,string,object[])
UnityEngine.Logger:Log (UnityEngine.LogType,object)
UnityEngine.Debug:Log (object)
MaxSdkLogger:UserDebug (string) (at Assets/MaxSdk/Scripts/MaxSdkLogger.cs:13)
AppLovinMax.Scripts.IntegrationManager.Editor.AppLovinInitialize:.cctor () (at Assets/MaxSdk/Scripts/IntegrationManager/Editor/AppLovinInitialize.cs:118)
System.Runtime.CompilerServices.RuntimeHelpers:RunClassConstructor (System.RuntimeTypeHandle)
UnityEditor.EditorAssemblies:ProcessInitializeOnLoadAttributes (System.Type[])

(Filename: Assets/MaxSdk/Scripts/MaxSdkLogger.cs Line: 13)

Debug [AppLovin MAX] AppLovin MAX Migration completed
UnityEngine.StackTraceUtility:ExtractStackTrace ()
UnityEngine.DebugLogHandler:LogFormat (UnityEngine.LogType,UnityEngine.Object,string,object[])
UnityEngine.Logger:Log (UnityEngine.LogType,object)
UnityEngine.Debug:Log (object)
MaxSdkLogger:UserDebug (string) (at Assets/MaxSdk/Scripts/MaxSdkLogger.cs:13)
AppLovinMax.Scripts.IntegrationManager.Editor.AppLovinInitialize:.cctor () (at Assets/MaxSdk/Scripts/IntegrationManager/Editor/AppLovinInitialize.cs:128)
System.Runtime.CompilerServices.RuntimeHelpers:RunClassConstructor (System.RuntimeTypeHandle)
UnityEditor.EditorAssemblies:ProcessInitializeOnLoadAttributes (System.Type[])

(Filename: Assets/MaxSdk/Scripts/MaxSdkLogger.cs Line: 13)

Unable to write to 'ProjectSettings\GvhProjectSettings.xml' (System.IO.IOException: Sharing violation on path D:\UnityProject\BonceMonney\ProjectSettings\GvhProjectSettings.xml
  at System.IO.FileStream..ctor (System.String path, System.IO.FileMode mode, System.IO.FileAccess access, System.IO.FileShare share, System.Int32 bufferSize, System.Boolean anonymous, System.IO.FileOptions options) [0x0019e] in <dc753a1061284f8e971ee88ee4826eee>:0 
  at System.IO.FileStream..ctor (System.String path, System.IO.FileMode mode, System.IO.FileAccess access, System.IO.FileShare share, System.Int32 bufferSize, System.IO.FileOptions options) [0x00000] in <dc753a1061284f8e971ee88ee4826eee>:0 
  at System.IO.FileStream..ctor (System.String path, System.IO.FileMode mode, System.IO.FileAccess access, System.IO.FileShare share, System.Int32 bufferSize, System.Boolean useAsync) [0x00000] in <dc753a1061284f8e971ee88ee4826eee>:0 
  at (wrapper remoting-invoke-with-check) System.IO.FileStream..ctor(string,System.IO.FileMode,System.IO.FileAccess,System.IO.FileShare,int,bool)
  at System.Xml.XmlWriterSettings.CreateWriter (System.String outputFileName) [0x00051] in <ae5badc4ec594809bfbe24220ad62e9b>:0 
  at System.Xml.XmlWriter.Create (System.String outputFileName, System.Xml.XmlWriterSettings settings) [0x0000a] in <ae5badc4ec594809bfbe24220ad62e9b>:0 
  at Google.ProjectSettings.Save () [0x00079] in /Users/amaurice/Documents/GitHub/unity-jar-resolver/source/VersionHandlerImpl/src/ProjectSettings.cs:821 , Project settings were not saved!
UnityEngine.StackTraceUtility:ExtractStackTrace ()
UnityEngine.DebugLogHandler:LogFormat (UnityEngine.LogType,UnityEngine.Object,string,object[])
UnityEngine.Logger:Log (UnityEngine.LogType,object)
UnityEngine.Debug:LogError (object)
Google.Logger:Log (string,Google.LogLevel) (at /Users/amaurice/Documents/GitHub/unity-jar-resolver/source/VersionHandlerImpl/src/Logger.cs:136)
Google.ProjectSettings:Save () (at /Users/amaurice/Documents/GitHub/unity-jar-resolver/source/VersionHandlerImpl/src/ProjectSettings.cs:844)
Google.ProjectSettings:SetBool (string,bool,Google.SettingsLocation) (at /Users/amaurice/Documents/GitHub/unity-jar-resolver/source/VersionHandlerImpl/src/ProjectSettings.cs:485)
Google.ProjectSettings:SetBool (string,bool) (at /Users/amaurice/Documents/GitHub/unity-jar-resolver/source/VersionHandlerImpl/src/ProjectSettings.cs:497)
Google.IOSResolver:set_VerboseLoggingEnabled (bool) (at /Users/amaurice/Documents/GitHub/unity-jar-resolver/source/IOSResolver/src/IOSResolver.cs:1041)
Google.IOSResolver:.cctor () (at /Users/amaurice/Documents/GitHub/unity-jar-resolver/source/IOSResolver/src/IOSResolver.cs:727)
System.Runtime.CompilerServices.RuntimeHelpers:RunClassConstructor (System.RuntimeTypeHandle)
UnityEditor.EditorAssemblies:ProcessInitializeOnLoadAttributes (System.Type[])

(Filename: /Users/amaurice/Documents/GitHub/unity-jar-resolver/source/VersionHandlerImpl/src/ProjectSettings.cs Line: 844)

Mono: successfully reloaded assembly
- Finished resetting the current domain, in 13.048 seconds
Domain Reload Profiling: 17350ms
	BeginReloadAssembly (260ms)
		ExecutionOrderSort (0ms)
		DisableScriptedObjects (10ms)
		BackupInstance (0ms)
		ReleaseScriptingObjects (0ms)
		CreateAndSetChildDomain (86ms)
	RebuildCommonClasses (136ms)
	RebuildNativeTypeToScriptingClass (10ms)
	initialDomainReloadingComplete (38ms)
	LoadAllAssembliesAndSetupDomain (3858ms)
		LoadAssemblies (3927ms)
		RebuildTransferFunctionScriptingTraits (0ms)
		AnalyzeDomain (64ms)
			TypeCache.Refresh (26ms)
				TypeCache.ScanAssembly (10ms)
			ScanForSourceGeneratedMonoScriptInfo (24ms)
			ResolveRequiredComponents (12ms)
	FinalizeReload (13048ms)
		ReleaseScriptCaches (0ms)
		RebuildScriptCaches (0ms)
		SetupLoadedEditorAssemblies (996ms)
			LogAssemblyErrors (0ms)
			InitializePlatformSupportModulesInManaged (26ms)
			SetLoadedEditorAssemblies (3ms)
			RefreshPlugins (0ms)
			BeforeProcessingInitializeOnLoad (59ms)
			ProcessInitializeOnLoadAttributes (595ms)
			ProcessInitializeOnLoadMethodAttributes (309ms)
			AfterProcessingInitializeOnLoad (4ms)
			EditorAssembliesLoaded (0ms)
		ExecutionOrderSort2 (0ms)
		AwakeInstancesAfterBackupRestoration (9ms)
OnLevelWasLoaded was found on Reporter
This message has been deprecated and will be removed in a later version of Unity.
Add a delegate to SceneManager.sceneLoaded instead to get notifications after scene loading has completed
OnLevelWasLoaded was found on BoxController
This message has been deprecated and will be removed in a later version of Unity.
Add a delegate to SceneManager.sceneLoaded instead to get notifications after scene loading has completed
OnLevelWasLoaded was found on AdmobAds
This message has been deprecated and will be removed in a later version of Unity.
Add a delegate to SceneManager.sceneLoaded instead to get notifications after scene loading has completed
Refreshing native plugins compatible for Editor in 11.24 ms, found 10 plugins.
Preloading 0 native plugins for Editor in 0.00 ms.
Unloading 7065 Unused Serialized files (Serialized files now loaded: 0)
Unloading 337 unused Assets / (2.0 MB). Loaded Objects now: 8037.
Memory consumption went from 267.5 MB to 265.5 MB.
Total: 17.375600 ms (FindLiveObjects: 0.577000 ms CreateObjectMapping: 0.280200 ms MarkObjects: 14.924700 ms  DeleteObjects: 1.591500 ms)

Prepare: number of updated asset objects reloaded= 0
AssetImportParameters requested are different than current active one (requested -> active):
  custom:container-demuxer-ogg: 62fdf1f143b41e24485cea50d1cbac27 -> 
  custom:framework-win-MediaFoundation: 216162199b28c13a410421893ffa2e32 -> 
  custom:container-muxer-webm: aa71ff27fc2769a1b78a27578f13a17b -> 
  custom:video-decoder-webm-vp8: 9c59270c3fd7afecdb556c50c9e8de78 -> 
  custom:SearchIndexIgnoredProperties: e643bd26f0fe6173181afceb89e7c659 -> 
  custom:AudioImporter_EditorPlatform: d09bf68614088b80899f8185d706f6e7 -> 
  custom:audio-decoder-ogg-vorbis: bf7c407c2cedff20999df2af8eb42d56 -> 
  custom:audio-encoder-webm-vorbis: bf7c407c2cedff20999df2af8eb42d56 -> 
  custom:video-decoder-ogg-theora: a1e56fd34408186e4bbccfd4996cb3dc -> 
  custom:CustomObjectIndexerAttribute: 62b5816608c3102f162a1797e29626cf -> 
  custom:container-demuxer-webm: 4f35f7cbe854078d1ac9338744f61a02 -> 
  custom:video-encoder-webm-vp8: eb34c28f22e8b96e1ab97ce403110664 -> 
========================================================================
Received Import Request.
  Time since last request: 4568.035755 seconds.
  path: Assets/com.unity.uiextensions/Runtime/Scripts/Layout/ContentScrollSnapHorizontal.cs
  artifactKey: Guid(6b5e39a5eb1058947a287d21183b661c) Importer(815301076,1909f56bfc062723c751e8b465ee728b)
Start importing Assets/com.unity.uiextensions/Runtime/Scripts/Layout/ContentScrollSnapHorizontal.cs using Guid(6b5e39a5eb1058947a287d21183b661c) Importer(815301076,1909f56bfc062723c751e8b465ee728b)  -> (artifact id: '05118a0b01ceadf1b3f96785ab08dee2') in 0.002127 seconds
Number of updated asset objects reloaded before import = 0
Number of asset objects unloaded after import = 0
========================================================================
Received Prepare
Begin MonoManager ReloadAssembly
Symbol file LoadedFromMemory is not a mono symbol file
- Loaded All Assemblies, in  2.081 seconds
Refreshing native plugins compatible for Editor in 44.05 ms, found 10 plugins.
Native extension for WindowsStandalone target not found
Native extension for iOS target not found
Native extension for Android target not found
[Package Manager] Server::EnsureServerProcessIsRunning -- launch failed, reason: Unity was launched with the -noUpm command-line argument
[Package Manager] UpmClient::Send -- Unable to send message (not connected to UPM process).
[Package Manager] Cannot connect to Unity Package Manager local server
System.IO.IOException: Sharing violation on path D:\UnityProject\BonceMonney\ProjectSettings\GvhProjectSettings.xml
  at System.IO.FileStream..ctor (System.String path, System.IO.FileMode mode, System.IO.FileAccess access, System.IO.FileShare share, System.Int32 bufferSize, System.Boolean anonymous, System.IO.FileOptions options) [0x0019e] in <dc753a1061284f8e971ee88ee4826eee>:0 
  at System.IO.FileStream..ctor (System.String path, System.IO.FileMode mode, System.IO.FileAccess access, System.IO.FileShare share, System.Int32 bufferSize, System.IO.FileOptions options) [0x00000] in <dc753a1061284f8e971ee88ee4826eee>:0 
  at (wrapper remoting-invoke-with-check) System.IO.FileStream..ctor(string,System.IO.FileMode,System.IO.FileAccess,System.IO.FileShare,int,System.IO.FileOptions)
  at System.IO.StreamReader..ctor (System.String path, System.Text.Encoding encoding, System.Boolean detectEncodingFromByteOrderMarks, System.Int32 bufferSize) [0x00055] in <dc753a1061284f8e971ee88ee4826eee>:0 
  at System.IO.StreamReader..ctor (System.String path, System.Boolean detectEncodingFromByteOrderMarks) [0x00007] in <dc753a1061284f8e971ee88ee4826eee>:0 
  at System.IO.StreamReader..ctor (System.String path) [0x00000] in <dc753a1061284f8e971ee88ee4826eee>:0 
  at (wrapper remoting-invoke-with-check) System.IO.StreamReader..ctor(string)
  at Google.XmlUtilities.ParseXmlTextFileElements (System.String filename, Google.Logger logger, Google.XmlUtilities+ParseElement parseElement) [0x00018] in /Users/amaurice/Documents/GitHub/unity-jar-resolver/source/VersionHandlerImpl/src/XmlUtilities.cs:104 
  at Google.ProjectSettings.Load () [0x00016] in /Users/amaurice/Documents/GitHub/unity-jar-resolver/source/VersionHandlerImpl/src/ProjectSettings.cs:777 
  at Google.ProjectSettings.LoadIfEmpty () [0x00023] in /Users/amaurice/Documents/GitHub/unity-jar-resolver/source/VersionHandlerImpl/src/ProjectSettings.cs:558 
  at Google.ProjectSettings.GetBool (System.String name, System.Boolean defaultValue, Google.SettingsLocation location) [0x00035] in /Users/amaurice/Documents/GitHub/unity-jar-resolver/source/VersionHandlerImpl/src/ProjectSettings.cs:606 
  at Google.ProjectSettings.GetBool (System.String name, System.Boolean defaultValue) [0x00001] in /Users/amaurice/Documents/GitHub/unity-jar-resolver/source/VersionHandlerImpl/src/ProjectSettings.cs:619 
  at Google.IOSResolver.get_VerboseLoggingEnabled () [0x00001] in /Users/amaurice/Documents/GitHub/unity-jar-resolver/source/IOSResolver/src/IOSResolver.cs:1039 
  at Google.IOSResolver..cctor () [0x00223] in /Users/amaurice/Documents/GitHub/unity-jar-resolver/source/IOSResolver/src/IOSResolver.cs:727 
UnityEngine.StackTraceUtility:ExtractStackTrace ()
UnityEngine.DebugLogHandler:LogFormat (UnityEngine.LogType,UnityEngine.Object,string,object[])
UnityEngine.Logger:Log (UnityEngine.LogType,object)
UnityEngine.Debug:LogError (object)
UnityEditor.EditorAssemblies:ProcessInitializeOnLoadAttributes (System.Type[])

Mono: successfully reloaded assembly
- Finished resetting the current domain, in 27.975 seconds
Domain Reload Profiling: 30055ms
	BeginReloadAssembly (342ms)
		ExecutionOrderSort (0ms)
		DisableScriptedObjects (10ms)
		BackupInstance (0ms)
		ReleaseScriptingObjects (0ms)
		CreateAndSetChildDomain (115ms)
	RebuildCommonClasses (73ms)
	RebuildNativeTypeToScriptingClass (12ms)
	initialDomainReloadingComplete (55ms)
	LoadAllAssembliesAndSetupDomain (1597ms)
		LoadAssemblies (1541ms)
		RebuildTransferFunctionScriptingTraits (0ms)
		AnalyzeDomain (227ms)
			TypeCache.Refresh (83ms)
				TypeCache.ScanAssembly (37ms)
			ScanForSourceGeneratedMonoScriptInfo (90ms)
			ResolveRequiredComponents (44ms)
	FinalizeReload (27977ms)
		ReleaseScriptCaches (0ms)
		RebuildScriptCaches (0ms)
		SetupLoadedEditorAssemblies (2135ms)
			LogAssemblyErrors (0ms)
			InitializePlatformSupportModulesInManaged (36ms)
			SetLoadedEditorAssemblies (5ms)
			RefreshPlugins (0ms)
			BeforeProcessingInitializeOnLoad (89ms)
			ProcessInitializeOnLoadAttributes (1292ms)
			ProcessInitializeOnLoadMethodAttributes (699ms)
			AfterProcessingInitializeOnLoad (11ms)
			EditorAssembliesLoaded (3ms)
		ExecutionOrderSort2 (0ms)
		AwakeInstancesAfterBackupRestoration (22ms)
OnLevelWasLoaded was found on Reporter
This message has been deprecated and will be removed in a later version of Unity.
Add a delegate to SceneManager.sceneLoaded instead to get notifications after scene loading has completed
OnLevelWasLoaded was found on BoxController
This message has been deprecated and will be removed in a later version of Unity.
Add a delegate to SceneManager.sceneLoaded instead to get notifications after scene loading has completed
OnLevelWasLoaded was found on AdmobAds
This message has been deprecated and will be removed in a later version of Unity.
Add a delegate to SceneManager.sceneLoaded instead to get notifications after scene loading has completed
Refreshing native plugins compatible for Editor in 11.86 ms, found 10 plugins.
Preloading 0 native plugins for Editor in 0.00 ms.
Unloading 7065 Unused Serialized files (Serialized files now loaded: 0)
Unloading 337 unused Assets / (1.9 MB). Loaded Objects now: 8073.
Memory consumption went from 269.4 MB to 267.5 MB.
Total: 31.126100 ms (FindLiveObjects: 0.592300 ms CreateObjectMapping: 0.386600 ms MarkObjects: 26.964300 ms  DeleteObjects: 3.180100 ms)

Prepare: number of updated asset objects reloaded= 0
AssetImportParameters requested are different than current active one (requested -> active):
  custom:container-demuxer-ogg: 62fdf1f143b41e24485cea50d1cbac27 -> 
  custom:framework-win-MediaFoundation: 216162199b28c13a410421893ffa2e32 -> 
  custom:container-muxer-webm: aa71ff27fc2769a1b78a27578f13a17b -> 
  custom:video-decoder-webm-vp8: 9c59270c3fd7afecdb556c50c9e8de78 -> 
  custom:SearchIndexIgnoredProperties: e643bd26f0fe6173181afceb89e7c659 -> 
  custom:AudioImporter_EditorPlatform: d09bf68614088b80899f8185d706f6e7 -> 
  custom:audio-decoder-ogg-vorbis: bf7c407c2cedff20999df2af8eb42d56 -> 
  custom:audio-encoder-webm-vorbis: bf7c407c2cedff20999df2af8eb42d56 -> 
  custom:video-decoder-ogg-theora: a1e56fd34408186e4bbccfd4996cb3dc -> 
  custom:CustomObjectIndexerAttribute: 62b5816608c3102f162a1797e29626cf -> 
  custom:container-demuxer-webm: 4f35f7cbe854078d1ac9338744f61a02 -> 
  custom:video-encoder-webm-vp8: eb34c28f22e8b96e1ab97ce403110664 -> 
========================================================================
Received Import Request.
  Time since last request: 2731.989496 seconds.
  path: Assets/Base/00_BaseCode/Scripts/Controllers/GamePlayController/PlayerContain.cs
  artifactKey: Guid(0f662ae7113eed64abd3706d29793eb0) Importer(815301076,1909f56bfc062723c751e8b465ee728b)
Start importing Assets/Base/00_BaseCode/Scripts/Controllers/GamePlayController/PlayerContain.cs using Guid(0f662ae7113eed64abd3706d29793eb0) Importer(815301076,1909f56bfc062723c751e8b465ee728b)  -> (artifact id: '34e1bf90df82d2dd0da6fca8b3a13f9e') in 0.011108 seconds
Number of updated asset objects reloaded before import = 0
Number of asset objects unloaded after import = 0
========================================================================
Received Import Request.
  Time since last request: 0.010446 seconds.
  path: Assets/Base/00_BaseCode/Scripts/Controllers/GamePlayController/GameScene.cs
  artifactKey: Guid(8bec22d7b5195df42bc9cd66f7e6a267) Importer(815301076,1909f56bfc062723c751e8b465ee728b)
Start importing Assets/Base/00_BaseCode/Scripts/Controllers/GamePlayController/GameScene.cs using Guid(8bec22d7b5195df42bc9cd66f7e6a267) Importer(815301076,1909f56bfc062723c751e8b465ee728b)  -> (artifact id: '959bf42b672d066f7ec36c7c601909f8') in 0.000979 seconds
Number of updated asset objects reloaded before import = 0
Number of asset objects unloaded after import = 0
========================================================================
Received Import Request.
  Time since last request: 0.536204 seconds.
  path: Assets/Base/00_BaseCode/Scripts/Controllers/GamePlayController/ComboSystem.cs
  artifactKey: Guid(ed15e127b2d322140a1554be61d6f8ee) Importer(815301076,1909f56bfc062723c751e8b465ee728b)
Start importing Assets/Base/00_BaseCode/Scripts/Controllers/GamePlayController/ComboSystem.cs using Guid(ed15e127b2d322140a1554be61d6f8ee) Importer(815301076,1909f56bfc062723c751e8b465ee728b)  -> (artifact id: '3bd469300c83eda0db501d27719b3b01') in 0.000845 seconds
Number of updated asset objects reloaded before import = 0
Number of asset objects unloaded after import = 0
========================================================================
Received Import Request.
  Time since last request: 7.437637 seconds.
  path: Assets/GrassPuzzle_01/Script/LevelData.cs
  artifactKey: Guid(717169961eff2d54bb707d63932cacb3) Importer(815301076,1909f56bfc062723c751e8b465ee728b)
Start importing Assets/GrassPuzzle_01/Script/LevelData.cs using Guid(717169961eff2d54bb707d63932cacb3) Importer(815301076,1909f56bfc062723c751e8b465ee728b)  -> (artifact id: '184c95b890d834f86dee40cc290dc00d') in 0.004238 seconds
Number of updated asset objects reloaded before import = 0
Number of asset objects unloaded after import = 0
========================================================================
Received Import Request.
  Time since last request: 1.722518 seconds.
  path: Assets/Base/00_BaseCode/Scripts/Datas/LevelDataForUI.cs
  artifactKey: Guid(8cb1162dcf600c3428efb8ab065b9ad8) Importer(815301076,1909f56bfc062723c751e8b465ee728b)
Start importing Assets/Base/00_BaseCode/Scripts/Datas/LevelDataForUI.cs using Guid(8cb1162dcf600c3428efb8ab065b9ad8) Importer(815301076,1909f56bfc062723c751e8b465ee728b)  -> (artifact id: 'fc239af007e927ad2c66e209044133b7') in 0.003738 seconds
Number of updated asset objects reloaded before import = 0
Number of asset objects unloaded after import = 0
========================================================================
Received Prepare
Begin MonoManager ReloadAssembly
Symbol file LoadedFromMemory is not a mono symbol file
- Loaded All Assemblies, in  0.817 seconds
Refreshing native plugins compatible for Editor in 14.47 ms, found 10 plugins.
Native extension for WindowsStandalone target not found
Native extension for iOS target not found
Native extension for Android target not found
[Package Manager] Server::EnsureServerProcessIsRunning -- launch failed, reason: Unity was launched with the -noUpm command-line argument
[Package Manager] UpmClient::Send -- Unable to send message (not connected to UPM process).
[Package Manager] Cannot connect to Unity Package Manager local server
Debug [AppLovin MAX] Deleting obsolete network AdColony from path Assets\MaxSdk/Mediation/AdColony...
UnityEngine.StackTraceUtility:ExtractStackTrace ()
UnityEngine.DebugLogHandler:LogFormat (UnityEngine.LogType,UnityEngine.Object,string,object[])
UnityEngine.Logger:Log (UnityEngine.LogType,object)
UnityEngine.Debug:Log (object)
MaxSdkLogger:UserDebug (string) (at Assets/MaxSdk/Scripts/MaxSdkLogger.cs:13)
AppLovinMax.Scripts.IntegrationManager.Editor.AppLovinInitialize:.cctor () (at Assets/MaxSdk/Scripts/IntegrationManager/Editor/AppLovinInitialize.cs:118)
System.Runtime.CompilerServices.RuntimeHelpers:RunClassConstructor (System.RuntimeTypeHandle)
UnityEditor.EditorAssemblies:ProcessInitializeOnLoadAttributes (System.Type[])

(Filename: Assets/MaxSdk/Scripts/MaxSdkLogger.cs Line: 13)

Debug [AppLovin MAX] AppLovin MAX Migration completed
UnityEngine.StackTraceUtility:ExtractStackTrace ()
UnityEngine.DebugLogHandler:LogFormat (UnityEngine.LogType,UnityEngine.Object,string,object[])
UnityEngine.Logger:Log (UnityEngine.LogType,object)
UnityEngine.Debug:Log (object)
MaxSdkLogger:UserDebug (string) (at Assets/MaxSdk/Scripts/MaxSdkLogger.cs:13)
AppLovinMax.Scripts.IntegrationManager.Editor.AppLovinInitialize:.cctor () (at Assets/MaxSdk/Scripts/IntegrationManager/Editor/AppLovinInitialize.cs:128)
System.Runtime.CompilerServices.RuntimeHelpers:RunClassConstructor (System.RuntimeTypeHandle)
UnityEditor.EditorAssemblies:ProcessInitializeOnLoadAttributes (System.Type[])

(Filename: Assets/MaxSdk/Scripts/MaxSdkLogger.cs Line: 13)

Mono: successfully reloaded assembly
- Finished resetting the current domain, in  2.268 seconds
Domain Reload Profiling: 3084ms
	BeginReloadAssembly (233ms)
		ExecutionOrderSort (0ms)
		DisableScriptedObjects (13ms)
		BackupInstance (0ms)
		ReleaseScriptingObjects (0ms)
		CreateAndSetChildDomain (66ms)
	RebuildCommonClasses (51ms)
	RebuildNativeTypeToScriptingClass (15ms)
	initialDomainReloadingComplete (38ms)
	LoadAllAssembliesAndSetupDomain (478ms)
		LoadAssemblies (527ms)
		RebuildTransferFunctionScriptingTraits (0ms)
		AnalyzeDomain (74ms)
			TypeCache.Refresh (33ms)
				TypeCache.ScanAssembly (12ms)
			ScanForSourceGeneratedMonoScriptInfo (26ms)
			ResolveRequiredComponents (13ms)
	FinalizeReload (2269ms)
		ReleaseScriptCaches (0ms)
		RebuildScriptCaches (0ms)
		SetupLoadedEditorAssemblies (989ms)
			LogAssemblyErrors (0ms)
			InitializePlatformSupportModulesInManaged (28ms)
			SetLoadedEditorAssemblies (3ms)
			RefreshPlugins (0ms)
			BeforeProcessingInitializeOnLoad (63ms)
			ProcessInitializeOnLoadAttributes (505ms)
			ProcessInitializeOnLoadMethodAttributes (384ms)
			AfterProcessingInitializeOnLoad (5ms)
			EditorAssembliesLoaded (1ms)
		ExecutionOrderSort2 (0ms)
		AwakeInstancesAfterBackupRestoration (14ms)
OnLevelWasLoaded was found on Reporter
This message has been deprecated and will be removed in a later version of Unity.
Add a delegate to SceneManager.sceneLoaded instead to get notifications after scene loading has completed
OnLevelWasLoaded was found on BoxController
This message has been deprecated and will be removed in a later version of Unity.
Add a delegate to SceneManager.sceneLoaded instead to get notifications after scene loading has completed
OnLevelWasLoaded was found on AdmobAds
This message has been deprecated and will be removed in a later version of Unity.
Add a delegate to SceneManager.sceneLoaded instead to get notifications after scene loading has completed
Refreshing native plugins compatible for Editor in 11.17 ms, found 10 plugins.
Preloading 0 native plugins for Editor in 0.00 ms.
Unloading 7065 Unused Serialized files (Serialized files now loaded: 0)
Unloading 337 unused Assets / (1.9 MB). Loaded Objects now: 8109.
Memory consumption went from 271.4 MB to 269.5 MB.
Total: 19.634200 ms (FindLiveObjects: 0.598600 ms CreateObjectMapping: 0.263400 ms MarkObjects: 16.435400 ms  DeleteObjects: 2.335900 ms)

Prepare: number of updated asset objects reloaded= 0
AssetImportParameters requested are different than current active one (requested -> active):
  custom:container-demuxer-ogg: 62fdf1f143b41e24485cea50d1cbac27 -> 
  custom:framework-win-MediaFoundation: 216162199b28c13a410421893ffa2e32 -> 
  custom:container-muxer-webm: aa71ff27fc2769a1b78a27578f13a17b -> 
  custom:video-decoder-webm-vp8: 9c59270c3fd7afecdb556c50c9e8de78 -> 
  custom:SearchIndexIgnoredProperties: e643bd26f0fe6173181afceb89e7c659 -> 
  custom:AudioImporter_EditorPlatform: d09bf68614088b80899f8185d706f6e7 -> 
  custom:audio-decoder-ogg-vorbis: bf7c407c2cedff20999df2af8eb42d56 -> 
  custom:audio-encoder-webm-vorbis: bf7c407c2cedff20999df2af8eb42d56 -> 
  custom:video-decoder-ogg-theora: a1e56fd34408186e4bbccfd4996cb3dc -> 
  custom:CustomObjectIndexerAttribute: 62b5816608c3102f162a1797e29626cf -> 
  custom:container-demuxer-webm: 4f35f7cbe854078d1ac9338744f61a02 -> 
  custom:video-encoder-webm-vp8: eb34c28f22e8b96e1ab97ce403110664 -> 
========================================================================
Received Import Request.
  Time since last request: 109.102972 seconds.
  path: Assets/GrassPuzzle_01/Script/LevelData.cs
  artifactKey: Guid(717169961eff2d54bb707d63932cacb3) Importer(815301076,1909f56bfc062723c751e8b465ee728b)
Start importing Assets/GrassPuzzle_01/Script/LevelData.cs using Guid(717169961eff2d54bb707d63932cacb3) Importer(815301076,1909f56bfc062723c751e8b465ee728b)  -> (artifact id: 'f1a09bccd4f71644c7e71f6a57bd269f') in 0.003133 seconds
Number of updated asset objects reloaded before import = 0
Number of asset objects unloaded after import = 0
========================================================================
Received Import Request.
  Time since last request: 2.720526 seconds.
  path: Assets/GrassPuzzle_01/Script/BlockBase.cs
  artifactKey: Guid(17768988d974e1a4cbec4e9d301fa88d) Importer(815301076,1909f56bfc062723c751e8b465ee728b)
Start importing Assets/GrassPuzzle_01/Script/BlockBase.cs using Guid(17768988d974e1a4cbec4e9d301fa88d) Importer(815301076,1909f56bfc062723c751e8b465ee728b)  -> (artifact id: '2e9e134744a81aa8551991f4f440dde4') in 0.000411 seconds
Number of updated asset objects reloaded before import = 0
Number of asset objects unloaded after import = 0
========================================================================
Received Import Request.
  Time since last request: 15.532639 seconds.
  path: Assets/GrassPuzzle_01/Script/BlockController.cs
  artifactKey: Guid(2fd50ab728917164fb2fa601069c4198) Importer(815301076,1909f56bfc062723c751e8b465ee728b)
Start importing Assets/GrassPuzzle_01/Script/BlockController.cs using Guid(2fd50ab728917164fb2fa601069c4198) Importer(815301076,1909f56bfc062723c751e8b465ee728b)  -> (artifact id: '078d4f22e77dd35be401c1861897c5be') in 0.000668 seconds
Number of updated asset objects reloaded before import = 0
Number of asset objects unloaded after import = 0
========================================================================
Received Prepare
Begin MonoManager ReloadAssembly
Symbol file LoadedFromMemory is not a mono symbol file
- Loaded All Assemblies, in  1.939 seconds
Refreshing native plugins compatible for Editor in 18.67 ms, found 10 plugins.
Native extension for WindowsStandalone target not found
Native extension for iOS target not found
Native extension for Android target not found
[Package Manager] Server::EnsureServerProcessIsRunning -- launch failed, reason: Unity was launched with the -noUpm command-line argument
[Package Manager] UpmClient::Send -- Unable to send message (not connected to UPM process).
[Package Manager] Cannot connect to Unity Package Manager local server
Debug [AppLovin MAX] Deleting obsolete network AdColony from path Assets\MaxSdk/Mediation/AdColony...
UnityEngine.StackTraceUtility:ExtractStackTrace ()
UnityEngine.DebugLogHandler:LogFormat (UnityEngine.LogType,UnityEngine.Object,string,object[])
UnityEngine.Logger:Log (UnityEngine.LogType,object)
UnityEngine.Debug:Log (object)
MaxSdkLogger:UserDebug (string) (at Assets/MaxSdk/Scripts/MaxSdkLogger.cs:13)
AppLovinMax.Scripts.IntegrationManager.Editor.AppLovinInitialize:.cctor () (at Assets/MaxSdk/Scripts/IntegrationManager/Editor/AppLovinInitialize.cs:118)
System.Runtime.CompilerServices.RuntimeHelpers:RunClassConstructor (System.RuntimeTypeHandle)
UnityEditor.EditorAssemblies:ProcessInitializeOnLoadAttributes (System.Type[])

(Filename: Assets/MaxSdk/Scripts/MaxSdkLogger.cs Line: 13)

Debug [AppLovin MAX] AppLovin MAX Migration completed
UnityEngine.StackTraceUtility:ExtractStackTrace ()
UnityEngine.DebugLogHandler:LogFormat (UnityEngine.LogType,UnityEngine.Object,string,object[])
UnityEngine.Logger:Log (UnityEngine.LogType,object)
UnityEngine.Debug:Log (object)
MaxSdkLogger:UserDebug (string) (at Assets/MaxSdk/Scripts/MaxSdkLogger.cs:13)
AppLovinMax.Scripts.IntegrationManager.Editor.AppLovinInitialize:.cctor () (at Assets/MaxSdk/Scripts/IntegrationManager/Editor/AppLovinInitialize.cs:128)
System.Runtime.CompilerServices.RuntimeHelpers:RunClassConstructor (System.RuntimeTypeHandle)
UnityEditor.EditorAssemblies:ProcessInitializeOnLoadAttributes (System.Type[])

(Filename: Assets/MaxSdk/Scripts/MaxSdkLogger.cs Line: 13)

Mono: successfully reloaded assembly
- Finished resetting the current domain, in 29.559 seconds
Domain Reload Profiling: 31486ms
	BeginReloadAssembly (474ms)
		ExecutionOrderSort (0ms)
		DisableScriptedObjects (22ms)
		BackupInstance (0ms)
		ReleaseScriptingObjects (0ms)
		CreateAndSetChildDomain (272ms)
	RebuildCommonClasses (68ms)
	RebuildNativeTypeToScriptingClass (11ms)
	initialDomainReloadingComplete (66ms)
	LoadAllAssembliesAndSetupDomain (1307ms)
		LoadAssemblies (1358ms)
		RebuildTransferFunctionScriptingTraits (0ms)
		AnalyzeDomain (90ms)
			TypeCache.Refresh (44ms)
				TypeCache.ScanAssembly (15ms)
			ScanForSourceGeneratedMonoScriptInfo (26ms)
			ResolveRequiredComponents (14ms)
	FinalizeReload (29559ms)
		ReleaseScriptCaches (0ms)
		RebuildScriptCaches (0ms)
		SetupLoadedEditorAssemblies (1059ms)
			LogAssemblyErrors (0ms)
			InitializePlatformSupportModulesInManaged (31ms)
			SetLoadedEditorAssemblies (3ms)
			RefreshPlugins (0ms)
			BeforeProcessingInitializeOnLoad (79ms)
			ProcessInitializeOnLoadAttributes (629ms)
			ProcessInitializeOnLoadMethodAttributes (312ms)
			AfterProcessingInitializeOnLoad (4ms)
			EditorAssembliesLoaded (0ms)
		ExecutionOrderSort2 (0ms)
		AwakeInstancesAfterBackupRestoration (8ms)
OnLevelWasLoaded was found on Reporter
This message has been deprecated and will be removed in a later version of Unity.
Add a delegate to SceneManager.sceneLoaded instead to get notifications after scene loading has completed
OnLevelWasLoaded was found on BoxController
This message has been deprecated and will be removed in a later version of Unity.
Add a delegate to SceneManager.sceneLoaded instead to get notifications after scene loading has completed
OnLevelWasLoaded was found on AdmobAds
This message has been deprecated and will be removed in a later version of Unity.
Add a delegate to SceneManager.sceneLoaded instead to get notifications after scene loading has completed
Refreshing native plugins compatible for Editor in 12.07 ms, found 10 plugins.
Preloading 0 native plugins for Editor in 0.00 ms.
Unloading 7066 Unused Serialized files (Serialized files now loaded: 0)
Unloading 337 unused Assets / (2.0 MB). Loaded Objects now: 8146.
Memory consumption went from 273.5 MB to 271.5 MB.
Total: 18.736200 ms (FindLiveObjects: 0.805600 ms CreateObjectMapping: 0.266300 ms MarkObjects: 15.928700 ms  DeleteObjects: 1.734000 ms)

Prepare: number of updated asset objects reloaded= 0
AssetImportParameters requested are different than current active one (requested -> active):
  custom:container-demuxer-ogg: 62fdf1f143b41e24485cea50d1cbac27 -> 
  custom:framework-win-MediaFoundation: 216162199b28c13a410421893ffa2e32 -> 
  custom:container-muxer-webm: aa71ff27fc2769a1b78a27578f13a17b -> 
  custom:video-decoder-webm-vp8: 9c59270c3fd7afecdb556c50c9e8de78 -> 
  custom:SearchIndexIgnoredProperties: e643bd26f0fe6173181afceb89e7c659 -> 
  custom:AudioImporter_EditorPlatform: d09bf68614088b80899f8185d706f6e7 -> 
  custom:audio-decoder-ogg-vorbis: bf7c407c2cedff20999df2af8eb42d56 -> 
  custom:audio-encoder-webm-vorbis: bf7c407c2cedff20999df2af8eb42d56 -> 
  custom:video-decoder-ogg-theora: a1e56fd34408186e4bbccfd4996cb3dc -> 
  custom:CustomObjectIndexerAttribute: 62b5816608c3102f162a1797e29626cf -> 
  custom:container-demuxer-webm: 4f35f7cbe854078d1ac9338744f61a02 -> 
  custom:video-encoder-webm-vp8: eb34c28f22e8b96e1ab97ce403110664 -> 
========================================================================
Received Import Request.
  Time since last request: 1901.353932 seconds.
  path: Assets/Base/00_BaseCode/Scripts/Controllers/GamePlayController/CameraScale.cs
  artifactKey: Guid(52ff9e4316e370948bf8fbb7ae0de6fd) Importer(815301076,1909f56bfc062723c751e8b465ee728b)
Start importing Assets/Base/00_BaseCode/Scripts/Controllers/GamePlayController/CameraScale.cs using Guid(52ff9e4316e370948bf8fbb7ae0de6fd) Importer(815301076,1909f56bfc062723c751e8b465ee728b)  -> (artifact id: '38201f0b52daeaf67a8ff0312479fc30') in 0.019601 seconds
Number of updated asset objects reloaded before import = 0
Number of asset objects unloaded after import = 0
========================================================================
Received Prepare
Begin MonoManager ReloadAssembly
Symbol file LoadedFromMemory is not a mono symbol file
- Loaded All Assemblies, in  1.867 seconds
Refreshing native plugins compatible for Editor in 10.60 ms, found 10 plugins.
Native extension for WindowsStandalone target not found
Native extension for iOS target not found
Native extension for Android target not found
[Package Manager] Server::EnsureServerProcessIsRunning -- launch failed, reason: Unity was launched with the -noUpm command-line argument
[Package Manager] UpmClient::Send -- Unable to send message (not connected to UPM process).
[Package Manager] Cannot connect to Unity Package Manager local server
Debug [AppLovin MAX] Deleting obsolete network AdColony from path Assets\MaxSdk/Mediation/AdColony...
UnityEngine.StackTraceUtility:ExtractStackTrace ()
UnityEngine.DebugLogHandler:LogFormat (UnityEngine.LogType,UnityEngine.Object,string,object[])
UnityEngine.Logger:Log (UnityEngine.LogType,object)
UnityEngine.Debug:Log (object)
MaxSdkLogger:UserDebug (string) (at Assets/MaxSdk/Scripts/MaxSdkLogger.cs:13)
AppLovinMax.Scripts.IntegrationManager.Editor.AppLovinInitialize:.cctor () (at Assets/MaxSdk/Scripts/IntegrationManager/Editor/AppLovinInitialize.cs:118)
System.Runtime.CompilerServices.RuntimeHelpers:RunClassConstructor (System.RuntimeTypeHandle)
UnityEditor.EditorAssemblies:ProcessInitializeOnLoadAttributes (System.Type[])

(Filename: Assets/MaxSdk/Scripts/MaxSdkLogger.cs Line: 13)

Debug [AppLovin MAX] AppLovin MAX Migration completed
UnityEngine.StackTraceUtility:ExtractStackTrace ()
UnityEngine.DebugLogHandler:LogFormat (UnityEngine.LogType,UnityEngine.Object,string,object[])
UnityEngine.Logger:Log (UnityEngine.LogType,object)
UnityEngine.Debug:Log (object)
MaxSdkLogger:UserDebug (string) (at Assets/MaxSdk/Scripts/MaxSdkLogger.cs:13)
AppLovinMax.Scripts.IntegrationManager.Editor.AppLovinInitialize:.cctor () (at Assets/MaxSdk/Scripts/IntegrationManager/Editor/AppLovinInitialize.cs:128)
System.Runtime.CompilerServices.RuntimeHelpers:RunClassConstructor (System.RuntimeTypeHandle)
UnityEditor.EditorAssemblies:ProcessInitializeOnLoadAttributes (System.Type[])

(Filename: Assets/MaxSdk/Scripts/MaxSdkLogger.cs Line: 13)

Unable to write to 'ProjectSettings\GvhProjectSettings.xml' (System.IO.IOException: Sharing violation on path D:\UnityProject\BonceMonney\ProjectSettings\GvhProjectSettings.xml
  at System.IO.FileStream..ctor (System.String path, System.IO.FileMode mode, System.IO.FileAccess access, System.IO.FileShare share, System.Int32 bufferSize, System.Boolean anonymous, System.IO.FileOptions options) [0x0019e] in <dc753a1061284f8e971ee88ee4826eee>:0 
  at System.IO.FileStream..ctor (System.String path, System.IO.FileMode mode, System.IO.FileAccess access, System.IO.FileShare share, System.Int32 bufferSize, System.IO.FileOptions options) [0x00000] in <dc753a1061284f8e971ee88ee4826eee>:0 
  at System.IO.FileStream..ctor (System.String path, System.IO.FileMode mode, System.IO.FileAccess access, System.IO.FileShare share, System.Int32 bufferSize, System.Boolean useAsync) [0x00000] in <dc753a1061284f8e971ee88ee4826eee>:0 
  at (wrapper remoting-invoke-with-check) System.IO.FileStream..ctor(string,System.IO.FileMode,System.IO.FileAccess,System.IO.FileShare,int,bool)
  at System.Xml.XmlWriterSettings.CreateWriter (System.String outputFileName) [0x00051] in <ae5badc4ec594809bfbe24220ad62e9b>:0 
  at System.Xml.XmlWriter.Create (System.String outputFileName, System.Xml.XmlWriterSettings settings) [0x0000a] in <ae5badc4ec594809bfbe24220ad62e9b>:0 
  at Google.ProjectSettings.Save () [0x00079] in /Users/amaurice/Documents/GitHub/unity-jar-resolver/source/VersionHandlerImpl/src/ProjectSettings.cs:821 , Project settings were not saved!
UnityEngine.StackTraceUtility:ExtractStackTrace ()
UnityEngine.DebugLogHandler:LogFormat (UnityEngine.LogType,UnityEngine.Object,string,object[])
UnityEngine.Logger:Log (UnityEngine.LogType,object)
UnityEngine.Debug:LogError (object)
Google.Logger:Log (string,Google.LogLevel) (at /Users/amaurice/Documents/GitHub/unity-jar-resolver/source/VersionHandlerImpl/src/Logger.cs:136)
Google.ProjectSettings:Save () (at /Users/amaurice/Documents/GitHub/unity-jar-resolver/source/VersionHandlerImpl/src/ProjectSettings.cs:844)
Google.ProjectSettings:SetBool (string,bool,Google.SettingsLocation) (at /Users/amaurice/Documents/GitHub/unity-jar-resolver/source/VersionHandlerImpl/src/ProjectSettings.cs:485)
Google.ProjectSettings:SetBool (string,bool) (at /Users/amaurice/Documents/GitHub/unity-jar-resolver/source/VersionHandlerImpl/src/ProjectSettings.cs:497)
Google.IOSResolver:set_VerboseLoggingEnabled (bool) (at /Users/amaurice/Documents/GitHub/unity-jar-resolver/source/IOSResolver/src/IOSResolver.cs:1041)
Google.IOSResolver:.cctor () (at /Users/amaurice/Documents/GitHub/unity-jar-resolver/source/IOSResolver/src/IOSResolver.cs:727)
System.Runtime.CompilerServices.RuntimeHelpers:RunClassConstructor (System.RuntimeTypeHandle)
UnityEditor.EditorAssemblies:ProcessInitializeOnLoadAttributes (System.Type[])

(Filename: /Users/amaurice/Documents/GitHub/unity-jar-resolver/source/VersionHandlerImpl/src/ProjectSettings.cs Line: 844)

Mono: successfully reloaded assembly
- Finished resetting the current domain, in 14.734 seconds
Domain Reload Profiling: 16600ms
	BeginReloadAssembly (407ms)
		ExecutionOrderSort (0ms)
		DisableScriptedObjects (34ms)
		BackupInstance (0ms)
		ReleaseScriptingObjects (1ms)
		CreateAndSetChildDomain (209ms)
	RebuildCommonClasses (37ms)
	RebuildNativeTypeToScriptingClass (13ms)
	initialDomainReloadingComplete (38ms)
	LoadAllAssembliesAndSetupDomain (1371ms)
		LoadAssemblies (1385ms)
		RebuildTransferFunctionScriptingTraits (0ms)
		AnalyzeDomain (85ms)
			TypeCache.Refresh (41ms)
				TypeCache.ScanAssembly (13ms)
			ScanForSourceGeneratedMonoScriptInfo (27ms)
			ResolveRequiredComponents (15ms)
	FinalizeReload (14734ms)
		ReleaseScriptCaches (0ms)
		RebuildScriptCaches (0ms)
		SetupLoadedEditorAssemblies (1034ms)
			LogAssemblyErrors (0ms)
			InitializePlatformSupportModulesInManaged (31ms)
			SetLoadedEditorAssemblies (4ms)
			RefreshPlugins (0ms)
			BeforeProcessingInitializeOnLoad (63ms)
			ProcessInitializeOnLoadAttributes (573ms)
			ProcessInitializeOnLoadMethodAttributes (359ms)
			AfterProcessingInitializeOnLoad (4ms)
			EditorAssembliesLoaded (1ms)
		ExecutionOrderSort2 (0ms)
		AwakeInstancesAfterBackupRestoration (10ms)
OnLevelWasLoaded was found on Reporter
This message has been deprecated and will be removed in a later version of Unity.
Add a delegate to SceneManager.sceneLoaded instead to get notifications after scene loading has completed
OnLevelWasLoaded was found on BoxController
This message has been deprecated and will be removed in a later version of Unity.
Add a delegate to SceneManager.sceneLoaded instead to get notifications after scene loading has completed
OnLevelWasLoaded was found on AdmobAds
This message has been deprecated and will be removed in a later version of Unity.
Add a delegate to SceneManager.sceneLoaded instead to get notifications after scene loading has completed
Refreshing native plugins compatible for Editor in 11.33 ms, found 10 plugins.
Preloading 0 native plugins for Editor in 0.00 ms.
Unloading 7066 Unused Serialized files (Serialized files now loaded: 0)
Unloading 337 unused Assets / (1.9 MB). Loaded Objects now: 8182.
Memory consumption went from 275.4 MB to 273.6 MB.
Total: 21.838100 ms (FindLiveObjects: 0.619400 ms CreateObjectMapping: 0.534000 ms MarkObjects: 18.400700 ms  DeleteObjects: 2.282000 ms)

Prepare: number of updated asset objects reloaded= 0
AssetImportParameters requested are different than current active one (requested -> active):
  custom:container-demuxer-ogg: 62fdf1f143b41e24485cea50d1cbac27 -> 
  custom:framework-win-MediaFoundation: 216162199b28c13a410421893ffa2e32 -> 
  custom:container-muxer-webm: aa71ff27fc2769a1b78a27578f13a17b -> 
  custom:video-decoder-webm-vp8: 9c59270c3fd7afecdb556c50c9e8de78 -> 
  custom:SearchIndexIgnoredProperties: e643bd26f0fe6173181afceb89e7c659 -> 
  custom:AudioImporter_EditorPlatform: d09bf68614088b80899f8185d706f6e7 -> 
  custom:audio-decoder-ogg-vorbis: bf7c407c2cedff20999df2af8eb42d56 -> 
  custom:audio-encoder-webm-vorbis: bf7c407c2cedff20999df2af8eb42d56 -> 
  custom:video-decoder-ogg-theora: a1e56fd34408186e4bbccfd4996cb3dc -> 
  custom:CustomObjectIndexerAttribute: 62b5816608c3102f162a1797e29626cf -> 
  custom:container-demuxer-webm: 4f35f7cbe854078d1ac9338744f61a02 -> 
  custom:video-encoder-webm-vp8: eb34c28f22e8b96e1ab97ce403110664 -> 
========================================================================
Received Prepare
Begin MonoManager ReloadAssembly
Symbol file LoadedFromMemory is not a mono symbol file
- Loaded All Assemblies, in  0.582 seconds
Refreshing native plugins compatible for Editor in 12.25 ms, found 10 plugins.
Native extension for WindowsStandalone target not found
Native extension for iOS target not found
Native extension for Android target not found
[Package Manager] Server::EnsureServerProcessIsRunning -- launch failed, reason: Unity was launched with the -noUpm command-line argument
[Package Manager] UpmClient::Send -- Unable to send message (not connected to UPM process).
[Package Manager] Cannot connect to Unity Package Manager local server
Mono: successfully reloaded assembly
- Finished resetting the current domain, in  1.588 seconds
Domain Reload Profiling: 2169ms
	BeginReloadAssembly (174ms)
		ExecutionOrderSort (0ms)
		DisableScriptedObjects (8ms)
		BackupInstance (0ms)
		ReleaseScriptingObjects (0ms)
		CreateAndSetChildDomain (66ms)
	RebuildCommonClasses (23ms)
	RebuildNativeTypeToScriptingClass (9ms)
	initialDomainReloadingComplete (27ms)
	LoadAllAssembliesAndSetupDomain (347ms)
		LoadAssemblies (356ms)
		RebuildTransferFunctionScriptingTraits (0ms)
		AnalyzeDomain (65ms)
			TypeCache.Refresh (26ms)
				TypeCache.ScanAssembly (11ms)
			ScanForSourceGeneratedMonoScriptInfo (24ms)
			ResolveRequiredComponents (12ms)
	FinalizeReload (1589ms)
		ReleaseScriptCaches (0ms)
		RebuildScriptCaches (0ms)
		SetupLoadedEditorAssemblies (1076ms)
			LogAssemblyErrors (0ms)
			InitializePlatformSupportModulesInManaged (25ms)
			SetLoadedEditorAssemblies (3ms)
			RefreshPlugins (0ms)
			BeforeProcessingInitializeOnLoad (74ms)
			ProcessInitializeOnLoadAttributes (525ms)
			ProcessInitializeOnLoadMethodAttributes (444ms)
			AfterProcessingInitializeOnLoad (4ms)
			EditorAssembliesLoaded (0ms)
		ExecutionOrderSort2 (0ms)
		AwakeInstancesAfterBackupRestoration (10ms)
OnLevelWasLoaded was found on Reporter
This message has been deprecated and will be removed in a later version of Unity.
Add a delegate to SceneManager.sceneLoaded instead to get notifications after scene loading has completed
OnLevelWasLoaded was found on BoxController
This message has been deprecated and will be removed in a later version of Unity.
Add a delegate to SceneManager.sceneLoaded instead to get notifications after scene loading has completed
OnLevelWasLoaded was found on AdmobAds
This message has been deprecated and will be removed in a later version of Unity.
Add a delegate to SceneManager.sceneLoaded instead to get notifications after scene loading has completed
Refreshing native plugins compatible for Editor in 9.95 ms, found 10 plugins.
Preloading 0 native plugins for Editor in 0.00 ms.
Unloading 7066 Unused Serialized files (Serialized files now loaded: 0)
Unloading 337 unused Assets / (2.0 MB). Loaded Objects now: 8218.
Memory consumption went from 277.5 MB to 275.5 MB.
Total: 19.596400 ms (FindLiveObjects: 0.497500 ms CreateObjectMapping: 0.310900 ms MarkObjects: 16.948000 ms  DeleteObjects: 1.837800 ms)

Prepare: number of updated asset objects reloaded= 0
AssetImportParameters requested are different than current active one (requested -> active):
  custom:container-demuxer-ogg: 62fdf1f143b41e24485cea50d1cbac27 -> 
  custom:framework-win-MediaFoundation: 216162199b28c13a410421893ffa2e32 -> 
  custom:container-muxer-webm: aa71ff27fc2769a1b78a27578f13a17b -> 
  custom:video-decoder-webm-vp8: 9c59270c3fd7afecdb556c50c9e8de78 -> 
  custom:SearchIndexIgnoredProperties: e643bd26f0fe6173181afceb89e7c659 -> 
  custom:AudioImporter_EditorPlatform: d09bf68614088b80899f8185d706f6e7 -> 
  custom:audio-decoder-ogg-vorbis: bf7c407c2cedff20999df2af8eb42d56 -> 
  custom:audio-encoder-webm-vorbis: bf7c407c2cedff20999df2af8eb42d56 -> 
  custom:video-decoder-ogg-theora: a1e56fd34408186e4bbccfd4996cb3dc -> 
  custom:CustomObjectIndexerAttribute: 62b5816608c3102f162a1797e29626cf -> 
  custom:container-demuxer-webm: 4f35f7cbe854078d1ac9338744f61a02 -> 
  custom:video-encoder-webm-vp8: eb34c28f22e8b96e1ab97ce403110664 -> 
========================================================================
Received Prepare
Begin MonoManager ReloadAssembly
Symbol file LoadedFromMemory is not a mono symbol file
- Loaded All Assemblies, in  3.634 seconds
Refreshing native plugins compatible for Editor in 111.96 ms, found 10 plugins.
Native extension for WindowsStandalone target not found
Native extension for iOS target not found
Native extension for Android target not found
[Package Manager] Server::EnsureServerProcessIsRunning -- launch failed, reason: Unity was launched with the -noUpm command-line argument
[Package Manager] UpmClient::Send -- Unable to send message (not connected to UPM process).
[Package Manager] Cannot connect to Unity Package Manager local server
Debug [AppLovin MAX] Deleting obsolete network AdColony from path Assets\MaxSdk/Mediation/AdColony...
UnityEngine.StackTraceUtility:ExtractStackTrace ()
UnityEngine.DebugLogHandler:LogFormat (UnityEngine.LogType,UnityEngine.Object,string,object[])
UnityEngine.Logger:Log (UnityEngine.LogType,object)
UnityEngine.Debug:Log (object)
MaxSdkLogger:UserDebug (string) (at Assets/MaxSdk/Scripts/MaxSdkLogger.cs:13)
AppLovinMax.Scripts.IntegrationManager.Editor.AppLovinInitialize:.cctor () (at Assets/MaxSdk/Scripts/IntegrationManager/Editor/AppLovinInitialize.cs:118)
System.Runtime.CompilerServices.RuntimeHelpers:RunClassConstructor (System.RuntimeTypeHandle)
UnityEditor.EditorAssemblies:ProcessInitializeOnLoadAttributes (System.Type[])

(Filename: Assets/MaxSdk/Scripts/MaxSdkLogger.cs Line: 13)

Debug [AppLovin MAX] AppLovin MAX Migration completed
UnityEngine.StackTraceUtility:ExtractStackTrace ()
UnityEngine.DebugLogHandler:LogFormat (UnityEngine.LogType,UnityEngine.Object,string,object[])
UnityEngine.Logger:Log (UnityEngine.LogType,object)
UnityEngine.Debug:Log (object)
MaxSdkLogger:UserDebug (string) (at Assets/MaxSdk/Scripts/MaxSdkLogger.cs:13)
AppLovinMax.Scripts.IntegrationManager.Editor.AppLovinInitialize:.cctor () (at Assets/MaxSdk/Scripts/IntegrationManager/Editor/AppLovinInitialize.cs:128)
System.Runtime.CompilerServices.RuntimeHelpers:RunClassConstructor (System.RuntimeTypeHandle)
UnityEditor.EditorAssemblies:ProcessInitializeOnLoadAttributes (System.Type[])

(Filename: Assets/MaxSdk/Scripts/MaxSdkLogger.cs Line: 13)

Unable to write to 'ProjectSettings\GvhProjectSettings.xml' (System.IO.IOException: Sharing violation on path D:\UnityProject\BonceMonney\ProjectSettings\GvhProjectSettings.xml
  at System.IO.FileStream..ctor (System.String path, System.IO.FileMode mode, System.IO.FileAccess access, System.IO.FileShare share, System.Int32 bufferSize, System.Boolean anonymous, System.IO.FileOptions options) [0x0019e] in <dc753a1061284f8e971ee88ee4826eee>:0 
  at System.IO.FileStream..ctor (System.String path, System.IO.FileMode mode, System.IO.FileAccess access, System.IO.FileShare share, System.Int32 bufferSize, System.IO.FileOptions options) [0x00000] in <dc753a1061284f8e971ee88ee4826eee>:0 
  at System.IO.FileStream..ctor (System.String path, System.IO.FileMode mode, System.IO.FileAccess access, System.IO.FileShare share, System.Int32 bufferSize, System.Boolean useAsync) [0x00000] in <dc753a1061284f8e971ee88ee4826eee>:0 
  at (wrapper remoting-invoke-with-check) System.IO.FileStream..ctor(string,System.IO.FileMode,System.IO.FileAccess,System.IO.FileShare,int,bool)
  at System.Xml.XmlWriterSettings.CreateWriter (System.String outputFileName) [0x00051] in <ae5badc4ec594809bfbe24220ad62e9b>:0 
  at System.Xml.XmlWriter.Create (System.String outputFileName, System.Xml.XmlWriterSettings settings) [0x0000a] in <ae5badc4ec594809bfbe24220ad62e9b>:0 
  at Google.ProjectSettings.Save () [0x00079] in /Users/amaurice/Documents/GitHub/unity-jar-resolver/source/VersionHandlerImpl/src/ProjectSettings.cs:821 , Project settings were not saved!
UnityEngine.StackTraceUtility:ExtractStackTrace ()
UnityEngine.DebugLogHandler:LogFormat (UnityEngine.LogType,UnityEngine.Object,string,object[])
UnityEngine.Logger:Log (UnityEngine.LogType,object)
UnityEngine.Debug:LogError (object)
Google.Logger:Log (string,Google.LogLevel) (at /Users/amaurice/Documents/GitHub/unity-jar-resolver/source/VersionHandlerImpl/src/Logger.cs:136)
Google.ProjectSettings:Save () (at /Users/amaurice/Documents/GitHub/unity-jar-resolver/source/VersionHandlerImpl/src/ProjectSettings.cs:844)
Google.ProjectSettings:SetBool (string,bool,Google.SettingsLocation) (at /Users/amaurice/Documents/GitHub/unity-jar-resolver/source/VersionHandlerImpl/src/ProjectSettings.cs:485)
Google.ProjectSettings:SetBool (string,bool) (at /Users/amaurice/Documents/GitHub/unity-jar-resolver/source/VersionHandlerImpl/src/ProjectSettings.cs:497)
Google.IOSResolver:set_VerboseLoggingEnabled (bool) (at /Users/amaurice/Documents/GitHub/unity-jar-resolver/source/IOSResolver/src/IOSResolver.cs:1041)
Google.IOSResolver:.cctor () (at /Users/amaurice/Documents/GitHub/unity-jar-resolver/source/IOSResolver/src/IOSResolver.cs:727)
System.Runtime.CompilerServices.RuntimeHelpers:RunClassConstructor (System.RuntimeTypeHandle)
UnityEditor.EditorAssemblies:ProcessInitializeOnLoadAttributes (System.Type[])

(Filename: /Users/amaurice/Documents/GitHub/unity-jar-resolver/source/VersionHandlerImpl/src/ProjectSettings.cs Line: 844)

[ScriptCompilation] NOT recompiling all scripts because this is an import worker process. Reason to compile was: Define symbols changed
Mono: successfully reloaded assembly
- Finished resetting the current domain, in 40.197 seconds
Domain Reload Profiling: 43828ms
	BeginReloadAssembly (411ms)
		ExecutionOrderSort (0ms)
		DisableScriptedObjects (26ms)
		BackupInstance (0ms)
		ReleaseScriptingObjects (0ms)
		CreateAndSetChildDomain (174ms)
	RebuildCommonClasses (40ms)
	RebuildNativeTypeToScriptingClass (14ms)
	initialDomainReloadingComplete (55ms)
	LoadAllAssembliesAndSetupDomain (3111ms)
		LoadAssemblies (2290ms)
		RebuildTransferFunctionScriptingTraits (0ms)
		AnalyzeDomain (953ms)
			TypeCache.Refresh (836ms)
				TypeCache.ScanAssembly (418ms)
			ScanForSourceGeneratedMonoScriptInfo (45ms)
			ResolveRequiredComponents (69ms)
	FinalizeReload (40198ms)
		ReleaseScriptCaches (0ms)
		RebuildScriptCaches (0ms)
		SetupLoadedEditorAssemblies (1464ms)
			LogAssemblyErrors (0ms)
			InitializePlatformSupportModulesInManaged (41ms)
			SetLoadedEditorAssemblies (8ms)
			RefreshPlugins (0ms)
			BeforeProcessingInitializeOnLoad (88ms)
			ProcessInitializeOnLoadAttributes (1177ms)
			ProcessInitializeOnLoadMethodAttributes (147ms)
			AfterProcessingInitializeOnLoad (4ms)
			EditorAssembliesLoaded (0ms)
		ExecutionOrderSort2 (0ms)
		AwakeInstancesAfterBackupRestoration (10ms)
OnLevelWasLoaded was found on Reporter
This message has been deprecated and will be removed in a later version of Unity.
Add a delegate to SceneManager.sceneLoaded instead to get notifications after scene loading has completed
OnLevelWasLoaded was found on BoxController
This message has been deprecated and will be removed in a later version of Unity.
Add a delegate to SceneManager.sceneLoaded instead to get notifications after scene loading has completed
OnLevelWasLoaded was found on AdmobAds
This message has been deprecated and will be removed in a later version of Unity.
Add a delegate to SceneManager.sceneLoaded instead to get notifications after scene loading has completed
Refreshing native plugins compatible for Editor in 10.57 ms, found 10 plugins.
Preloading 0 native plugins for Editor in 0.00 ms.
Unloading 7072 Unused Serialized files (Serialized files now loaded: 0)
Unloading 343 unused Assets / (1.9 MB). Loaded Objects now: 8260.
Memory consumption went from 280.6 MB to 278.6 MB.
Total: 22.535400 ms (FindLiveObjects: 0.886100 ms CreateObjectMapping: 0.296300 ms MarkObjects: 18.943500 ms  DeleteObjects: 2.407100 ms)

Prepare: number of updated asset objects reloaded= 0
AssetImportParameters requested are different than current active one (requested -> active):
  custom:container-demuxer-ogg: 62fdf1f143b41e24485cea50d1cbac27 -> 
  custom:framework-win-MediaFoundation: 216162199b28c13a410421893ffa2e32 -> 
  custom:container-muxer-webm: aa71ff27fc2769a1b78a27578f13a17b -> 
  custom:video-decoder-webm-vp8: 9c59270c3fd7afecdb556c50c9e8de78 -> 
  custom:SearchIndexIgnoredProperties: e643bd26f0fe6173181afceb89e7c659 -> 
  custom:AudioImporter_EditorPlatform: d09bf68614088b80899f8185d706f6e7 -> 
  custom:audio-decoder-ogg-vorbis: bf7c407c2cedff20999df2af8eb42d56 -> 
  custom:audio-encoder-webm-vorbis: bf7c407c2cedff20999df2af8eb42d56 -> 
  custom:video-decoder-ogg-theora: a1e56fd34408186e4bbccfd4996cb3dc -> 
  custom:CustomObjectIndexerAttribute: 62b5816608c3102f162a1797e29626cf -> 
  custom:container-demuxer-webm: 4f35f7cbe854078d1ac9338744f61a02 -> 
  custom:video-encoder-webm-vp8: eb34c28f22e8b96e1ab97ce403110664 -> 
========================================================================
Received Prepare
Begin MonoManager ReloadAssembly
Symbol file LoadedFromMemory is not a mono symbol file
- Loaded All Assemblies, in  0.899 seconds
Refreshing native plugins compatible for Editor in 11.66 ms, found 10 plugins.
Native extension for WindowsStandalone target not found
Native extension for iOS target not found
Native extension for Android target not found
[Package Manager] Server::EnsureServerProcessIsRunning -- launch failed, reason: Unity was launched with the -noUpm command-line argument
[Package Manager] UpmClient::Send -- Unable to send message (not connected to UPM process).
[Package Manager] Cannot connect to Unity Package Manager local server
Mono: successfully reloaded assembly
- Finished resetting the current domain, in  2.674 seconds
Domain Reload Profiling: 3572ms
	BeginReloadAssembly (221ms)
		ExecutionOrderSort (0ms)
		DisableScriptedObjects (7ms)
		BackupInstance (0ms)
		ReleaseScriptingObjects (0ms)
		CreateAndSetChildDomain (65ms)
	RebuildCommonClasses (25ms)
	RebuildNativeTypeToScriptingClass (9ms)
	initialDomainReloadingComplete (31ms)
	LoadAllAssembliesAndSetupDomain (611ms)
		LoadAssemblies (544ms)
		RebuildTransferFunctionScriptingTraits (0ms)
		AnalyzeDomain (172ms)
			TypeCache.Refresh (127ms)
				TypeCache.ScanAssembly (98ms)
			ScanForSourceGeneratedMonoScriptInfo (31ms)
			ResolveRequiredComponents (13ms)
	FinalizeReload (2675ms)
		ReleaseScriptCaches (0ms)
		RebuildScriptCaches (0ms)
		SetupLoadedEditorAssemblies (735ms)
			LogAssemblyErrors (0ms)
			InitializePlatformSupportModulesInManaged (30ms)
			SetLoadedEditorAssemblies (3ms)
			RefreshPlugins (0ms)
			BeforeProcessingInitializeOnLoad (58ms)
			ProcessInitializeOnLoadAttributes (538ms)
			ProcessInitializeOnLoadMethodAttributes (100ms)
			AfterProcessingInitializeOnLoad (5ms)
			EditorAssembliesLoaded (0ms)
		ExecutionOrderSort2 (0ms)
		AwakeInstancesAfterBackupRestoration (8ms)
OnLevelWasLoaded was found on Reporter
This message has been deprecated and will be removed in a later version of Unity.
Add a delegate to SceneManager.sceneLoaded instead to get notifications after scene loading has completed
OnLevelWasLoaded was found on BoxController
This message has been deprecated and will be removed in a later version of Unity.
Add a delegate to SceneManager.sceneLoaded instead to get notifications after scene loading has completed
OnLevelWasLoaded was found on AdmobAds
This message has been deprecated and will be removed in a later version of Unity.
Add a delegate to SceneManager.sceneLoaded instead to get notifications after scene loading has completed
Refreshing native plugins compatible for Editor in 11.99 ms, found 10 plugins.
Preloading 0 native plugins for Editor in 0.00 ms.
Unloading 7072 Unused Serialized files (Serialized files now loaded: 0)
Unloading 342 unused Assets / (2.0 MB). Loaded Objects now: 8296.
Memory consumption went from 282.6 MB to 280.7 MB.
Total: 17.946600 ms (FindLiveObjects: 0.617700 ms CreateObjectMapping: 0.286400 ms MarkObjects: 15.605900 ms  DeleteObjects: 1.435000 ms)

Prepare: number of updated asset objects reloaded= 0
AssetImportParameters requested are different than current active one (requested -> active):
  custom:container-demuxer-ogg: 62fdf1f143b41e24485cea50d1cbac27 -> 
  custom:framework-win-MediaFoundation: 216162199b28c13a410421893ffa2e32 -> 
  custom:container-muxer-webm: aa71ff27fc2769a1b78a27578f13a17b -> 
  custom:video-decoder-webm-vp8: 9c59270c3fd7afecdb556c50c9e8de78 -> 
  custom:SearchIndexIgnoredProperties: e643bd26f0fe6173181afceb89e7c659 -> 
  custom:AudioImporter_EditorPlatform: d09bf68614088b80899f8185d706f6e7 -> 
  custom:audio-decoder-ogg-vorbis: bf7c407c2cedff20999df2af8eb42d56 -> 
  custom:audio-encoder-webm-vorbis: bf7c407c2cedff20999df2af8eb42d56 -> 
  custom:video-decoder-ogg-theora: a1e56fd34408186e4bbccfd4996cb3dc -> 
  custom:CustomObjectIndexerAttribute: 62b5816608c3102f162a1797e29626cf -> 
  custom:container-demuxer-webm: 4f35f7cbe854078d1ac9338744f61a02 -> 
  custom:video-encoder-webm-vp8: eb34c28f22e8b96e1ab97ce403110664 -> 
========================================================================
Received Prepare
Begin MonoManager ReloadAssembly
Symbol file LoadedFromMemory is not a mono symbol file
- Loaded All Assemblies, in  0.654 seconds
Refreshing native plugins compatible for Editor in 13.05 ms, found 10 plugins.
Native extension for WindowsStandalone target not found
Native extension for iOS target not found
Native extension for Android target not found
[Package Manager] Server::EnsureServerProcessIsRunning -- launch failed, reason: Unity was launched with the -noUpm command-line argument
[Package Manager] UpmClient::Send -- Unable to send message (not connected to UPM process).
[Package Manager] Cannot connect to Unity Package Manager local server
Debug [AppLovin MAX] Deleting obsolete network AdColony from path Assets\MaxSdk/Mediation/AdColony...
UnityEngine.StackTraceUtility:ExtractStackTrace ()
UnityEngine.DebugLogHandler:LogFormat (UnityEngine.LogType,UnityEngine.Object,string,object[])
UnityEngine.Logger:Log (UnityEngine.LogType,object)
UnityEngine.Debug:Log (object)
MaxSdkLogger:UserDebug (string) (at Assets/MaxSdk/Scripts/MaxSdkLogger.cs:13)
AppLovinMax.Scripts.IntegrationManager.Editor.AppLovinInitialize:.cctor () (at Assets/MaxSdk/Scripts/IntegrationManager/Editor/AppLovinInitialize.cs:118)
System.Runtime.CompilerServices.RuntimeHelpers:RunClassConstructor (System.RuntimeTypeHandle)
UnityEditor.EditorAssemblies:ProcessInitializeOnLoadAttributes (System.Type[])

(Filename: Assets/MaxSdk/Scripts/MaxSdkLogger.cs Line: 13)

Debug [AppLovin MAX] AppLovin MAX Migration completed
UnityEngine.StackTraceUtility:ExtractStackTrace ()
UnityEngine.DebugLogHandler:LogFormat (UnityEngine.LogType,UnityEngine.Object,string,object[])
UnityEngine.Logger:Log (UnityEngine.LogType,object)
UnityEngine.Debug:Log (object)
MaxSdkLogger:UserDebug (string) (at Assets/MaxSdk/Scripts/MaxSdkLogger.cs:13)
AppLovinMax.Scripts.IntegrationManager.Editor.AppLovinInitialize:.cctor () (at Assets/MaxSdk/Scripts/IntegrationManager/Editor/AppLovinInitialize.cs:128)
System.Runtime.CompilerServices.RuntimeHelpers:RunClassConstructor (System.RuntimeTypeHandle)
UnityEditor.EditorAssemblies:ProcessInitializeOnLoadAttributes (System.Type[])

(Filename: Assets/MaxSdk/Scripts/MaxSdkLogger.cs Line: 13)

Unable to write to 'ProjectSettings\GvhProjectSettings.xml' (System.IO.IOException: Sharing violation on path D:\UnityProject\BonceMonney\ProjectSettings\GvhProjectSettings.xml
  at System.IO.FileStream..ctor (System.String path, System.IO.FileMode mode, System.IO.FileAccess access, System.IO.FileShare share, System.Int32 bufferSize, System.Boolean anonymous, System.IO.FileOptions options) [0x0019e] in <dc753a1061284f8e971ee88ee4826eee>:0 
  at System.IO.FileStream..ctor (System.String path, System.IO.FileMode mode, System.IO.FileAccess access, System.IO.FileShare share, System.Int32 bufferSize, System.IO.FileOptions options) [0x00000] in <dc753a1061284f8e971ee88ee4826eee>:0 
  at System.IO.FileStream..ctor (System.String path, System.IO.FileMode mode, System.IO.FileAccess access, System.IO.FileShare share, System.Int32 bufferSize, System.Boolean useAsync) [0x00000] in <dc753a1061284f8e971ee88ee4826eee>:0 
  at (wrapper remoting-invoke-with-check) System.IO.FileStream..ctor(string,System.IO.FileMode,System.IO.FileAccess,System.IO.FileShare,int,bool)
  at System.Xml.XmlWriterSettings.CreateWriter (System.String outputFileName) [0x00051] in <ae5badc4ec594809bfbe24220ad62e9b>:0 
  at System.Xml.XmlWriter.Create (System.String outputFileName, System.Xml.XmlWriterSettings settings) [0x0000a] in <ae5badc4ec594809bfbe24220ad62e9b>:0 
  at Google.ProjectSettings.Save () [0x00079] in /Users/amaurice/Documents/GitHub/unity-jar-resolver/source/VersionHandlerImpl/src/ProjectSettings.cs:821 , Project settings were not saved!
UnityEngine.StackTraceUtility:ExtractStackTrace ()
UnityEngine.DebugLogHandler:LogFormat (UnityEngine.LogType,UnityEngine.Object,string,object[])
UnityEngine.Logger:Log (UnityEngine.LogType,object)
UnityEngine.Debug:LogError (object)
Google.Logger:Log (string,Google.LogLevel) (at /Users/amaurice/Documents/GitHub/unity-jar-resolver/source/VersionHandlerImpl/src/Logger.cs:136)
Google.ProjectSettings:Save () (at /Users/amaurice/Documents/GitHub/unity-jar-resolver/source/VersionHandlerImpl/src/ProjectSettings.cs:844)
Google.ProjectSettings:SetBool (string,bool,Google.SettingsLocation) (at /Users/amaurice/Documents/GitHub/unity-jar-resolver/source/VersionHandlerImpl/src/ProjectSettings.cs:485)
Google.ProjectSettings:SetBool (string,bool) (at /Users/amaurice/Documents/GitHub/unity-jar-resolver/source/VersionHandlerImpl/src/ProjectSettings.cs:497)
Google.IOSResolver:set_VerboseLoggingEnabled (bool) (at /Users/amaurice/Documents/GitHub/unity-jar-resolver/source/IOSResolver/src/IOSResolver.cs:1041)
Google.IOSResolver:.cctor () (at /Users/amaurice/Documents/GitHub/unity-jar-resolver/source/IOSResolver/src/IOSResolver.cs:727)
System.Runtime.CompilerServices.RuntimeHelpers:RunClassConstructor (System.RuntimeTypeHandle)
UnityEditor.EditorAssemblies:ProcessInitializeOnLoadAttributes (System.Type[])

(Filename: /Users/amaurice/Documents/GitHub/unity-jar-resolver/source/VersionHandlerImpl/src/ProjectSettings.cs Line: 844)

Mono: successfully reloaded assembly
- Finished resetting the current domain, in  1.294 seconds
Domain Reload Profiling: 1946ms
	BeginReloadAssembly (201ms)
		ExecutionOrderSort (0ms)
		DisableScriptedObjects (7ms)
		BackupInstance (0ms)
		ReleaseScriptingObjects (0ms)
		CreateAndSetChildDomain (70ms)
	RebuildCommonClasses (30ms)
	RebuildNativeTypeToScriptingClass (11ms)
	initialDomainReloadingComplete (33ms)
	LoadAllAssembliesAndSetupDomain (377ms)
		LoadAssemblies (398ms)
		RebuildTransferFunctionScriptingTraits (0ms)
		AnalyzeDomain (73ms)
			TypeCache.Refresh (34ms)
				TypeCache.ScanAssembly (16ms)
			ScanForSourceGeneratedMonoScriptInfo (23ms)
			ResolveRequiredComponents (13ms)
	FinalizeReload (1294ms)
		ReleaseScriptCaches (0ms)
		RebuildScriptCaches (0ms)
		SetupLoadedEditorAssemblies (823ms)
			LogAssemblyErrors (0ms)
			InitializePlatformSupportModulesInManaged (26ms)
			SetLoadedEditorAssemblies (3ms)
			RefreshPlugins (0ms)
			BeforeProcessingInitializeOnLoad (66ms)
			ProcessInitializeOnLoadAttributes (614ms)
			ProcessInitializeOnLoadMethodAttributes (109ms)
			AfterProcessingInitializeOnLoad (4ms)
			EditorAssembliesLoaded (1ms)
		ExecutionOrderSort2 (0ms)
		AwakeInstancesAfterBackupRestoration (12ms)
OnLevelWasLoaded was found on Reporter
This message has been deprecated and will be removed in a later version of Unity.
Add a delegate to SceneManager.sceneLoaded instead to get notifications after scene loading has completed
OnLevelWasLoaded was found on BoxController
This message has been deprecated and will be removed in a later version of Unity.
Add a delegate to SceneManager.sceneLoaded instead to get notifications after scene loading has completed
OnLevelWasLoaded was found on AdmobAds
This message has been deprecated and will be removed in a later version of Unity.
Add a delegate to SceneManager.sceneLoaded instead to get notifications after scene loading has completed
Refreshing native plugins compatible for Editor in 12.07 ms, found 10 plugins.
Preloading 0 native plugins for Editor in 0.00 ms.
Unloading 7072 Unused Serialized files (Serialized files now loaded: 0)
Unloading 342 unused Assets / (2.0 MB). Loaded Objects now: 8332.
Memory consumption went from 284.7 MB to 282.7 MB.
Total: 17.788100 ms (FindLiveObjects: 0.503900 ms CreateObjectMapping: 0.255400 ms MarkObjects: 15.164000 ms  DeleteObjects: 1.863800 ms)

Prepare: number of updated asset objects reloaded= 0
AssetImportParameters requested are different than current active one (requested -> active):
  custom:container-demuxer-ogg: 62fdf1f143b41e24485cea50d1cbac27 -> 
  custom:framework-win-MediaFoundation: 216162199b28c13a410421893ffa2e32 -> 
  custom:container-muxer-webm: aa71ff27fc2769a1b78a27578f13a17b -> 
  custom:video-decoder-webm-vp8: 9c59270c3fd7afecdb556c50c9e8de78 -> 
  custom:SearchIndexIgnoredProperties: e643bd26f0fe6173181afceb89e7c659 -> 
  custom:AudioImporter_EditorPlatform: d09bf68614088b80899f8185d706f6e7 -> 
  custom:audio-decoder-ogg-vorbis: bf7c407c2cedff20999df2af8eb42d56 -> 
  custom:audio-encoder-webm-vorbis: bf7c407c2cedff20999df2af8eb42d56 -> 
  custom:video-decoder-ogg-theora: a1e56fd34408186e4bbccfd4996cb3dc -> 
  custom:CustomObjectIndexerAttribute: 62b5816608c3102f162a1797e29626cf -> 
  custom:container-demuxer-webm: 4f35f7cbe854078d1ac9338744f61a02 -> 
  custom:video-encoder-webm-vp8: eb34c28f22e8b96e1ab97ce403110664 -> 
========================================================================
Received Prepare
Begin MonoManager ReloadAssembly
Symbol file LoadedFromMemory is not a mono symbol file
- Loaded All Assemblies, in  0.595 seconds
Refreshing native plugins compatible for Editor in 30.16 ms, found 10 plugins.
Native extension for WindowsStandalone target not found
Native extension for iOS target not found
Native extension for Android target not found
[Package Manager] Server::EnsureServerProcessIsRunning -- launch failed, reason: Unity was launched with the -noUpm command-line argument
[Package Manager] UpmClient::Send -- Unable to send message (not connected to UPM process).
[Package Manager] Cannot connect to Unity Package Manager local server
Debug [AppLovin MAX] Deleting obsolete network AdColony from path Assets\MaxSdk/Mediation/AdColony...
UnityEngine.StackTraceUtility:ExtractStackTrace ()
UnityEngine.DebugLogHandler:LogFormat (UnityEngine.LogType,UnityEngine.Object,string,object[])
UnityEngine.Logger:Log (UnityEngine.LogType,object)
UnityEngine.Debug:Log (object)
MaxSdkLogger:UserDebug (string) (at Assets/MaxSdk/Scripts/MaxSdkLogger.cs:13)
AppLovinMax.Scripts.IntegrationManager.Editor.AppLovinInitialize:.cctor () (at Assets/MaxSdk/Scripts/IntegrationManager/Editor/AppLovinInitialize.cs:118)
System.Runtime.CompilerServices.RuntimeHelpers:RunClassConstructor (System.RuntimeTypeHandle)
UnityEditor.EditorAssemblies:ProcessInitializeOnLoadAttributes (System.Type[])

(Filename: Assets/MaxSdk/Scripts/MaxSdkLogger.cs Line: 13)

Debug [AppLovin MAX] AppLovin MAX Migration completed
UnityEngine.StackTraceUtility:ExtractStackTrace ()
UnityEngine.DebugLogHandler:LogFormat (UnityEngine.LogType,UnityEngine.Object,string,object[])
UnityEngine.Logger:Log (UnityEngine.LogType,object)
UnityEngine.Debug:Log (object)
MaxSdkLogger:UserDebug (string) (at Assets/MaxSdk/Scripts/MaxSdkLogger.cs:13)
AppLovinMax.Scripts.IntegrationManager.Editor.AppLovinInitialize:.cctor () (at Assets/MaxSdk/Scripts/IntegrationManager/Editor/AppLovinInitialize.cs:128)
System.Runtime.CompilerServices.RuntimeHelpers:RunClassConstructor (System.RuntimeTypeHandle)
UnityEditor.EditorAssemblies:ProcessInitializeOnLoadAttributes (System.Type[])

(Filename: Assets/MaxSdk/Scripts/MaxSdkLogger.cs Line: 13)

Mono: successfully reloaded assembly
- Finished resetting the current domain, in  1.268 seconds
Domain Reload Profiling: 1862ms
	BeginReloadAssembly (172ms)
		ExecutionOrderSort (0ms)
		DisableScriptedObjects (11ms)
		BackupInstance (0ms)
		ReleaseScriptingObjects (0ms)
		CreateAndSetChildDomain (63ms)
	RebuildCommonClasses (25ms)
	RebuildNativeTypeToScriptingClass (9ms)
	initialDomainReloadingComplete (29ms)
	LoadAllAssembliesAndSetupDomain (357ms)
		LoadAssemblies (370ms)
		RebuildTransferFunctionScriptingTraits (0ms)
		AnalyzeDomain (59ms)
			TypeCache.Refresh (24ms)
				TypeCache.ScanAssembly (11ms)
			ScanForSourceGeneratedMonoScriptInfo (21ms)
			ResolveRequiredComponents (12ms)
	FinalizeReload (1268ms)
		ReleaseScriptCaches (0ms)
		RebuildScriptCaches (0ms)
		SetupLoadedEditorAssemblies (821ms)
			LogAssemblyErrors (0ms)
			InitializePlatformSupportModulesInManaged (27ms)
			SetLoadedEditorAssemblies (3ms)
			RefreshPlugins (0ms)
			BeforeProcessingInitializeOnLoad (76ms)
			ProcessInitializeOnLoadAttributes (610ms)
			ProcessInitializeOnLoadMethodAttributes (100ms)
			AfterProcessingInitializeOnLoad (4ms)
			EditorAssembliesLoaded (0ms)
		ExecutionOrderSort2 (0ms)
		AwakeInstancesAfterBackupRestoration (9ms)
OnLevelWasLoaded was found on Reporter
This message has been deprecated and will be removed in a later version of Unity.
Add a delegate to SceneManager.sceneLoaded instead to get notifications after scene loading has completed
OnLevelWasLoaded was found on BoxController
This message has been deprecated and will be removed in a later version of Unity.
Add a delegate to SceneManager.sceneLoaded instead to get notifications after scene loading has completed
OnLevelWasLoaded was found on AdmobAds
This message has been deprecated and will be removed in a later version of Unity.
Add a delegate to SceneManager.sceneLoaded instead to get notifications after scene loading has completed
Refreshing native plugins compatible for Editor in 14.86 ms, found 10 plugins.
Preloading 0 native plugins for Editor in 0.00 ms.
Unloading 7072 Unused Serialized files (Serialized files now loaded: 0)
Unloading 342 unused Assets / (2.0 MB). Loaded Objects now: 8368.
Memory consumption went from 286.7 MB to 284.7 MB.
Total: 20.631200 ms (FindLiveObjects: 0.673000 ms CreateObjectMapping: 0.551400 ms MarkObjects: 17.956900 ms  DeleteObjects: 1.448300 ms)

Prepare: number of updated asset objects reloaded= 0
AssetImportParameters requested are different than current active one (requested -> active):
  custom:container-demuxer-ogg: 62fdf1f143b41e24485cea50d1cbac27 -> 
  custom:framework-win-MediaFoundation: 216162199b28c13a410421893ffa2e32 -> 
  custom:container-muxer-webm: aa71ff27fc2769a1b78a27578f13a17b -> 
  custom:video-decoder-webm-vp8: 9c59270c3fd7afecdb556c50c9e8de78 -> 
  custom:SearchIndexIgnoredProperties: e643bd26f0fe6173181afceb89e7c659 -> 
  custom:AudioImporter_EditorPlatform: d09bf68614088b80899f8185d706f6e7 -> 
  custom:audio-decoder-ogg-vorbis: bf7c407c2cedff20999df2af8eb42d56 -> 
  custom:audio-encoder-webm-vorbis: bf7c407c2cedff20999df2af8eb42d56 -> 
  custom:video-decoder-ogg-theora: a1e56fd34408186e4bbccfd4996cb3dc -> 
  custom:CustomObjectIndexerAttribute: 62b5816608c3102f162a1797e29626cf -> 
  custom:container-demuxer-webm: 4f35f7cbe854078d1ac9338744f61a02 -> 
  custom:video-encoder-webm-vp8: eb34c28f22e8b96e1ab97ce403110664 -> 
========================================================================
Received Prepare
Begin MonoManager ReloadAssembly
Symbol file LoadedFromMemory is not a mono symbol file
- Loaded All Assemblies, in  0.593 seconds
Refreshing native plugins compatible for Editor in 11.61 ms, found 10 plugins.
Native extension for WindowsStandalone target not found
Native extension for iOS target not found
Native extension for Android target not found
[Package Manager] Server::EnsureServerProcessIsRunning -- launch failed, reason: Unity was launched with the -noUpm command-line argument
[Package Manager] UpmClient::Send -- Unable to send message (not connected to UPM process).
[Package Manager] Cannot connect to Unity Package Manager local server
Debug [AppLovin MAX] Deleting obsolete network AdColony from path Assets\MaxSdk/Mediation/AdColony...
UnityEngine.StackTraceUtility:ExtractStackTrace ()
UnityEngine.DebugLogHandler:LogFormat (UnityEngine.LogType,UnityEngine.Object,string,object[])
UnityEngine.Logger:Log (UnityEngine.LogType,object)
UnityEngine.Debug:Log (object)
MaxSdkLogger:UserDebug (string) (at Assets/MaxSdk/Scripts/MaxSdkLogger.cs:13)
AppLovinMax.Scripts.IntegrationManager.Editor.AppLovinInitialize:.cctor () (at Assets/MaxSdk/Scripts/IntegrationManager/Editor/AppLovinInitialize.cs:118)
System.Runtime.CompilerServices.RuntimeHelpers:RunClassConstructor (System.RuntimeTypeHandle)
UnityEditor.EditorAssemblies:ProcessInitializeOnLoadAttributes (System.Type[])

(Filename: Assets/MaxSdk/Scripts/MaxSdkLogger.cs Line: 13)

Debug [AppLovin MAX] AppLovin MAX Migration completed
UnityEngine.StackTraceUtility:ExtractStackTrace ()
UnityEngine.DebugLogHandler:LogFormat (UnityEngine.LogType,UnityEngine.Object,string,object[])
UnityEngine.Logger:Log (UnityEngine.LogType,object)
UnityEngine.Debug:Log (object)
MaxSdkLogger:UserDebug (string) (at Assets/MaxSdk/Scripts/MaxSdkLogger.cs:13)
AppLovinMax.Scripts.IntegrationManager.Editor.AppLovinInitialize:.cctor () (at Assets/MaxSdk/Scripts/IntegrationManager/Editor/AppLovinInitialize.cs:128)
System.Runtime.CompilerServices.RuntimeHelpers:RunClassConstructor (System.RuntimeTypeHandle)
UnityEditor.EditorAssemblies:ProcessInitializeOnLoadAttributes (System.Type[])

(Filename: Assets/MaxSdk/Scripts/MaxSdkLogger.cs Line: 13)

Mono: successfully reloaded assembly
- Finished resetting the current domain, in  1.252 seconds
Domain Reload Profiling: 1843ms
	BeginReloadAssembly (159ms)
		ExecutionOrderSort (0ms)
		DisableScriptedObjects (8ms)
		BackupInstance (0ms)
		ReleaseScriptingObjects (0ms)
		CreateAndSetChildDomain (50ms)
	RebuildCommonClasses (27ms)
	RebuildNativeTypeToScriptingClass (9ms)
	initialDomainReloadingComplete (28ms)
	LoadAllAssembliesAndSetupDomain (367ms)
		LoadAssemblies (374ms)
		RebuildTransferFunctionScriptingTraits (0ms)
		AnalyzeDomain (69ms)
			TypeCache.Refresh (28ms)
				TypeCache.ScanAssembly (12ms)
			ScanForSourceGeneratedMonoScriptInfo (24ms)
			ResolveRequiredComponents (15ms)
	FinalizeReload (1252ms)
		ReleaseScriptCaches (0ms)
		RebuildScriptCaches (0ms)
		SetupLoadedEditorAssemblies (856ms)
			LogAssemblyErrors (0ms)
			InitializePlatformSupportModulesInManaged (31ms)
			SetLoadedEditorAssemblies (3ms)
			RefreshPlugins (0ms)
			BeforeProcessingInitializeOnLoad (74ms)
			ProcessInitializeOnLoadAttributes (641ms)
			ProcessInitializeOnLoadMethodAttributes (102ms)
			AfterProcessingInitializeOnLoad (4ms)
			EditorAssembliesLoaded (0ms)
		ExecutionOrderSort2 (0ms)
		AwakeInstancesAfterBackupRestoration (8ms)
OnLevelWasLoaded was found on Reporter
This message has been deprecated and will be removed in a later version of Unity.
Add a delegate to SceneManager.sceneLoaded instead to get notifications after scene loading has completed
OnLevelWasLoaded was found on BoxController
This message has been deprecated and will be removed in a later version of Unity.
Add a delegate to SceneManager.sceneLoaded instead to get notifications after scene loading has completed
OnLevelWasLoaded was found on AdmobAds
This message has been deprecated and will be removed in a later version of Unity.
Add a delegate to SceneManager.sceneLoaded instead to get notifications after scene loading has completed
Refreshing native plugins compatible for Editor in 11.68 ms, found 10 plugins.
Preloading 0 native plugins for Editor in 0.00 ms.
Unloading 7072 Unused Serialized files (Serialized files now loaded: 0)
Unloading 342 unused Assets / (2.0 MB). Loaded Objects now: 8404.
Memory consumption went from 288.7 MB to 286.7 MB.
Total: 17.003500 ms (FindLiveObjects: 0.470500 ms CreateObjectMapping: 0.257000 ms MarkObjects: 14.876900 ms  DeleteObjects: 1.396500 ms)

Prepare: number of updated asset objects reloaded= 0
AssetImportParameters requested are different than current active one (requested -> active):
  custom:container-demuxer-ogg: 62fdf1f143b41e24485cea50d1cbac27 -> 
  custom:framework-win-MediaFoundation: 216162199b28c13a410421893ffa2e32 -> 
  custom:container-muxer-webm: aa71ff27fc2769a1b78a27578f13a17b -> 
  custom:video-decoder-webm-vp8: 9c59270c3fd7afecdb556c50c9e8de78 -> 
  custom:SearchIndexIgnoredProperties: e643bd26f0fe6173181afceb89e7c659 -> 
  custom:AudioImporter_EditorPlatform: d09bf68614088b80899f8185d706f6e7 -> 
  custom:audio-decoder-ogg-vorbis: bf7c407c2cedff20999df2af8eb42d56 -> 
  custom:audio-encoder-webm-vorbis: bf7c407c2cedff20999df2af8eb42d56 -> 
  custom:video-decoder-ogg-theora: a1e56fd34408186e4bbccfd4996cb3dc -> 
  custom:CustomObjectIndexerAttribute: 62b5816608c3102f162a1797e29626cf -> 
  custom:container-demuxer-webm: 4f35f7cbe854078d1ac9338744f61a02 -> 
  custom:video-encoder-webm-vp8: eb34c28f22e8b96e1ab97ce403110664 -> 
========================================================================
Received Prepare
Begin MonoManager ReloadAssembly
Symbol file LoadedFromMemory is not a mono symbol file
- Loaded All Assemblies, in  0.617 seconds
Refreshing native plugins compatible for Editor in 11.70 ms, found 10 plugins.
Native extension for WindowsStandalone target not found
Native extension for iOS target not found
Native extension for Android target not found
[Package Manager] Server::EnsureServerProcessIsRunning -- launch failed, reason: Unity was launched with the -noUpm command-line argument
[Package Manager] UpmClient::Send -- Unable to send message (not connected to UPM process).
[Package Manager] Cannot connect to Unity Package Manager local server
Debug [AppLovin MAX] Deleting obsolete network AdColony from path Assets\MaxSdk/Mediation/AdColony...
UnityEngine.StackTraceUtility:ExtractStackTrace ()
UnityEngine.DebugLogHandler:LogFormat (UnityEngine.LogType,UnityEngine.Object,string,object[])
UnityEngine.Logger:Log (UnityEngine.LogType,object)
UnityEngine.Debug:Log (object)
MaxSdkLogger:UserDebug (string) (at Assets/MaxSdk/Scripts/MaxSdkLogger.cs:13)
AppLovinMax.Scripts.IntegrationManager.Editor.AppLovinInitialize:.cctor () (at Assets/MaxSdk/Scripts/IntegrationManager/Editor/AppLovinInitialize.cs:118)
System.Runtime.CompilerServices.RuntimeHelpers:RunClassConstructor (System.RuntimeTypeHandle)
UnityEditor.EditorAssemblies:ProcessInitializeOnLoadAttributes (System.Type[])

(Filename: Assets/MaxSdk/Scripts/MaxSdkLogger.cs Line: 13)

Debug [AppLovin MAX] AppLovin MAX Migration completed
UnityEngine.StackTraceUtility:ExtractStackTrace ()
UnityEngine.DebugLogHandler:LogFormat (UnityEngine.LogType,UnityEngine.Object,string,object[])
UnityEngine.Logger:Log (UnityEngine.LogType,object)
UnityEngine.Debug:Log (object)
MaxSdkLogger:UserDebug (string) (at Assets/MaxSdk/Scripts/MaxSdkLogger.cs:13)
AppLovinMax.Scripts.IntegrationManager.Editor.AppLovinInitialize:.cctor () (at Assets/MaxSdk/Scripts/IntegrationManager/Editor/AppLovinInitialize.cs:128)
System.Runtime.CompilerServices.RuntimeHelpers:RunClassConstructor (System.RuntimeTypeHandle)
UnityEditor.EditorAssemblies:ProcessInitializeOnLoadAttributes (System.Type[])

(Filename: Assets/MaxSdk/Scripts/MaxSdkLogger.cs Line: 13)

Mono: successfully reloaded assembly
- Finished resetting the current domain, in  1.214 seconds
Domain Reload Profiling: 1829ms
	BeginReloadAssembly (163ms)
		ExecutionOrderSort (0ms)
		DisableScriptedObjects (9ms)
		BackupInstance (0ms)
		ReleaseScriptingObjects (0ms)
		CreateAndSetChildDomain (54ms)
	RebuildCommonClasses (26ms)
	RebuildNativeTypeToScriptingClass (10ms)
	initialDomainReloadingComplete (30ms)
	LoadAllAssembliesAndSetupDomain (386ms)
		LoadAssemblies (377ms)
		RebuildTransferFunctionScriptingTraits (0ms)
		AnalyzeDomain (83ms)
			TypeCache.Refresh (30ms)
				TypeCache.ScanAssembly (11ms)
			ScanForSourceGeneratedMonoScriptInfo (37ms)
			ResolveRequiredComponents (14ms)
	FinalizeReload (1214ms)
		ReleaseScriptCaches (0ms)
		RebuildScriptCaches (0ms)
		SetupLoadedEditorAssemblies (837ms)
			LogAssemblyErrors (0ms)
			InitializePlatformSupportModulesInManaged (26ms)
			SetLoadedEditorAssemblies (3ms)
			RefreshPlugins (0ms)
			BeforeProcessingInitializeOnLoad (66ms)
			ProcessInitializeOnLoadAttributes (630ms)
			ProcessInitializeOnLoadMethodAttributes (108ms)
			AfterProcessingInitializeOnLoad (4ms)
			EditorAssembliesLoaded (0ms)
		ExecutionOrderSort2 (0ms)
		AwakeInstancesAfterBackupRestoration (9ms)
OnLevelWasLoaded was found on Reporter
This message has been deprecated and will be removed in a later version of Unity.
Add a delegate to SceneManager.sceneLoaded instead to get notifications after scene loading has completed
OnLevelWasLoaded was found on BoxController
This message has been deprecated and will be removed in a later version of Unity.
Add a delegate to SceneManager.sceneLoaded instead to get notifications after scene loading has completed
OnLevelWasLoaded was found on AdmobAds
This message has been deprecated and will be removed in a later version of Unity.
Add a delegate to SceneManager.sceneLoaded instead to get notifications after scene loading has completed
Refreshing native plugins compatible for Editor in 10.81 ms, found 10 plugins.
Preloading 0 native plugins for Editor in 0.00 ms.
Unloading 7072 Unused Serialized files (Serialized files now loaded: 0)
Unloading 342 unused Assets / (2.1 MB). Loaded Objects now: 8440.
Memory consumption went from 290.6 MB to 288.6 MB.
Total: 19.775400 ms (FindLiveObjects: 0.996800 ms CreateObjectMapping: 0.501000 ms MarkObjects: 15.657000 ms  DeleteObjects: 2.618700 ms)

Prepare: number of updated asset objects reloaded= 0
AssetImportParameters requested are different than current active one (requested -> active):
  custom:container-demuxer-ogg: 62fdf1f143b41e24485cea50d1cbac27 -> 
  custom:framework-win-MediaFoundation: 216162199b28c13a410421893ffa2e32 -> 
  custom:container-muxer-webm: aa71ff27fc2769a1b78a27578f13a17b -> 
  custom:video-decoder-webm-vp8: 9c59270c3fd7afecdb556c50c9e8de78 -> 
  custom:SearchIndexIgnoredProperties: e643bd26f0fe6173181afceb89e7c659 -> 
  custom:AudioImporter_EditorPlatform: d09bf68614088b80899f8185d706f6e7 -> 
  custom:audio-decoder-ogg-vorbis: bf7c407c2cedff20999df2af8eb42d56 -> 
  custom:audio-encoder-webm-vorbis: bf7c407c2cedff20999df2af8eb42d56 -> 
  custom:video-decoder-ogg-theora: a1e56fd34408186e4bbccfd4996cb3dc -> 
  custom:CustomObjectIndexerAttribute: 62b5816608c3102f162a1797e29626cf -> 
  custom:container-demuxer-webm: 4f35f7cbe854078d1ac9338744f61a02 -> 
  custom:video-encoder-webm-vp8: eb34c28f22e8b96e1ab97ce403110664 -> 
========================================================================
Received Prepare
Begin MonoManager ReloadAssembly
Symbol file LoadedFromMemory is not a mono symbol file
- Loaded All Assemblies, in  0.676 seconds
Refreshing native plugins compatible for Editor in 11.75 ms, found 10 plugins.
Native extension for WindowsStandalone target not found
Native extension for iOS target not found
Native extension for Android target not found
[Package Manager] Server::EnsureServerProcessIsRunning -- launch failed, reason: Unity was launched with the -noUpm command-line argument
[Package Manager] UpmClient::Send -- Unable to send message (not connected to UPM process).
[Package Manager] Cannot connect to Unity Package Manager local server
Debug [AppLovin MAX] Deleting obsolete network AdColony from path Assets\MaxSdk/Mediation/AdColony...
UnityEngine.StackTraceUtility:ExtractStackTrace ()
UnityEngine.DebugLogHandler:LogFormat (UnityEngine.LogType,UnityEngine.Object,string,object[])
UnityEngine.Logger:Log (UnityEngine.LogType,object)
UnityEngine.Debug:Log (object)
MaxSdkLogger:UserDebug (string) (at Assets/MaxSdk/Scripts/MaxSdkLogger.cs:13)
AppLovinMax.Scripts.IntegrationManager.Editor.AppLovinInitialize:.cctor () (at Assets/MaxSdk/Scripts/IntegrationManager/Editor/AppLovinInitialize.cs:118)
System.Runtime.CompilerServices.RuntimeHelpers:RunClassConstructor (System.RuntimeTypeHandle)
UnityEditor.EditorAssemblies:ProcessInitializeOnLoadAttributes (System.Type[])

(Filename: Assets/MaxSdk/Scripts/MaxSdkLogger.cs Line: 13)

Debug [AppLovin MAX] AppLovin MAX Migration completed
UnityEngine.StackTraceUtility:ExtractStackTrace ()
UnityEngine.DebugLogHandler:LogFormat (UnityEngine.LogType,UnityEngine.Object,string,object[])
UnityEngine.Logger:Log (UnityEngine.LogType,object)
UnityEngine.Debug:Log (object)
MaxSdkLogger:UserDebug (string) (at Assets/MaxSdk/Scripts/MaxSdkLogger.cs:13)
AppLovinMax.Scripts.IntegrationManager.Editor.AppLovinInitialize:.cctor () (at Assets/MaxSdk/Scripts/IntegrationManager/Editor/AppLovinInitialize.cs:128)
System.Runtime.CompilerServices.RuntimeHelpers:RunClassConstructor (System.RuntimeTypeHandle)
UnityEditor.EditorAssemblies:ProcessInitializeOnLoadAttributes (System.Type[])

(Filename: Assets/MaxSdk/Scripts/MaxSdkLogger.cs Line: 13)

Mono: successfully reloaded assembly
- Finished resetting the current domain, in  1.266 seconds
Domain Reload Profiling: 1941ms
	BeginReloadAssembly (176ms)
		ExecutionOrderSort (0ms)
		DisableScriptedObjects (9ms)
		BackupInstance (0ms)
		ReleaseScriptingObjects (0ms)
		CreateAndSetChildDomain (64ms)
	RebuildCommonClasses (25ms)
	RebuildNativeTypeToScriptingClass (9ms)
	initialDomainReloadingComplete (33ms)
	LoadAllAssembliesAndSetupDomain (432ms)
		LoadAssemblies (432ms)
		RebuildTransferFunctionScriptingTraits (0ms)
		AnalyzeDomain (72ms)
			TypeCache.Refresh (31ms)
				TypeCache.ScanAssembly (12ms)
			ScanForSourceGeneratedMonoScriptInfo (25ms)
			ResolveRequiredComponents (13ms)
	FinalizeReload (1266ms)
		ReleaseScriptCaches (0ms)
		RebuildScriptCaches (0ms)
		SetupLoadedEditorAssemblies (880ms)
			LogAssemblyErrors (0ms)
			InitializePlatformSupportModulesInManaged (31ms)
			SetLoadedEditorAssemblies (4ms)
			RefreshPlugins (0ms)
			BeforeProcessingInitializeOnLoad (71ms)
			ProcessInitializeOnLoadAttributes (668ms)
			ProcessInitializeOnLoadMethodAttributes (101ms)
			AfterProcessingInitializeOnLoad (4ms)
			EditorAssembliesLoaded (0ms)
		ExecutionOrderSort2 (0ms)
		AwakeInstancesAfterBackupRestoration (8ms)
OnLevelWasLoaded was found on Reporter
This message has been deprecated and will be removed in a later version of Unity.
Add a delegate to SceneManager.sceneLoaded instead to get notifications after scene loading has completed
OnLevelWasLoaded was found on BoxController
This message has been deprecated and will be removed in a later version of Unity.
Add a delegate to SceneManager.sceneLoaded instead to get notifications after scene loading has completed
OnLevelWasLoaded was found on AdmobAds
This message has been deprecated and will be removed in a later version of Unity.
Add a delegate to SceneManager.sceneLoaded instead to get notifications after scene loading has completed
Refreshing native plugins compatible for Editor in 11.95 ms, found 10 plugins.
Preloading 0 native plugins for Editor in 0.00 ms.
Unloading 7072 Unused Serialized files (Serialized files now loaded: 0)
Unloading 342 unused Assets / (2.0 MB). Loaded Objects now: 8476.
Memory consumption went from 292.6 MB to 290.6 MB.
Total: 24.295800 ms (FindLiveObjects: 0.723700 ms CreateObjectMapping: 0.445200 ms MarkObjects: 17.874600 ms  DeleteObjects: 5.249000 ms)

Prepare: number of updated asset objects reloaded= 0
AssetImportParameters requested are different than current active one (requested -> active):
  custom:container-demuxer-ogg: 62fdf1f143b41e24485cea50d1cbac27 -> 
  custom:framework-win-MediaFoundation: 216162199b28c13a410421893ffa2e32 -> 
  custom:container-muxer-webm: aa71ff27fc2769a1b78a27578f13a17b -> 
  custom:video-decoder-webm-vp8: 9c59270c3fd7afecdb556c50c9e8de78 -> 
  custom:SearchIndexIgnoredProperties: e643bd26f0fe6173181afceb89e7c659 -> 
  custom:AudioImporter_EditorPlatform: d09bf68614088b80899f8185d706f6e7 -> 
  custom:audio-decoder-ogg-vorbis: bf7c407c2cedff20999df2af8eb42d56 -> 
  custom:audio-encoder-webm-vorbis: bf7c407c2cedff20999df2af8eb42d56 -> 
  custom:video-decoder-ogg-theora: a1e56fd34408186e4bbccfd4996cb3dc -> 
  custom:CustomObjectIndexerAttribute: 62b5816608c3102f162a1797e29626cf -> 
  custom:container-demuxer-webm: 4f35f7cbe854078d1ac9338744f61a02 -> 
  custom:video-encoder-webm-vp8: eb34c28f22e8b96e1ab97ce403110664 -> 
========================================================================
Received Prepare
Begin MonoManager ReloadAssembly
Symbol file LoadedFromMemory is not a mono symbol file
- Loaded All Assemblies, in  0.643 seconds
Refreshing native plugins compatible for Editor in 11.48 ms, found 10 plugins.
Native extension for WindowsStandalone target not found
Native extension for iOS target not found
Native extension for Android target not found
[Package Manager] Server::EnsureServerProcessIsRunning -- launch failed, reason: Unity was launched with the -noUpm command-line argument
[Package Manager] UpmClient::Send -- Unable to send message (not connected to UPM process).
[Package Manager] Cannot connect to Unity Package Manager local server
Debug [AppLovin MAX] Deleting obsolete network AdColony from path Assets\MaxSdk/Mediation/AdColony...
UnityEngine.StackTraceUtility:ExtractStackTrace ()
UnityEngine.DebugLogHandler:LogFormat (UnityEngine.LogType,UnityEngine.Object,string,object[])
UnityEngine.Logger:Log (UnityEngine.LogType,object)
UnityEngine.Debug:Log (object)
MaxSdkLogger:UserDebug (string) (at Assets/MaxSdk/Scripts/MaxSdkLogger.cs:13)
AppLovinMax.Scripts.IntegrationManager.Editor.AppLovinInitialize:.cctor () (at Assets/MaxSdk/Scripts/IntegrationManager/Editor/AppLovinInitialize.cs:118)
System.Runtime.CompilerServices.RuntimeHelpers:RunClassConstructor (System.RuntimeTypeHandle)
UnityEditor.EditorAssemblies:ProcessInitializeOnLoadAttributes (System.Type[])

(Filename: Assets/MaxSdk/Scripts/MaxSdkLogger.cs Line: 13)

Debug [AppLovin MAX] AppLovin MAX Migration completed
UnityEngine.StackTraceUtility:ExtractStackTrace ()
UnityEngine.DebugLogHandler:LogFormat (UnityEngine.LogType,UnityEngine.Object,string,object[])
UnityEngine.Logger:Log (UnityEngine.LogType,object)
UnityEngine.Debug:Log (object)
MaxSdkLogger:UserDebug (string) (at Assets/MaxSdk/Scripts/MaxSdkLogger.cs:13)
AppLovinMax.Scripts.IntegrationManager.Editor.AppLovinInitialize:.cctor () (at Assets/MaxSdk/Scripts/IntegrationManager/Editor/AppLovinInitialize.cs:128)
System.Runtime.CompilerServices.RuntimeHelpers:RunClassConstructor (System.RuntimeTypeHandle)
UnityEditor.EditorAssemblies:ProcessInitializeOnLoadAttributes (System.Type[])

(Filename: Assets/MaxSdk/Scripts/MaxSdkLogger.cs Line: 13)

Mono: successfully reloaded assembly
- Finished resetting the current domain, in  1.224 seconds
Domain Reload Profiling: 1865ms
	BeginReloadAssembly (186ms)
		ExecutionOrderSort (0ms)
		DisableScriptedObjects (9ms)
		BackupInstance (0ms)
		ReleaseScriptingObjects (0ms)
		CreateAndSetChildDomain (73ms)
	RebuildCommonClasses (26ms)
	RebuildNativeTypeToScriptingClass (11ms)
	initialDomainReloadingComplete (32ms)
	LoadAllAssembliesAndSetupDomain (386ms)
		LoadAssemblies (392ms)
		RebuildTransferFunctionScriptingTraits (0ms)
		AnalyzeDomain (71ms)
			TypeCache.Refresh (33ms)
				TypeCache.ScanAssembly (15ms)
			ScanForSourceGeneratedMonoScriptInfo (22ms)
			ResolveRequiredComponents (13ms)
	FinalizeReload (1224ms)
		ReleaseScriptCaches (0ms)
		RebuildScriptCaches (0ms)
		SetupLoadedEditorAssemblies (854ms)
			LogAssemblyErrors (0ms)
			InitializePlatformSupportModulesInManaged (26ms)
			SetLoadedEditorAssemblies (3ms)
			RefreshPlugins (0ms)
			BeforeProcessingInitializeOnLoad (67ms)
			ProcessInitializeOnLoadAttributes (653ms)
			ProcessInitializeOnLoadMethodAttributes (100ms)
			AfterProcessingInitializeOnLoad (4ms)
			EditorAssembliesLoaded (0ms)
		ExecutionOrderSort2 (0ms)
		AwakeInstancesAfterBackupRestoration (8ms)
OnLevelWasLoaded was found on Reporter
This message has been deprecated and will be removed in a later version of Unity.
Add a delegate to SceneManager.sceneLoaded instead to get notifications after scene loading has completed
OnLevelWasLoaded was found on BoxController
This message has been deprecated and will be removed in a later version of Unity.
Add a delegate to SceneManager.sceneLoaded instead to get notifications after scene loading has completed
OnLevelWasLoaded was found on AdmobAds
This message has been deprecated and will be removed in a later version of Unity.
Add a delegate to SceneManager.sceneLoaded instead to get notifications after scene loading has completed
Refreshing native plugins compatible for Editor in 10.78 ms, found 10 plugins.
Preloading 0 native plugins for Editor in 0.00 ms.
Unloading 7072 Unused Serialized files (Serialized files now loaded: 0)
Unloading 342 unused Assets / (2.0 MB). Loaded Objects now: 8512.
Memory consumption went from 294.6 MB to 292.6 MB.
Total: 18.928700 ms (FindLiveObjects: 0.545300 ms CreateObjectMapping: 0.276700 ms MarkObjects: 16.352000 ms  DeleteObjects: 1.753600 ms)

Prepare: number of updated asset objects reloaded= 0
AssetImportParameters requested are different than current active one (requested -> active):
  custom:container-demuxer-ogg: 62fdf1f143b41e24485cea50d1cbac27 -> 
  custom:framework-win-MediaFoundation: 216162199b28c13a410421893ffa2e32 -> 
  custom:container-muxer-webm: aa71ff27fc2769a1b78a27578f13a17b -> 
  custom:video-decoder-webm-vp8: 9c59270c3fd7afecdb556c50c9e8de78 -> 
  custom:SearchIndexIgnoredProperties: e643bd26f0fe6173181afceb89e7c659 -> 
  custom:AudioImporter_EditorPlatform: d09bf68614088b80899f8185d706f6e7 -> 
  custom:audio-decoder-ogg-vorbis: bf7c407c2cedff20999df2af8eb42d56 -> 
  custom:audio-encoder-webm-vorbis: bf7c407c2cedff20999df2af8eb42d56 -> 
  custom:video-decoder-ogg-theora: a1e56fd34408186e4bbccfd4996cb3dc -> 
  custom:CustomObjectIndexerAttribute: 62b5816608c3102f162a1797e29626cf -> 
  custom:container-demuxer-webm: 4f35f7cbe854078d1ac9338744f61a02 -> 
  custom:video-encoder-webm-vp8: eb34c28f22e8b96e1ab97ce403110664 -> 
========================================================================
Received Prepare
Begin MonoManager ReloadAssembly
Symbol file LoadedFromMemory is not a mono symbol file
- Loaded All Assemblies, in  0.606 seconds
Refreshing native plugins compatible for Editor in 14.28 ms, found 10 plugins.
Native extension for WindowsStandalone target not found
Native extension for iOS target not found
Native extension for Android target not found
[Package Manager] Server::EnsureServerProcessIsRunning -- launch failed, reason: Unity was launched with the -noUpm command-line argument
[Package Manager] UpmClient::Send -- Unable to send message (not connected to UPM process).
[Package Manager] Cannot connect to Unity Package Manager local server
Debug [AppLovin MAX] Deleting obsolete network AdColony from path Assets\MaxSdk/Mediation/AdColony...
UnityEngine.StackTraceUtility:ExtractStackTrace ()
UnityEngine.DebugLogHandler:LogFormat (UnityEngine.LogType,UnityEngine.Object,string,object[])
UnityEngine.Logger:Log (UnityEngine.LogType,object)
UnityEngine.Debug:Log (object)
MaxSdkLogger:UserDebug (string) (at Assets/MaxSdk/Scripts/MaxSdkLogger.cs:13)
AppLovinMax.Scripts.IntegrationManager.Editor.AppLovinInitialize:.cctor () (at Assets/MaxSdk/Scripts/IntegrationManager/Editor/AppLovinInitialize.cs:118)
System.Runtime.CompilerServices.RuntimeHelpers:RunClassConstructor (System.RuntimeTypeHandle)
UnityEditor.EditorAssemblies:ProcessInitializeOnLoadAttributes (System.Type[])

(Filename: Assets/MaxSdk/Scripts/MaxSdkLogger.cs Line: 13)

Debug [AppLovin MAX] AppLovin MAX Migration completed
UnityEngine.StackTraceUtility:ExtractStackTrace ()
UnityEngine.DebugLogHandler:LogFormat (UnityEngine.LogType,UnityEngine.Object,string,object[])
UnityEngine.Logger:Log (UnityEngine.LogType,object)
UnityEngine.Debug:Log (object)
MaxSdkLogger:UserDebug (string) (at Assets/MaxSdk/Scripts/MaxSdkLogger.cs:13)
AppLovinMax.Scripts.IntegrationManager.Editor.AppLovinInitialize:.cctor () (at Assets/MaxSdk/Scripts/IntegrationManager/Editor/AppLovinInitialize.cs:128)
System.Runtime.CompilerServices.RuntimeHelpers:RunClassConstructor (System.RuntimeTypeHandle)
UnityEditor.EditorAssemblies:ProcessInitializeOnLoadAttributes (System.Type[])

(Filename: Assets/MaxSdk/Scripts/MaxSdkLogger.cs Line: 13)

Mono: successfully reloaded assembly
- Finished resetting the current domain, in  1.215 seconds
Domain Reload Profiling: 1818ms
	BeginReloadAssembly (162ms)
		ExecutionOrderSort (0ms)
		DisableScriptedObjects (11ms)
		BackupInstance (0ms)
		ReleaseScriptingObjects (0ms)
		CreateAndSetChildDomain (55ms)
	RebuildCommonClasses (26ms)
	RebuildNativeTypeToScriptingClass (9ms)
	initialDomainReloadingComplete (31ms)
	LoadAllAssembliesAndSetupDomain (375ms)
		LoadAssemblies (372ms)
		RebuildTransferFunctionScriptingTraits (0ms)
		AnalyzeDomain (71ms)
			TypeCache.Refresh (27ms)
				TypeCache.ScanAssembly (10ms)
			ScanForSourceGeneratedMonoScriptInfo (25ms)
			ResolveRequiredComponents (17ms)
	FinalizeReload (1215ms)
		ReleaseScriptCaches (0ms)
		RebuildScriptCaches (0ms)
		SetupLoadedEditorAssemblies (833ms)
			LogAssemblyErrors (0ms)
			InitializePlatformSupportModulesInManaged (26ms)
			SetLoadedEditorAssemblies (3ms)
			RefreshPlugins (0ms)
			BeforeProcessingInitializeOnLoad (66ms)
			ProcessInitializeOnLoadAttributes (635ms)
			ProcessInitializeOnLoadMethodAttributes (98ms)
			AfterProcessingInitializeOnLoad (4ms)
			EditorAssembliesLoaded (0ms)
		ExecutionOrderSort2 (0ms)
		AwakeInstancesAfterBackupRestoration (9ms)
OnLevelWasLoaded was found on Reporter
This message has been deprecated and will be removed in a later version of Unity.
Add a delegate to SceneManager.sceneLoaded instead to get notifications after scene loading has completed
OnLevelWasLoaded was found on BoxController
This message has been deprecated and will be removed in a later version of Unity.
Add a delegate to SceneManager.sceneLoaded instead to get notifications after scene loading has completed
OnLevelWasLoaded was found on AdmobAds
This message has been deprecated and will be removed in a later version of Unity.
Add a delegate to SceneManager.sceneLoaded instead to get notifications after scene loading has completed
Refreshing native plugins compatible for Editor in 10.13 ms, found 10 plugins.
Preloading 0 native plugins for Editor in 0.00 ms.
Unloading 7072 Unused Serialized files (Serialized files now loaded: 0)
Unloading 342 unused Assets / (2.1 MB). Loaded Objects now: 8548.
Memory consumption went from 296.7 MB to 294.6 MB.
Total: 16.178100 ms (FindLiveObjects: 0.505900 ms CreateObjectMapping: 0.230000 ms MarkObjects: 14.138400 ms  DeleteObjects: 1.302800 ms)

Prepare: number of updated asset objects reloaded= 0
AssetImportParameters requested are different than current active one (requested -> active):
  custom:container-demuxer-ogg: 62fdf1f143b41e24485cea50d1cbac27 -> 
  custom:framework-win-MediaFoundation: 216162199b28c13a410421893ffa2e32 -> 
  custom:container-muxer-webm: aa71ff27fc2769a1b78a27578f13a17b -> 
  custom:video-decoder-webm-vp8: 9c59270c3fd7afecdb556c50c9e8de78 -> 
  custom:SearchIndexIgnoredProperties: e643bd26f0fe6173181afceb89e7c659 -> 
  custom:AudioImporter_EditorPlatform: d09bf68614088b80899f8185d706f6e7 -> 
  custom:audio-decoder-ogg-vorbis: bf7c407c2cedff20999df2af8eb42d56 -> 
  custom:audio-encoder-webm-vorbis: bf7c407c2cedff20999df2af8eb42d56 -> 
  custom:video-decoder-ogg-theora: a1e56fd34408186e4bbccfd4996cb3dc -> 
  custom:CustomObjectIndexerAttribute: 62b5816608c3102f162a1797e29626cf -> 
  custom:container-demuxer-webm: 4f35f7cbe854078d1ac9338744f61a02 -> 
  custom:video-encoder-webm-vp8: eb34c28f22e8b96e1ab97ce403110664 -> 
========================================================================
Received Prepare
Begin MonoManager ReloadAssembly
Symbol file LoadedFromMemory is not a mono symbol file
- Loaded All Assemblies, in  0.617 seconds
Refreshing native plugins compatible for Editor in 11.33 ms, found 10 plugins.
Native extension for WindowsStandalone target not found
Native extension for iOS target not found
Native extension for Android target not found
[Package Manager] Server::EnsureServerProcessIsRunning -- launch failed, reason: Unity was launched with the -noUpm command-line argument
[Package Manager] UpmClient::Send -- Unable to send message (not connected to UPM process).
[Package Manager] Cannot connect to Unity Package Manager local server
Debug [AppLovin MAX] Deleting obsolete network AdColony from path Assets\MaxSdk/Mediation/AdColony...
UnityEngine.StackTraceUtility:ExtractStackTrace ()
UnityEngine.DebugLogHandler:LogFormat (UnityEngine.LogType,UnityEngine.Object,string,object[])
UnityEngine.Logger:Log (UnityEngine.LogType,object)
UnityEngine.Debug:Log (object)
MaxSdkLogger:UserDebug (string) (at Assets/MaxSdk/Scripts/MaxSdkLogger.cs:13)
AppLovinMax.Scripts.IntegrationManager.Editor.AppLovinInitialize:.cctor () (at Assets/MaxSdk/Scripts/IntegrationManager/Editor/AppLovinInitialize.cs:118)
System.Runtime.CompilerServices.RuntimeHelpers:RunClassConstructor (System.RuntimeTypeHandle)
UnityEditor.EditorAssemblies:ProcessInitializeOnLoadAttributes (System.Type[])

(Filename: Assets/MaxSdk/Scripts/MaxSdkLogger.cs Line: 13)

Debug [AppLovin MAX] AppLovin MAX Migration completed
UnityEngine.StackTraceUtility:ExtractStackTrace ()
UnityEngine.DebugLogHandler:LogFormat (UnityEngine.LogType,UnityEngine.Object,string,object[])
UnityEngine.Logger:Log (UnityEngine.LogType,object)
UnityEngine.Debug:Log (object)
MaxSdkLogger:UserDebug (string) (at Assets/MaxSdk/Scripts/MaxSdkLogger.cs:13)
AppLovinMax.Scripts.IntegrationManager.Editor.AppLovinInitialize:.cctor () (at Assets/MaxSdk/Scripts/IntegrationManager/Editor/AppLovinInitialize.cs:128)
System.Runtime.CompilerServices.RuntimeHelpers:RunClassConstructor (System.RuntimeTypeHandle)
UnityEditor.EditorAssemblies:ProcessInitializeOnLoadAttributes (System.Type[])

(Filename: Assets/MaxSdk/Scripts/MaxSdkLogger.cs Line: 13)

Mono: successfully reloaded assembly
- Finished resetting the current domain, in  1.223 seconds
Domain Reload Profiling: 1837ms
	BeginReloadAssembly (160ms)
		ExecutionOrderSort (0ms)
		DisableScriptedObjects (8ms)
		BackupInstance (0ms)
		ReleaseScriptingObjects (0ms)
		CreateAndSetChildDomain (51ms)
	RebuildCommonClasses (30ms)
	RebuildNativeTypeToScriptingClass (9ms)
	initialDomainReloadingComplete (34ms)
	LoadAllAssembliesAndSetupDomain (381ms)
		LoadAssemblies (387ms)
		RebuildTransferFunctionScriptingTraits (0ms)
		AnalyzeDomain (68ms)
			TypeCache.Refresh (27ms)
				TypeCache.ScanAssembly (12ms)
			ScanForSourceGeneratedMonoScriptInfo (27ms)
			ResolveRequiredComponents (13ms)
	FinalizeReload (1223ms)
		ReleaseScriptCaches (0ms)
		RebuildScriptCaches (0ms)
		SetupLoadedEditorAssemblies (845ms)
			LogAssemblyErrors (0ms)
			InitializePlatformSupportModulesInManaged (34ms)
			SetLoadedEditorAssemblies (4ms)
			RefreshPlugins (0ms)
			BeforeProcessingInitializeOnLoad (64ms)
			ProcessInitializeOnLoadAttributes (635ms)
			ProcessInitializeOnLoadMethodAttributes (102ms)
			AfterProcessingInitializeOnLoad (6ms)
			EditorAssembliesLoaded (0ms)
		ExecutionOrderSort2 (0ms)
		AwakeInstancesAfterBackupRestoration (9ms)
OnLevelWasLoaded was found on Reporter
This message has been deprecated and will be removed in a later version of Unity.
Add a delegate to SceneManager.sceneLoaded instead to get notifications after scene loading has completed
OnLevelWasLoaded was found on BoxController
This message has been deprecated and will be removed in a later version of Unity.
Add a delegate to SceneManager.sceneLoaded instead to get notifications after scene loading has completed
OnLevelWasLoaded was found on AdmobAds
This message has been deprecated and will be removed in a later version of Unity.
Add a delegate to SceneManager.sceneLoaded instead to get notifications after scene loading has completed
Refreshing native plugins compatible for Editor in 11.00 ms, found 10 plugins.
Preloading 0 native plugins for Editor in 0.00 ms.
Unloading 7072 Unused Serialized files (Serialized files now loaded: 0)
Unloading 342 unused Assets / (2.0 MB). Loaded Objects now: 8584.
Memory consumption went from 298.6 MB to 296.6 MB.
Total: 17.618000 ms (FindLiveObjects: 0.543800 ms CreateObjectMapping: 0.286100 ms MarkObjects: 15.420500 ms  DeleteObjects: 1.366400 ms)

Prepare: number of updated asset objects reloaded= 0
AssetImportParameters requested are different than current active one (requested -> active):
  custom:container-demuxer-ogg: 62fdf1f143b41e24485cea50d1cbac27 -> 
  custom:framework-win-MediaFoundation: 216162199b28c13a410421893ffa2e32 -> 
  custom:container-muxer-webm: aa71ff27fc2769a1b78a27578f13a17b -> 
  custom:video-decoder-webm-vp8: 9c59270c3fd7afecdb556c50c9e8de78 -> 
  custom:SearchIndexIgnoredProperties: e643bd26f0fe6173181afceb89e7c659 -> 
  custom:AudioImporter_EditorPlatform: d09bf68614088b80899f8185d706f6e7 -> 
  custom:audio-decoder-ogg-vorbis: bf7c407c2cedff20999df2af8eb42d56 -> 
  custom:audio-encoder-webm-vorbis: bf7c407c2cedff20999df2af8eb42d56 -> 
  custom:video-decoder-ogg-theora: a1e56fd34408186e4bbccfd4996cb3dc -> 
  custom:CustomObjectIndexerAttribute: 62b5816608c3102f162a1797e29626cf -> 
  custom:container-demuxer-webm: 4f35f7cbe854078d1ac9338744f61a02 -> 
  custom:video-encoder-webm-vp8: eb34c28f22e8b96e1ab97ce403110664 -> 
========================================================================
Received Prepare
Begin MonoManager ReloadAssembly
Symbol file LoadedFromMemory is not a mono symbol file
- Loaded All Assemblies, in  0.941 seconds
Refreshing native plugins compatible for Editor in 23.56 ms, found 10 plugins.
Native extension for WindowsStandalone target not found
Native extension for iOS target not found
Native extension for Android target not found
[Package Manager] Server::EnsureServerProcessIsRunning -- launch failed, reason: Unity was launched with the -noUpm command-line argument
[Package Manager] UpmClient::Send -- Unable to send message (not connected to UPM process).
[Package Manager] Cannot connect to Unity Package Manager local server
Debug [AppLovin MAX] Deleting obsolete network AdColony from path Assets\MaxSdk/Mediation/AdColony...
UnityEngine.StackTraceUtility:ExtractStackTrace ()
UnityEngine.DebugLogHandler:LogFormat (UnityEngine.LogType,UnityEngine.Object,string,object[])
UnityEngine.Logger:Log (UnityEngine.LogType,object)
UnityEngine.Debug:Log (object)
MaxSdkLogger:UserDebug (string) (at Assets/MaxSdk/Scripts/MaxSdkLogger.cs:13)
AppLovinMax.Scripts.IntegrationManager.Editor.AppLovinInitialize:.cctor () (at Assets/MaxSdk/Scripts/IntegrationManager/Editor/AppLovinInitialize.cs:118)
System.Runtime.CompilerServices.RuntimeHelpers:RunClassConstructor (System.RuntimeTypeHandle)
UnityEditor.EditorAssemblies:ProcessInitializeOnLoadAttributes (System.Type[])

(Filename: Assets/MaxSdk/Scripts/MaxSdkLogger.cs Line: 13)

Debug [AppLovin MAX] AppLovin MAX Migration completed
UnityEngine.StackTraceUtility:ExtractStackTrace ()
UnityEngine.DebugLogHandler:LogFormat (UnityEngine.LogType,UnityEngine.Object,string,object[])
UnityEngine.Logger:Log (UnityEngine.LogType,object)
UnityEngine.Debug:Log (object)
MaxSdkLogger:UserDebug (string) (at Assets/MaxSdk/Scripts/MaxSdkLogger.cs:13)
AppLovinMax.Scripts.IntegrationManager.Editor.AppLovinInitialize:.cctor () (at Assets/MaxSdk/Scripts/IntegrationManager/Editor/AppLovinInitialize.cs:128)
System.Runtime.CompilerServices.RuntimeHelpers:RunClassConstructor (System.RuntimeTypeHandle)
UnityEditor.EditorAssemblies:ProcessInitializeOnLoadAttributes (System.Type[])

(Filename: Assets/MaxSdk/Scripts/MaxSdkLogger.cs Line: 13)

Mono: successfully reloaded assembly
- Finished resetting the current domain, in  1.621 seconds
Domain Reload Profiling: 2561ms
	BeginReloadAssembly (185ms)
		ExecutionOrderSort (0ms)
		DisableScriptedObjects (9ms)
		BackupInstance (0ms)
		ReleaseScriptingObjects (0ms)
		CreateAndSetChildDomain (59ms)
	RebuildCommonClasses (27ms)
	RebuildNativeTypeToScriptingClass (9ms)
	initialDomainReloadingComplete (35ms)
	LoadAllAssembliesAndSetupDomain (683ms)
		LoadAssemblies (473ms)
		RebuildTransferFunctionScriptingTraits (0ms)
		AnalyzeDomain (289ms)
			TypeCache.Refresh (140ms)
				TypeCache.ScanAssembly (32ms)
			ScanForSourceGeneratedMonoScriptInfo (82ms)
			ResolveRequiredComponents (63ms)
	FinalizeReload (1622ms)
		ReleaseScriptCaches (0ms)
		RebuildScriptCaches (0ms)
		SetupLoadedEditorAssemblies (995ms)
			LogAssemblyErrors (0ms)
			InitializePlatformSupportModulesInManaged (28ms)
			SetLoadedEditorAssemblies (3ms)
			RefreshPlugins (0ms)
			BeforeProcessingInitializeOnLoad (67ms)
			ProcessInitializeOnLoadAttributes (783ms)
			ProcessInitializeOnLoadMethodAttributes (108ms)
			AfterProcessingInitializeOnLoad (4ms)
			EditorAssembliesLoaded (0ms)
		ExecutionOrderSort2 (0ms)
		AwakeInstancesAfterBackupRestoration (9ms)
OnLevelWasLoaded was found on Reporter
This message has been deprecated and will be removed in a later version of Unity.
Add a delegate to SceneManager.sceneLoaded instead to get notifications after scene loading has completed
OnLevelWasLoaded was found on BoxController
This message has been deprecated and will be removed in a later version of Unity.
Add a delegate to SceneManager.sceneLoaded instead to get notifications after scene loading has completed
OnLevelWasLoaded was found on AdmobAds
This message has been deprecated and will be removed in a later version of Unity.
Add a delegate to SceneManager.sceneLoaded instead to get notifications after scene loading has completed
Refreshing native plugins compatible for Editor in 15.98 ms, found 10 plugins.
Preloading 0 native plugins for Editor in 0.00 ms.
Unloading 7072 Unused Serialized files (Serialized files now loaded: 0)
Unloading 342 unused Assets / (2.0 MB). Loaded Objects now: 8620.
Memory consumption went from 300.6 MB to 298.6 MB.
Total: 84.326400 ms (FindLiveObjects: 1.557000 ms CreateObjectMapping: 2.077600 ms MarkObjects: 66.206800 ms  DeleteObjects: 14.478800 ms)

Prepare: number of updated asset objects reloaded= 0
AssetImportParameters requested are different than current active one (requested -> active):
  custom:container-demuxer-ogg: 62fdf1f143b41e24485cea50d1cbac27 -> 
  custom:framework-win-MediaFoundation: 216162199b28c13a410421893ffa2e32 -> 
  custom:container-muxer-webm: aa71ff27fc2769a1b78a27578f13a17b -> 
  custom:video-decoder-webm-vp8: 9c59270c3fd7afecdb556c50c9e8de78 -> 
  custom:SearchIndexIgnoredProperties: e643bd26f0fe6173181afceb89e7c659 -> 
  custom:AudioImporter_EditorPlatform: d09bf68614088b80899f8185d706f6e7 -> 
  custom:audio-decoder-ogg-vorbis: bf7c407c2cedff20999df2af8eb42d56 -> 
  custom:audio-encoder-webm-vorbis: bf7c407c2cedff20999df2af8eb42d56 -> 
  custom:video-decoder-ogg-theora: a1e56fd34408186e4bbccfd4996cb3dc -> 
  custom:CustomObjectIndexerAttribute: 62b5816608c3102f162a1797e29626cf -> 
  custom:container-demuxer-webm: 4f35f7cbe854078d1ac9338744f61a02 -> 
  custom:video-encoder-webm-vp8: eb34c28f22e8b96e1ab97ce403110664 -> 
========================================================================
Received Prepare
Begin MonoManager ReloadAssembly
Symbol file LoadedFromMemory is not a mono symbol file
- Loaded All Assemblies, in  0.604 seconds
Refreshing native plugins compatible for Editor in 11.63 ms, found 10 plugins.
Native extension for WindowsStandalone target not found
Native extension for iOS target not found
Native extension for Android target not found
[Package Manager] Server::EnsureServerProcessIsRunning -- launch failed, reason: Unity was launched with the -noUpm command-line argument
[Package Manager] UpmClient::Send -- Unable to send message (not connected to UPM process).
[Package Manager] Cannot connect to Unity Package Manager local server
Debug [AppLovin MAX] Deleting obsolete network AdColony from path Assets\MaxSdk/Mediation/AdColony...
UnityEngine.StackTraceUtility:ExtractStackTrace ()
UnityEngine.DebugLogHandler:LogFormat (UnityEngine.LogType,UnityEngine.Object,string,object[])
UnityEngine.Logger:Log (UnityEngine.LogType,object)
UnityEngine.Debug:Log (object)
MaxSdkLogger:UserDebug (string) (at Assets/MaxSdk/Scripts/MaxSdkLogger.cs:13)
AppLovinMax.Scripts.IntegrationManager.Editor.AppLovinInitialize:.cctor () (at Assets/MaxSdk/Scripts/IntegrationManager/Editor/AppLovinInitialize.cs:118)
System.Runtime.CompilerServices.RuntimeHelpers:RunClassConstructor (System.RuntimeTypeHandle)
UnityEditor.EditorAssemblies:ProcessInitializeOnLoadAttributes (System.Type[])

(Filename: Assets/MaxSdk/Scripts/MaxSdkLogger.cs Line: 13)

Debug [AppLovin MAX] AppLovin MAX Migration completed
UnityEngine.StackTraceUtility:ExtractStackTrace ()
UnityEngine.DebugLogHandler:LogFormat (UnityEngine.LogType,UnityEngine.Object,string,object[])
UnityEngine.Logger:Log (UnityEngine.LogType,object)
UnityEngine.Debug:Log (object)
MaxSdkLogger:UserDebug (string) (at Assets/MaxSdk/Scripts/MaxSdkLogger.cs:13)
AppLovinMax.Scripts.IntegrationManager.Editor.AppLovinInitialize:.cctor () (at Assets/MaxSdk/Scripts/IntegrationManager/Editor/AppLovinInitialize.cs:128)
System.Runtime.CompilerServices.RuntimeHelpers:RunClassConstructor (System.RuntimeTypeHandle)
UnityEditor.EditorAssemblies:ProcessInitializeOnLoadAttributes (System.Type[])

(Filename: Assets/MaxSdk/Scripts/MaxSdkLogger.cs Line: 13)

Mono: successfully reloaded assembly
- Finished resetting the current domain, in  1.210 seconds
Domain Reload Profiling: 1812ms
	BeginReloadAssembly (170ms)
		ExecutionOrderSort (0ms)
		DisableScriptedObjects (11ms)
		BackupInstance (0ms)
		ReleaseScriptingObjects (0ms)
		CreateAndSetChildDomain (57ms)
	RebuildCommonClasses (32ms)
	RebuildNativeTypeToScriptingClass (9ms)
	initialDomainReloadingComplete (32ms)
	LoadAllAssembliesAndSetupDomain (358ms)
		LoadAssemblies (372ms)
		RebuildTransferFunctionScriptingTraits (0ms)
		AnalyzeDomain (62ms)
			TypeCache.Refresh (27ms)
				TypeCache.ScanAssembly (12ms)
			ScanForSourceGeneratedMonoScriptInfo (20ms)
			ResolveRequiredComponents (13ms)
	FinalizeReload (1211ms)
		ReleaseScriptCaches (0ms)
		RebuildScriptCaches (0ms)
		SetupLoadedEditorAssemblies (819ms)
			LogAssemblyErrors (0ms)
			InitializePlatformSupportModulesInManaged (34ms)
			SetLoadedEditorAssemblies (3ms)
			RefreshPlugins (0ms)
			BeforeProcessingInitializeOnLoad (63ms)
			ProcessInitializeOnLoadAttributes (617ms)
			ProcessInitializeOnLoadMethodAttributes (97ms)
			AfterProcessingInitializeOnLoad (4ms)
			EditorAssembliesLoaded (0ms)
		ExecutionOrderSort2 (0ms)
		AwakeInstancesAfterBackupRestoration (9ms)
OnLevelWasLoaded was found on Reporter
This message has been deprecated and will be removed in a later version of Unity.
Add a delegate to SceneManager.sceneLoaded instead to get notifications after scene loading has completed
OnLevelWasLoaded was found on BoxController
This message has been deprecated and will be removed in a later version of Unity.
Add a delegate to SceneManager.sceneLoaded instead to get notifications after scene loading has completed
OnLevelWasLoaded was found on AdmobAds
This message has been deprecated and will be removed in a later version of Unity.
Add a delegate to SceneManager.sceneLoaded instead to get notifications after scene loading has completed
Refreshing native plugins compatible for Editor in 12.02 ms, found 10 plugins.
Preloading 0 native plugins for Editor in 0.00 ms.
Unloading 7072 Unused Serialized files (Serialized files now loaded: 0)
Unloading 342 unused Assets / (2.0 MB). Loaded Objects now: 8656.
Memory consumption went from 302.6 MB to 300.6 MB.
Total: 17.027400 ms (FindLiveObjects: 0.525500 ms CreateObjectMapping: 0.292900 ms MarkObjects: 14.704400 ms  DeleteObjects: 1.503200 ms)

Prepare: number of updated asset objects reloaded= 0
AssetImportParameters requested are different than current active one (requested -> active):
  custom:container-demuxer-ogg: 62fdf1f143b41e24485cea50d1cbac27 -> 
  custom:framework-win-MediaFoundation: 216162199b28c13a410421893ffa2e32 -> 
  custom:container-muxer-webm: aa71ff27fc2769a1b78a27578f13a17b -> 
  custom:video-decoder-webm-vp8: 9c59270c3fd7afecdb556c50c9e8de78 -> 
  custom:SearchIndexIgnoredProperties: e643bd26f0fe6173181afceb89e7c659 -> 
  custom:AudioImporter_EditorPlatform: d09bf68614088b80899f8185d706f6e7 -> 
  custom:audio-decoder-ogg-vorbis: bf7c407c2cedff20999df2af8eb42d56 -> 
  custom:audio-encoder-webm-vorbis: bf7c407c2cedff20999df2af8eb42d56 -> 
  custom:video-decoder-ogg-theora: a1e56fd34408186e4bbccfd4996cb3dc -> 
  custom:CustomObjectIndexerAttribute: 62b5816608c3102f162a1797e29626cf -> 
  custom:container-demuxer-webm: 4f35f7cbe854078d1ac9338744f61a02 -> 
  custom:video-encoder-webm-vp8: eb34c28f22e8b96e1ab97ce403110664 -> 
========================================================================
Received Prepare
Begin MonoManager ReloadAssembly
Symbol file LoadedFromMemory is not a mono symbol file
- Loaded All Assemblies, in  0.624 seconds
Refreshing native plugins compatible for Editor in 11.28 ms, found 10 plugins.
Native extension for WindowsStandalone target not found
Native extension for iOS target not found
Native extension for Android target not found
[Package Manager] Server::EnsureServerProcessIsRunning -- launch failed, reason: Unity was launched with the -noUpm command-line argument
[Package Manager] UpmClient::Send -- Unable to send message (not connected to UPM process).
[Package Manager] Cannot connect to Unity Package Manager local server
Debug [AppLovin MAX] Deleting obsolete network AdColony from path Assets\MaxSdk/Mediation/AdColony...
UnityEngine.StackTraceUtility:ExtractStackTrace ()
UnityEngine.DebugLogHandler:LogFormat (UnityEngine.LogType,UnityEngine.Object,string,object[])
UnityEngine.Logger:Log (UnityEngine.LogType,object)
UnityEngine.Debug:Log (object)
MaxSdkLogger:UserDebug (string) (at Assets/MaxSdk/Scripts/MaxSdkLogger.cs:13)
AppLovinMax.Scripts.IntegrationManager.Editor.AppLovinInitialize:.cctor () (at Assets/MaxSdk/Scripts/IntegrationManager/Editor/AppLovinInitialize.cs:118)
System.Runtime.CompilerServices.RuntimeHelpers:RunClassConstructor (System.RuntimeTypeHandle)
UnityEditor.EditorAssemblies:ProcessInitializeOnLoadAttributes (System.Type[])

(Filename: Assets/MaxSdk/Scripts/MaxSdkLogger.cs Line: 13)

Debug [AppLovin MAX] AppLovin MAX Migration completed
UnityEngine.StackTraceUtility:ExtractStackTrace ()
UnityEngine.DebugLogHandler:LogFormat (UnityEngine.LogType,UnityEngine.Object,string,object[])
UnityEngine.Logger:Log (UnityEngine.LogType,object)
UnityEngine.Debug:Log (object)
MaxSdkLogger:UserDebug (string) (at Assets/MaxSdk/Scripts/MaxSdkLogger.cs:13)
AppLovinMax.Scripts.IntegrationManager.Editor.AppLovinInitialize:.cctor () (at Assets/MaxSdk/Scripts/IntegrationManager/Editor/AppLovinInitialize.cs:128)
System.Runtime.CompilerServices.RuntimeHelpers:RunClassConstructor (System.RuntimeTypeHandle)
UnityEditor.EditorAssemblies:ProcessInitializeOnLoadAttributes (System.Type[])

(Filename: Assets/MaxSdk/Scripts/MaxSdkLogger.cs Line: 13)

Mono: successfully reloaded assembly
- Finished resetting the current domain, in  1.212 seconds
Domain Reload Profiling: 1834ms
	BeginReloadAssembly (162ms)
		ExecutionOrderSort (0ms)
		DisableScriptedObjects (10ms)
		BackupInstance (0ms)
		ReleaseScriptingObjects (0ms)
		CreateAndSetChildDomain (49ms)
	RebuildCommonClasses (28ms)
	RebuildNativeTypeToScriptingClass (9ms)
	initialDomainReloadingComplete (40ms)
	LoadAllAssembliesAndSetupDomain (383ms)
		LoadAssemblies (396ms)
		RebuildTransferFunctionScriptingTraits (0ms)
		AnalyzeDomain (59ms)
			TypeCache.Refresh (26ms)
				TypeCache.ScanAssembly (10ms)
			ScanForSourceGeneratedMonoScriptInfo (20ms)
			ResolveRequiredComponents (12ms)
	FinalizeReload (1213ms)
		ReleaseScriptCaches (0ms)
		RebuildScriptCaches (0ms)
		SetupLoadedEditorAssemblies (831ms)
			LogAssemblyErrors (0ms)
			InitializePlatformSupportModulesInManaged (26ms)
			SetLoadedEditorAssemblies (3ms)
			RefreshPlugins (0ms)
			BeforeProcessingInitializeOnLoad (61ms)
			ProcessInitializeOnLoadAttributes (636ms)
			ProcessInitializeOnLoadMethodAttributes (100ms)
			AfterProcessingInitializeOnLoad (4ms)
			EditorAssembliesLoaded (0ms)
		ExecutionOrderSort2 (0ms)
		AwakeInstancesAfterBackupRestoration (9ms)
OnLevelWasLoaded was found on Reporter
This message has been deprecated and will be removed in a later version of Unity.
Add a delegate to SceneManager.sceneLoaded instead to get notifications after scene loading has completed
OnLevelWasLoaded was found on BoxController
This message has been deprecated and will be removed in a later version of Unity.
Add a delegate to SceneManager.sceneLoaded instead to get notifications after scene loading has completed
OnLevelWasLoaded was found on AdmobAds
This message has been deprecated and will be removed in a later version of Unity.
Add a delegate to SceneManager.sceneLoaded instead to get notifications after scene loading has completed
Refreshing native plugins compatible for Editor in 9.98 ms, found 10 plugins.
Preloading 0 native plugins for Editor in 0.00 ms.
Unloading 7072 Unused Serialized files (Serialized files now loaded: 0)
Unloading 342 unused Assets / (2.0 MB). Loaded Objects now: 8692.
Memory consumption went from 304.6 MB to 302.6 MB.
Total: 18.760700 ms (FindLiveObjects: 0.682000 ms CreateObjectMapping: 0.328300 ms MarkObjects: 15.906400 ms  DeleteObjects: 1.841600 ms)

Prepare: number of updated asset objects reloaded= 0
AssetImportParameters requested are different than current active one (requested -> active):
  custom:container-demuxer-ogg: 62fdf1f143b41e24485cea50d1cbac27 -> 
  custom:framework-win-MediaFoundation: 216162199b28c13a410421893ffa2e32 -> 
  custom:container-muxer-webm: aa71ff27fc2769a1b78a27578f13a17b -> 
  custom:video-decoder-webm-vp8: 9c59270c3fd7afecdb556c50c9e8de78 -> 
  custom:SearchIndexIgnoredProperties: e643bd26f0fe6173181afceb89e7c659 -> 
  custom:AudioImporter_EditorPlatform: d09bf68614088b80899f8185d706f6e7 -> 
  custom:audio-decoder-ogg-vorbis: bf7c407c2cedff20999df2af8eb42d56 -> 
  custom:audio-encoder-webm-vorbis: bf7c407c2cedff20999df2af8eb42d56 -> 
  custom:video-decoder-ogg-theora: a1e56fd34408186e4bbccfd4996cb3dc -> 
  custom:CustomObjectIndexerAttribute: 62b5816608c3102f162a1797e29626cf -> 
  custom:container-demuxer-webm: 4f35f7cbe854078d1ac9338744f61a02 -> 
  custom:video-encoder-webm-vp8: eb34c28f22e8b96e1ab97ce403110664 -> 
========================================================================
Received Prepare
Begin MonoManager ReloadAssembly
Symbol file LoadedFromMemory is not a mono symbol file
- Loaded All Assemblies, in  0.632 seconds
Refreshing native plugins compatible for Editor in 17.11 ms, found 10 plugins.
Native extension for WindowsStandalone target not found
Native extension for iOS target not found
Native extension for Android target not found
[Package Manager] Server::EnsureServerProcessIsRunning -- launch failed, reason: Unity was launched with the -noUpm command-line argument
[Package Manager] UpmClient::Send -- Unable to send message (not connected to UPM process).
[Package Manager] Cannot connect to Unity Package Manager local server
Debug [AppLovin MAX] Deleting obsolete network AdColony from path Assets\MaxSdk/Mediation/AdColony...
UnityEngine.StackTraceUtility:ExtractStackTrace ()
UnityEngine.DebugLogHandler:LogFormat (UnityEngine.LogType,UnityEngine.Object,string,object[])
UnityEngine.Logger:Log (UnityEngine.LogType,object)
UnityEngine.Debug:Log (object)
MaxSdkLogger:UserDebug (string) (at Assets/MaxSdk/Scripts/MaxSdkLogger.cs:13)
AppLovinMax.Scripts.IntegrationManager.Editor.AppLovinInitialize:.cctor () (at Assets/MaxSdk/Scripts/IntegrationManager/Editor/AppLovinInitialize.cs:118)
System.Runtime.CompilerServices.RuntimeHelpers:RunClassConstructor (System.RuntimeTypeHandle)
UnityEditor.EditorAssemblies:ProcessInitializeOnLoadAttributes (System.Type[])

(Filename: Assets/MaxSdk/Scripts/MaxSdkLogger.cs Line: 13)

Debug [AppLovin MAX] AppLovin MAX Migration completed
UnityEngine.StackTraceUtility:ExtractStackTrace ()
UnityEngine.DebugLogHandler:LogFormat (UnityEngine.LogType,UnityEngine.Object,string,object[])
UnityEngine.Logger:Log (UnityEngine.LogType,object)
UnityEngine.Debug:Log (object)
MaxSdkLogger:UserDebug (string) (at Assets/MaxSdk/Scripts/MaxSdkLogger.cs:13)
AppLovinMax.Scripts.IntegrationManager.Editor.AppLovinInitialize:.cctor () (at Assets/MaxSdk/Scripts/IntegrationManager/Editor/AppLovinInitialize.cs:128)
System.Runtime.CompilerServices.RuntimeHelpers:RunClassConstructor (System.RuntimeTypeHandle)
UnityEditor.EditorAssemblies:ProcessInitializeOnLoadAttributes (System.Type[])

(Filename: Assets/MaxSdk/Scripts/MaxSdkLogger.cs Line: 13)

Mono: successfully reloaded assembly
- Finished resetting the current domain, in  1.267 seconds
Domain Reload Profiling: 1898ms
	BeginReloadAssembly (183ms)
		ExecutionOrderSort (0ms)
		DisableScriptedObjects (9ms)
		BackupInstance (0ms)
		ReleaseScriptingObjects (0ms)
		CreateAndSetChildDomain (71ms)
	RebuildCommonClasses (28ms)
	RebuildNativeTypeToScriptingClass (9ms)
	initialDomainReloadingComplete (34ms)
	LoadAllAssembliesAndSetupDomain (377ms)
		LoadAssemblies (376ms)
		RebuildTransferFunctionScriptingTraits (0ms)
		AnalyzeDomain (75ms)
			TypeCache.Refresh (35ms)
				TypeCache.ScanAssembly (16ms)
			ScanForSourceGeneratedMonoScriptInfo (23ms)
			ResolveRequiredComponents (14ms)
	FinalizeReload (1268ms)
		ReleaseScriptCaches (0ms)
		RebuildScriptCaches (0ms)
		SetupLoadedEditorAssemblies (852ms)
			LogAssemblyErrors (0ms)
			InitializePlatformSupportModulesInManaged (27ms)
			SetLoadedEditorAssemblies (5ms)
			RefreshPlugins (0ms)
			BeforeProcessingInitializeOnLoad (64ms)
			ProcessInitializeOnLoadAttributes (643ms)
			ProcessInitializeOnLoadMethodAttributes (108ms)
			AfterProcessingInitializeOnLoad (4ms)
			EditorAssembliesLoaded (0ms)
		ExecutionOrderSort2 (0ms)
		AwakeInstancesAfterBackupRestoration (9ms)
OnLevelWasLoaded was found on Reporter
This message has been deprecated and will be removed in a later version of Unity.
Add a delegate to SceneManager.sceneLoaded instead to get notifications after scene loading has completed
OnLevelWasLoaded was found on BoxController
This message has been deprecated and will be removed in a later version of Unity.
Add a delegate to SceneManager.sceneLoaded instead to get notifications after scene loading has completed
OnLevelWasLoaded was found on AdmobAds
This message has been deprecated and will be removed in a later version of Unity.
Add a delegate to SceneManager.sceneLoaded instead to get notifications after scene loading has completed
Refreshing native plugins compatible for Editor in 11.16 ms, found 10 plugins.
Preloading 0 native plugins for Editor in 0.00 ms.
Unloading 7072 Unused Serialized files (Serialized files now loaded: 0)
Unloading 342 unused Assets / (2.0 MB). Loaded Objects now: 8728.
Memory consumption went from 306.6 MB to 304.5 MB.
Total: 18.817100 ms (FindLiveObjects: 0.644100 ms CreateObjectMapping: 0.314500 ms MarkObjects: 16.041300 ms  DeleteObjects: 1.815100 ms)

Prepare: number of updated asset objects reloaded= 0
AssetImportParameters requested are different than current active one (requested -> active):
  custom:container-demuxer-ogg: 62fdf1f143b41e24485cea50d1cbac27 -> 
  custom:framework-win-MediaFoundation: 216162199b28c13a410421893ffa2e32 -> 
  custom:container-muxer-webm: aa71ff27fc2769a1b78a27578f13a17b -> 
  custom:video-decoder-webm-vp8: 9c59270c3fd7afecdb556c50c9e8de78 -> 
  custom:SearchIndexIgnoredProperties: e643bd26f0fe6173181afceb89e7c659 -> 
  custom:AudioImporter_EditorPlatform: d09bf68614088b80899f8185d706f6e7 -> 
  custom:audio-decoder-ogg-vorbis: bf7c407c2cedff20999df2af8eb42d56 -> 
  custom:audio-encoder-webm-vorbis: bf7c407c2cedff20999df2af8eb42d56 -> 
  custom:video-decoder-ogg-theora: a1e56fd34408186e4bbccfd4996cb3dc -> 
  custom:CustomObjectIndexerAttribute: 62b5816608c3102f162a1797e29626cf -> 
  custom:container-demuxer-webm: 4f35f7cbe854078d1ac9338744f61a02 -> 
  custom:video-encoder-webm-vp8: eb34c28f22e8b96e1ab97ce403110664 -> 
========================================================================
Received Prepare
Begin MonoManager ReloadAssembly
Symbol file LoadedFromMemory is not a mono symbol file
- Loaded All Assemblies, in  0.615 seconds
Refreshing native plugins compatible for Editor in 13.77 ms, found 10 plugins.
Native extension for WindowsStandalone target not found
Native extension for iOS target not found
Native extension for Android target not found
[Package Manager] Server::EnsureServerProcessIsRunning -- launch failed, reason: Unity was launched with the -noUpm command-line argument
[Package Manager] UpmClient::Send -- Unable to send message (not connected to UPM process).
[Package Manager] Cannot connect to Unity Package Manager local server
Debug [AppLovin MAX] Deleting obsolete network AdColony from path Assets\MaxSdk/Mediation/AdColony...
UnityEngine.StackTraceUtility:ExtractStackTrace ()
UnityEngine.DebugLogHandler:LogFormat (UnityEngine.LogType,UnityEngine.Object,string,object[])
UnityEngine.Logger:Log (UnityEngine.LogType,object)
UnityEngine.Debug:Log (object)
MaxSdkLogger:UserDebug (string) (at Assets/MaxSdk/Scripts/MaxSdkLogger.cs:13)
AppLovinMax.Scripts.IntegrationManager.Editor.AppLovinInitialize:.cctor () (at Assets/MaxSdk/Scripts/IntegrationManager/Editor/AppLovinInitialize.cs:118)
System.Runtime.CompilerServices.RuntimeHelpers:RunClassConstructor (System.RuntimeTypeHandle)
UnityEditor.EditorAssemblies:ProcessInitializeOnLoadAttributes (System.Type[])

(Filename: Assets/MaxSdk/Scripts/MaxSdkLogger.cs Line: 13)

Debug [AppLovin MAX] AppLovin MAX Migration completed
UnityEngine.StackTraceUtility:ExtractStackTrace ()
UnityEngine.DebugLogHandler:LogFormat (UnityEngine.LogType,UnityEngine.Object,string,object[])
UnityEngine.Logger:Log (UnityEngine.LogType,object)
UnityEngine.Debug:Log (object)
MaxSdkLogger:UserDebug (string) (at Assets/MaxSdk/Scripts/MaxSdkLogger.cs:13)
AppLovinMax.Scripts.IntegrationManager.Editor.AppLovinInitialize:.cctor () (at Assets/MaxSdk/Scripts/IntegrationManager/Editor/AppLovinInitialize.cs:128)
System.Runtime.CompilerServices.RuntimeHelpers:RunClassConstructor (System.RuntimeTypeHandle)
UnityEditor.EditorAssemblies:ProcessInitializeOnLoadAttributes (System.Type[])

(Filename: Assets/MaxSdk/Scripts/MaxSdkLogger.cs Line: 13)

Unable to write to 'ProjectSettings\GvhProjectSettings.xml' (System.IO.IOException: Sharing violation on path D:\UnityProject\BonceMonney\ProjectSettings\GvhProjectSettings.xml
  at System.IO.FileStream..ctor (System.String path, System.IO.FileMode mode, System.IO.FileAccess access, System.IO.FileShare share, System.Int32 bufferSize, System.Boolean anonymous, System.IO.FileOptions options) [0x0019e] in <dc753a1061284f8e971ee88ee4826eee>:0 
  at System.IO.FileStream..ctor (System.String path, System.IO.FileMode mode, System.IO.FileAccess access, System.IO.FileShare share, System.Int32 bufferSize, System.IO.FileOptions options) [0x00000] in <dc753a1061284f8e971ee88ee4826eee>:0 
  at System.IO.FileStream..ctor (System.String path, System.IO.FileMode mode, System.IO.FileAccess access, System.IO.FileShare share, System.Int32 bufferSize, System.Boolean useAsync) [0x00000] in <dc753a1061284f8e971ee88ee4826eee>:0 
  at (wrapper remoting-invoke-with-check) System.IO.FileStream..ctor(string,System.IO.FileMode,System.IO.FileAccess,System.IO.FileShare,int,bool)
  at System.Xml.XmlWriterSettings.CreateWriter (System.String outputFileName) [0x00051] in <ae5badc4ec594809bfbe24220ad62e9b>:0 
  at System.Xml.XmlWriter.Create (System.String outputFileName, System.Xml.XmlWriterSettings settings) [0x0000a] in <ae5badc4ec594809bfbe24220ad62e9b>:0 
  at Google.ProjectSettings.Save () [0x00079] in /Users/amaurice/Documents/GitHub/unity-jar-resolver/source/VersionHandlerImpl/src/ProjectSettings.cs:821 , Project settings were not saved!
UnityEngine.StackTraceUtility:ExtractStackTrace ()
UnityEngine.DebugLogHandler:LogFormat (UnityEngine.LogType,UnityEngine.Object,string,object[])
UnityEngine.Logger:Log (UnityEngine.LogType,object)
UnityEngine.Debug:LogError (object)
Google.Logger:Log (string,Google.LogLevel) (at /Users/amaurice/Documents/GitHub/unity-jar-resolver/source/VersionHandlerImpl/src/Logger.cs:136)
Google.ProjectSettings:Save () (at /Users/amaurice/Documents/GitHub/unity-jar-resolver/source/VersionHandlerImpl/src/ProjectSettings.cs:844)
Google.ProjectSettings:SetBool (string,bool,Google.SettingsLocation) (at /Users/amaurice/Documents/GitHub/unity-jar-resolver/source/VersionHandlerImpl/src/ProjectSettings.cs:485)
Google.ProjectSettings:SetBool (string,bool) (at /Users/amaurice/Documents/GitHub/unity-jar-resolver/source/VersionHandlerImpl/src/ProjectSettings.cs:497)
Google.IOSResolver:set_VerboseLoggingEnabled (bool) (at /Users/amaurice/Documents/GitHub/unity-jar-resolver/source/IOSResolver/src/IOSResolver.cs:1041)
Google.IOSResolver:.cctor () (at /Users/amaurice/Documents/GitHub/unity-jar-resolver/source/IOSResolver/src/IOSResolver.cs:727)
System.Runtime.CompilerServices.RuntimeHelpers:RunClassConstructor (System.RuntimeTypeHandle)
UnityEditor.EditorAssemblies:ProcessInitializeOnLoadAttributes (System.Type[])

(Filename: /Users/amaurice/Documents/GitHub/unity-jar-resolver/source/VersionHandlerImpl/src/ProjectSettings.cs Line: 844)

Mono: successfully reloaded assembly
- Finished resetting the current domain, in  1.277 seconds
Domain Reload Profiling: 1891ms
	BeginReloadAssembly (181ms)
		ExecutionOrderSort (0ms)
		DisableScriptedObjects (8ms)
		BackupInstance (0ms)
		ReleaseScriptingObjects (0ms)
		CreateAndSetChildDomain (54ms)
	RebuildCommonClasses (29ms)
	RebuildNativeTypeToScriptingClass (9ms)
	initialDomainReloadingComplete (29ms)
	LoadAllAssembliesAndSetupDomain (365ms)
		LoadAssemblies (394ms)
		RebuildTransferFunctionScriptingTraits (0ms)
		AnalyzeDomain (64ms)
			TypeCache.Refresh (28ms)
				TypeCache.ScanAssembly (11ms)
			ScanForSourceGeneratedMonoScriptInfo (22ms)
			ResolveRequiredComponents (12ms)
	FinalizeReload (1277ms)
		ReleaseScriptCaches (0ms)
		RebuildScriptCaches (0ms)
		SetupLoadedEditorAssemblies (864ms)
			LogAssemblyErrors (0ms)
			InitializePlatformSupportModulesInManaged (30ms)
			SetLoadedEditorAssemblies (3ms)
			RefreshPlugins (0ms)
			BeforeProcessingInitializeOnLoad (66ms)
			ProcessInitializeOnLoadAttributes (653ms)
			ProcessInitializeOnLoadMethodAttributes (109ms)
			AfterProcessingInitializeOnLoad (4ms)
			EditorAssembliesLoaded (0ms)
		ExecutionOrderSort2 (0ms)
		AwakeInstancesAfterBackupRestoration (11ms)
OnLevelWasLoaded was found on Reporter
This message has been deprecated and will be removed in a later version of Unity.
Add a delegate to SceneManager.sceneLoaded instead to get notifications after scene loading has completed
OnLevelWasLoaded was found on BoxController
This message has been deprecated and will be removed in a later version of Unity.
Add a delegate to SceneManager.sceneLoaded instead to get notifications after scene loading has completed
OnLevelWasLoaded was found on AdmobAds
This message has been deprecated and will be removed in a later version of Unity.
Add a delegate to SceneManager.sceneLoaded instead to get notifications after scene loading has completed
Refreshing native plugins compatible for Editor in 11.21 ms, found 10 plugins.
Preloading 0 native plugins for Editor in 0.00 ms.
Unloading 7072 Unused Serialized files (Serialized files now loaded: 0)
Unloading 342 unused Assets / (2.0 MB). Loaded Objects now: 8764.
Memory consumption went from 308.5 MB to 306.5 MB.
Total: 17.450300 ms (FindLiveObjects: 0.546200 ms CreateObjectMapping: 0.267400 ms MarkObjects: 15.209300 ms  DeleteObjects: 1.426300 ms)

Prepare: number of updated asset objects reloaded= 0
AssetImportParameters requested are different than current active one (requested -> active):
  custom:container-demuxer-ogg: 62fdf1f143b41e24485cea50d1cbac27 -> 
  custom:framework-win-MediaFoundation: 216162199b28c13a410421893ffa2e32 -> 
  custom:container-muxer-webm: aa71ff27fc2769a1b78a27578f13a17b -> 
  custom:video-decoder-webm-vp8: 9c59270c3fd7afecdb556c50c9e8de78 -> 
  custom:SearchIndexIgnoredProperties: e643bd26f0fe6173181afceb89e7c659 -> 
  custom:AudioImporter_EditorPlatform: d09bf68614088b80899f8185d706f6e7 -> 
  custom:audio-decoder-ogg-vorbis: bf7c407c2cedff20999df2af8eb42d56 -> 
  custom:audio-encoder-webm-vorbis: bf7c407c2cedff20999df2af8eb42d56 -> 
  custom:video-decoder-ogg-theora: a1e56fd34408186e4bbccfd4996cb3dc -> 
  custom:CustomObjectIndexerAttribute: 62b5816608c3102f162a1797e29626cf -> 
  custom:container-demuxer-webm: 4f35f7cbe854078d1ac9338744f61a02 -> 
  custom:video-encoder-webm-vp8: eb34c28f22e8b96e1ab97ce403110664 -> 
========================================================================
Received Prepare
Begin MonoManager ReloadAssembly
Symbol file LoadedFromMemory is not a mono symbol file
- Loaded All Assemblies, in  0.592 seconds
Refreshing native plugins compatible for Editor in 12.65 ms, found 10 plugins.
Native extension for WindowsStandalone target not found
Native extension for iOS target not found
Native extension for Android target not found
[Package Manager] Server::EnsureServerProcessIsRunning -- launch failed, reason: Unity was launched with the -noUpm command-line argument
[Package Manager] UpmClient::Send -- Unable to send message (not connected to UPM process).
[Package Manager] Cannot connect to Unity Package Manager local server
Debug [AppLovin MAX] Deleting obsolete network AdColony from path Assets\MaxSdk/Mediation/AdColony...
UnityEngine.StackTraceUtility:ExtractStackTrace ()
UnityEngine.DebugLogHandler:LogFormat (UnityEngine.LogType,UnityEngine.Object,string,object[])
UnityEngine.Logger:Log (UnityEngine.LogType,object)
UnityEngine.Debug:Log (object)
MaxSdkLogger:UserDebug (string) (at Assets/MaxSdk/Scripts/MaxSdkLogger.cs:13)
AppLovinMax.Scripts.IntegrationManager.Editor.AppLovinInitialize:.cctor () (at Assets/MaxSdk/Scripts/IntegrationManager/Editor/AppLovinInitialize.cs:118)
System.Runtime.CompilerServices.RuntimeHelpers:RunClassConstructor (System.RuntimeTypeHandle)
UnityEditor.EditorAssemblies:ProcessInitializeOnLoadAttributes (System.Type[])

(Filename: Assets/MaxSdk/Scripts/MaxSdkLogger.cs Line: 13)

Debug [AppLovin MAX] AppLovin MAX Migration completed
UnityEngine.StackTraceUtility:ExtractStackTrace ()
UnityEngine.DebugLogHandler:LogFormat (UnityEngine.LogType,UnityEngine.Object,string,object[])
UnityEngine.Logger:Log (UnityEngine.LogType,object)
UnityEngine.Debug:Log (object)
MaxSdkLogger:UserDebug (string) (at Assets/MaxSdk/Scripts/MaxSdkLogger.cs:13)
AppLovinMax.Scripts.IntegrationManager.Editor.AppLovinInitialize:.cctor () (at Assets/MaxSdk/Scripts/IntegrationManager/Editor/AppLovinInitialize.cs:128)
System.Runtime.CompilerServices.RuntimeHelpers:RunClassConstructor (System.RuntimeTypeHandle)
UnityEditor.EditorAssemblies:ProcessInitializeOnLoadAttributes (System.Type[])

(Filename: Assets/MaxSdk/Scripts/MaxSdkLogger.cs Line: 13)

Mono: successfully reloaded assembly
- Finished resetting the current domain, in  1.302 seconds
Domain Reload Profiling: 1892ms
	BeginReloadAssembly (158ms)
		ExecutionOrderSort (0ms)
		DisableScriptedObjects (9ms)
		BackupInstance (0ms)
		ReleaseScriptingObjects (0ms)
		CreateAndSetChildDomain (52ms)
	RebuildCommonClasses (25ms)
	RebuildNativeTypeToScriptingClass (9ms)
	initialDomainReloadingComplete (30ms)
	LoadAllAssembliesAndSetupDomain (368ms)
		LoadAssemblies (365ms)
		RebuildTransferFunctionScriptingTraits (0ms)
		AnalyzeDomain (73ms)
			TypeCache.Refresh (28ms)
				TypeCache.ScanAssembly (14ms)
			ScanForSourceGeneratedMonoScriptInfo (25ms)
			ResolveRequiredComponents (17ms)
	FinalizeReload (1303ms)
		ReleaseScriptCaches (0ms)
		RebuildScriptCaches (0ms)
		SetupLoadedEditorAssemblies (913ms)
			LogAssemblyErrors (0ms)
			InitializePlatformSupportModulesInManaged (25ms)
			SetLoadedEditorAssemblies (3ms)
			RefreshPlugins (0ms)
			BeforeProcessingInitializeOnLoad (61ms)
			ProcessInitializeOnLoadAttributes (671ms)
			ProcessInitializeOnLoadMethodAttributes (146ms)
			AfterProcessingInitializeOnLoad (6ms)
			EditorAssembliesLoaded (1ms)
		ExecutionOrderSort2 (0ms)
		AwakeInstancesAfterBackupRestoration (13ms)
OnLevelWasLoaded was found on Reporter
This message has been deprecated and will be removed in a later version of Unity.
Add a delegate to SceneManager.sceneLoaded instead to get notifications after scene loading has completed
OnLevelWasLoaded was found on BoxController
This message has been deprecated and will be removed in a later version of Unity.
Add a delegate to SceneManager.sceneLoaded instead to get notifications after scene loading has completed
OnLevelWasLoaded was found on AdmobAds
This message has been deprecated and will be removed in a later version of Unity.
Add a delegate to SceneManager.sceneLoaded instead to get notifications after scene loading has completed
Refreshing native plugins compatible for Editor in 10.85 ms, found 10 plugins.
Preloading 0 native plugins for Editor in 0.00 ms.
Unloading 7072 Unused Serialized files (Serialized files now loaded: 0)
Unloading 342 unused Assets / (2.0 MB). Loaded Objects now: 8800.
Memory consumption went from 310.5 MB to 308.5 MB.
Total: 17.198600 ms (FindLiveObjects: 0.596900 ms CreateObjectMapping: 0.257700 ms MarkObjects: 14.936400 ms  DeleteObjects: 1.406500 ms)

Prepare: number of updated asset objects reloaded= 0
AssetImportParameters requested are different than current active one (requested -> active):
  custom:container-demuxer-ogg: 62fdf1f143b41e24485cea50d1cbac27 -> 
  custom:framework-win-MediaFoundation: 216162199b28c13a410421893ffa2e32 -> 
  custom:container-muxer-webm: aa71ff27fc2769a1b78a27578f13a17b -> 
  custom:video-decoder-webm-vp8: 9c59270c3fd7afecdb556c50c9e8de78 -> 
  custom:SearchIndexIgnoredProperties: e643bd26f0fe6173181afceb89e7c659 -> 
  custom:AudioImporter_EditorPlatform: d09bf68614088b80899f8185d706f6e7 -> 
  custom:audio-decoder-ogg-vorbis: bf7c407c2cedff20999df2af8eb42d56 -> 
  custom:audio-encoder-webm-vorbis: bf7c407c2cedff20999df2af8eb42d56 -> 
  custom:video-decoder-ogg-theora: a1e56fd34408186e4bbccfd4996cb3dc -> 
  custom:CustomObjectIndexerAttribute: 62b5816608c3102f162a1797e29626cf -> 
  custom:container-demuxer-webm: 4f35f7cbe854078d1ac9338744f61a02 -> 
  custom:video-encoder-webm-vp8: eb34c28f22e8b96e1ab97ce403110664 -> 
========================================================================
Received Prepare
Begin MonoManager ReloadAssembly
Symbol file LoadedFromMemory is not a mono symbol file
- Loaded All Assemblies, in  0.630 seconds
Refreshing native plugins compatible for Editor in 10.82 ms, found 10 plugins.
Native extension for WindowsStandalone target not found
Native extension for iOS target not found
Native extension for Android target not found
[Package Manager] Server::EnsureServerProcessIsRunning -- launch failed, reason: Unity was launched with the -noUpm command-line argument
[Package Manager] UpmClient::Send -- Unable to send message (not connected to UPM process).
[Package Manager] Cannot connect to Unity Package Manager local server
Debug [AppLovin MAX] Deleting obsolete network AdColony from path Assets\MaxSdk/Mediation/AdColony...
UnityEngine.StackTraceUtility:ExtractStackTrace ()
UnityEngine.DebugLogHandler:LogFormat (UnityEngine.LogType,UnityEngine.Object,string,object[])
UnityEngine.Logger:Log (UnityEngine.LogType,object)
UnityEngine.Debug:Log (object)
MaxSdkLogger:UserDebug (string) (at Assets/MaxSdk/Scripts/MaxSdkLogger.cs:13)
AppLovinMax.Scripts.IntegrationManager.Editor.AppLovinInitialize:.cctor () (at Assets/MaxSdk/Scripts/IntegrationManager/Editor/AppLovinInitialize.cs:118)
System.Runtime.CompilerServices.RuntimeHelpers:RunClassConstructor (System.RuntimeTypeHandle)
UnityEditor.EditorAssemblies:ProcessInitializeOnLoadAttributes (System.Type[])

(Filename: Assets/MaxSdk/Scripts/MaxSdkLogger.cs Line: 13)

Debug [AppLovin MAX] AppLovin MAX Migration completed
UnityEngine.StackTraceUtility:ExtractStackTrace ()
UnityEngine.DebugLogHandler:LogFormat (UnityEngine.LogType,UnityEngine.Object,string,object[])
UnityEngine.Logger:Log (UnityEngine.LogType,object)
UnityEngine.Debug:Log (object)
MaxSdkLogger:UserDebug (string) (at Assets/MaxSdk/Scripts/MaxSdkLogger.cs:13)
AppLovinMax.Scripts.IntegrationManager.Editor.AppLovinInitialize:.cctor () (at Assets/MaxSdk/Scripts/IntegrationManager/Editor/AppLovinInitialize.cs:128)
System.Runtime.CompilerServices.RuntimeHelpers:RunClassConstructor (System.RuntimeTypeHandle)
UnityEditor.EditorAssemblies:ProcessInitializeOnLoadAttributes (System.Type[])

(Filename: Assets/MaxSdk/Scripts/MaxSdkLogger.cs Line: 13)

Unable to write to 'ProjectSettings\GvhProjectSettings.xml' (System.IO.IOException: Sharing violation on path D:\UnityProject\BonceMonney\ProjectSettings\GvhProjectSettings.xml
  at System.IO.FileStream..ctor (System.String path, System.IO.FileMode mode, System.IO.FileAccess access, System.IO.FileShare share, System.Int32 bufferSize, System.Boolean anonymous, System.IO.FileOptions options) [0x0019e] in <dc753a1061284f8e971ee88ee4826eee>:0 
  at System.IO.FileStream..ctor (System.String path, System.IO.FileMode mode, System.IO.FileAccess access, System.IO.FileShare share, System.Int32 bufferSize, System.IO.FileOptions options) [0x00000] in <dc753a1061284f8e971ee88ee4826eee>:0 
  at System.IO.FileStream..ctor (System.String path, System.IO.FileMode mode, System.IO.FileAccess access, System.IO.FileShare share, System.Int32 bufferSize, System.Boolean useAsync) [0x00000] in <dc753a1061284f8e971ee88ee4826eee>:0 
  at (wrapper remoting-invoke-with-check) System.IO.FileStream..ctor(string,System.IO.FileMode,System.IO.FileAccess,System.IO.FileShare,int,bool)
  at System.Xml.XmlWriterSettings.CreateWriter (System.String outputFileName) [0x00051] in <ae5badc4ec594809bfbe24220ad62e9b>:0 
  at System.Xml.XmlWriter.Create (System.String outputFileName, System.Xml.XmlWriterSettings settings) [0x0000a] in <ae5badc4ec594809bfbe24220ad62e9b>:0 
  at Google.ProjectSettings.Save () [0x00079] in /Users/amaurice/Documents/GitHub/unity-jar-resolver/source/VersionHandlerImpl/src/ProjectSettings.cs:821 , Project settings were not saved!
UnityEngine.StackTraceUtility:ExtractStackTrace ()
UnityEngine.DebugLogHandler:LogFormat (UnityEngine.LogType,UnityEngine.Object,string,object[])
UnityEngine.Logger:Log (UnityEngine.LogType,object)
UnityEngine.Debug:LogError (object)
Google.Logger:Log (string,Google.LogLevel) (at /Users/amaurice/Documents/GitHub/unity-jar-resolver/source/VersionHandlerImpl/src/Logger.cs:136)
Google.ProjectSettings:Save () (at /Users/amaurice/Documents/GitHub/unity-jar-resolver/source/VersionHandlerImpl/src/ProjectSettings.cs:844)
Google.ProjectSettings:SetBool (string,bool,Google.SettingsLocation) (at /Users/amaurice/Documents/GitHub/unity-jar-resolver/source/VersionHandlerImpl/src/ProjectSettings.cs:485)
Google.ProjectSettings:SetBool (string,bool) (at /Users/amaurice/Documents/GitHub/unity-jar-resolver/source/VersionHandlerImpl/src/ProjectSettings.cs:497)
Google.IOSResolver:set_VerboseLoggingEnabled (bool) (at /Users/amaurice/Documents/GitHub/unity-jar-resolver/source/IOSResolver/src/IOSResolver.cs:1041)
Google.IOSResolver:.cctor () (at /Users/amaurice/Documents/GitHub/unity-jar-resolver/source/IOSResolver/src/IOSResolver.cs:727)
System.Runtime.CompilerServices.RuntimeHelpers:RunClassConstructor (System.RuntimeTypeHandle)
UnityEditor.EditorAssemblies:ProcessInitializeOnLoadAttributes (System.Type[])

(Filename: /Users/amaurice/Documents/GitHub/unity-jar-resolver/source/VersionHandlerImpl/src/ProjectSettings.cs Line: 844)

Mono: successfully reloaded assembly
- Finished resetting the current domain, in  1.184 seconds
Domain Reload Profiling: 1812ms
	BeginReloadAssembly (191ms)
		ExecutionOrderSort (0ms)
		DisableScriptedObjects (9ms)
		BackupInstance (0ms)
		ReleaseScriptingObjects (0ms)
		CreateAndSetChildDomain (71ms)
	RebuildCommonClasses (29ms)
	RebuildNativeTypeToScriptingClass (10ms)
	initialDomainReloadingComplete (30ms)
	LoadAllAssembliesAndSetupDomain (367ms)
		LoadAssemblies (384ms)
		RebuildTransferFunctionScriptingTraits (0ms)
		AnalyzeDomain (64ms)
			TypeCache.Refresh (29ms)
				TypeCache.ScanAssembly (13ms)
			ScanForSourceGeneratedMonoScriptInfo (20ms)
			ResolveRequiredComponents (12ms)
	FinalizeReload (1184ms)
		ReleaseScriptCaches (0ms)
		RebuildScriptCaches (0ms)
		SetupLoadedEditorAssemblies (801ms)
			LogAssemblyErrors (0ms)
			InitializePlatformSupportModulesInManaged (31ms)
			SetLoadedEditorAssemblies (3ms)
			RefreshPlugins (0ms)
			BeforeProcessingInitializeOnLoad (71ms)
			ProcessInitializeOnLoadAttributes (589ms)
			ProcessInitializeOnLoadMethodAttributes (103ms)
			AfterProcessingInitializeOnLoad (4ms)
			EditorAssembliesLoaded (0ms)
		ExecutionOrderSort2 (0ms)
		AwakeInstancesAfterBackupRestoration (9ms)
OnLevelWasLoaded was found on Reporter
This message has been deprecated and will be removed in a later version of Unity.
Add a delegate to SceneManager.sceneLoaded instead to get notifications after scene loading has completed
OnLevelWasLoaded was found on BoxController
This message has been deprecated and will be removed in a later version of Unity.
Add a delegate to SceneManager.sceneLoaded instead to get notifications after scene loading has completed
OnLevelWasLoaded was found on AdmobAds
This message has been deprecated and will be removed in a later version of Unity.
Add a delegate to SceneManager.sceneLoaded instead to get notifications after scene loading has completed
Refreshing native plugins compatible for Editor in 12.80 ms, found 10 plugins.
Preloading 0 native plugins for Editor in 0.00 ms.
Unloading 7072 Unused Serialized files (Serialized files now loaded: 0)
Unloading 342 unused Assets / (2.0 MB). Loaded Objects now: 8836.
Memory consumption went from 312.6 MB to 310.6 MB.
Total: 17.451500 ms (FindLiveObjects: 0.540100 ms CreateObjectMapping: 0.282000 ms MarkObjects: 14.970200 ms  DeleteObjects: 1.657700 ms)

Prepare: number of updated asset objects reloaded= 0
AssetImportParameters requested are different than current active one (requested -> active):
  custom:container-demuxer-ogg: 62fdf1f143b41e24485cea50d1cbac27 -> 
  custom:framework-win-MediaFoundation: 216162199b28c13a410421893ffa2e32 -> 
  custom:container-muxer-webm: aa71ff27fc2769a1b78a27578f13a17b -> 
  custom:video-decoder-webm-vp8: 9c59270c3fd7afecdb556c50c9e8de78 -> 
  custom:SearchIndexIgnoredProperties: e643bd26f0fe6173181afceb89e7c659 -> 
  custom:AudioImporter_EditorPlatform: d09bf68614088b80899f8185d706f6e7 -> 
  custom:audio-decoder-ogg-vorbis: bf7c407c2cedff20999df2af8eb42d56 -> 
  custom:audio-encoder-webm-vorbis: bf7c407c2cedff20999df2af8eb42d56 -> 
  custom:video-decoder-ogg-theora: a1e56fd34408186e4bbccfd4996cb3dc -> 
  custom:CustomObjectIndexerAttribute: 62b5816608c3102f162a1797e29626cf -> 
  custom:container-demuxer-webm: 4f35f7cbe854078d1ac9338744f61a02 -> 
  custom:video-encoder-webm-vp8: eb34c28f22e8b96e1ab97ce403110664 -> 
========================================================================
Received Import Request.
  Time since last request: 5843.842665 seconds.
  path: Assets/GrassPuzzle_01/Script/EditLevel.cs
  artifactKey: Guid(a46e1c80d7380c2468fc548421bdcd80) Importer(815301076,1909f56bfc062723c751e8b465ee728b)
Start importing Assets/GrassPuzzle_01/Script/EditLevel.cs using Guid(a46e1c80d7380c2468fc548421bdcd80) Importer(815301076,1909f56bfc062723c751e8b465ee728b)  -> (artifact id: 'f49b0b401915f537e8f747c1e2f4dca5') in 0.004036 seconds
Number of updated asset objects reloaded before import = 0
Number of asset objects unloaded after import = 0
========================================================================
Received Prepare
Begin MonoManager ReloadAssembly
Symbol file LoadedFromMemory is not a mono symbol file
- Loaded All Assemblies, in  0.622 seconds
Refreshing native plugins compatible for Editor in 10.53 ms, found 10 plugins.
Native extension for WindowsStandalone target not found
Native extension for iOS target not found
Native extension for Android target not found
[Package Manager] Server::EnsureServerProcessIsRunning -- launch failed, reason: Unity was launched with the -noUpm command-line argument
[Package Manager] UpmClient::Send -- Unable to send message (not connected to UPM process).
[Package Manager] Cannot connect to Unity Package Manager local server
Mono: successfully reloaded assembly
- Finished resetting the current domain, in  1.588 seconds
Domain Reload Profiling: 2208ms
	BeginReloadAssembly (186ms)
		ExecutionOrderSort (0ms)
		DisableScriptedObjects (7ms)
		BackupInstance (0ms)
		ReleaseScriptingObjects (0ms)
		CreateAndSetChildDomain (69ms)
	RebuildCommonClasses (28ms)
	RebuildNativeTypeToScriptingClass (14ms)
	initialDomainReloadingComplete (36ms)
	LoadAllAssembliesAndSetupDomain (356ms)
		LoadAssemblies (373ms)
		RebuildTransferFunctionScriptingTraits (0ms)
		AnalyzeDomain (65ms)
			TypeCache.Refresh (26ms)
				TypeCache.ScanAssembly (12ms)
			ScanForSourceGeneratedMonoScriptInfo (20ms)
			ResolveRequiredComponents (17ms)
	FinalizeReload (1588ms)
		ReleaseScriptCaches (0ms)
		RebuildScriptCaches (0ms)
		SetupLoadedEditorAssemblies (1177ms)
			LogAssemblyErrors (0ms)
			InitializePlatformSupportModulesInManaged (34ms)
			SetLoadedEditorAssemblies (3ms)
			RefreshPlugins (0ms)
			BeforeProcessingInitializeOnLoad (86ms)
			ProcessInitializeOnLoadAttributes (837ms)
			ProcessInitializeOnLoadMethodAttributes (211ms)
			AfterProcessingInitializeOnLoad (6ms)
			EditorAssembliesLoaded (1ms)
		ExecutionOrderSort2 (0ms)
		AwakeInstancesAfterBackupRestoration (19ms)
OnLevelWasLoaded was found on Reporter
This message has been deprecated and will be removed in a later version of Unity.
Add a delegate to SceneManager.sceneLoaded instead to get notifications after scene loading has completed
OnLevelWasLoaded was found on BoxController
This message has been deprecated and will be removed in a later version of Unity.
Add a delegate to SceneManager.sceneLoaded instead to get notifications after scene loading has completed
OnLevelWasLoaded was found on AdmobAds
This message has been deprecated and will be removed in a later version of Unity.
Add a delegate to SceneManager.sceneLoaded instead to get notifications after scene loading has completed
Refreshing native plugins compatible for Editor in 12.53 ms, found 10 plugins.
Preloading 0 native plugins for Editor in 0.00 ms.
Unloading 7072 Unused Serialized files (Serialized files now loaded: 0)
Unloading 341 unused Assets / (1.9 MB). Loaded Objects now: 8873.
Memory consumption went from 314.5 MB to 312.6 MB.
Total: 26.981300 ms (FindLiveObjects: 1.189000 ms CreateObjectMapping: 0.495500 ms MarkObjects: 23.321500 ms  DeleteObjects: 1.972100 ms)

Prepare: number of updated asset objects reloaded= 0
AssetImportParameters requested are different than current active one (requested -> active):
  custom:container-demuxer-ogg: 62fdf1f143b41e24485cea50d1cbac27 -> 
  custom:framework-win-MediaFoundation: 216162199b28c13a410421893ffa2e32 -> 
  custom:container-muxer-webm: aa71ff27fc2769a1b78a27578f13a17b -> 
  custom:video-decoder-webm-vp8: 9c59270c3fd7afecdb556c50c9e8de78 -> 
  custom:SearchIndexIgnoredProperties: e643bd26f0fe6173181afceb89e7c659 -> 
  custom:AudioImporter_EditorPlatform: d09bf68614088b80899f8185d706f6e7 -> 
  custom:audio-decoder-ogg-vorbis: bf7c407c2cedff20999df2af8eb42d56 -> 
  custom:audio-encoder-webm-vorbis: bf7c407c2cedff20999df2af8eb42d56 -> 
  custom:video-decoder-ogg-theora: a1e56fd34408186e4bbccfd4996cb3dc -> 
  custom:CustomObjectIndexerAttribute: 62b5816608c3102f162a1797e29626cf -> 
  custom:container-demuxer-webm: 4f35f7cbe854078d1ac9338744f61a02 -> 
  custom:video-encoder-webm-vp8: eb34c28f22e8b96e1ab97ce403110664 -> 
========================================================================
Received Import Request.
  Time since last request: 12.714830 seconds.
  path: Assets/GrassPuzzle_01/Script/EditLevel.cs
  artifactKey: Guid(a46e1c80d7380c2468fc548421bdcd80) Importer(815301076,1909f56bfc062723c751e8b465ee728b)
Start importing Assets/GrassPuzzle_01/Script/EditLevel.cs using Guid(a46e1c80d7380c2468fc548421bdcd80) Importer(815301076,1909f56bfc062723c751e8b465ee728b)  -> (artifact id: '66b31a090bc4fab93650360244442d97') in 0.002677 seconds
Number of updated asset objects reloaded before import = 0
Number of asset objects unloaded after import = 0
========================================================================
Received Prepare
Begin MonoManager ReloadAssembly
Symbol file LoadedFromMemory is not a mono symbol file
- Loaded All Assemblies, in  0.637 seconds
Refreshing native plugins compatible for Editor in 12.88 ms, found 10 plugins.
Native extension for WindowsStandalone target not found
Native extension for iOS target not found
Native extension for Android target not found
[Package Manager] Server::EnsureServerProcessIsRunning -- launch failed, reason: Unity was launched with the -noUpm command-line argument
[Package Manager] UpmClient::Send -- Unable to send message (not connected to UPM process).
[Package Manager] Cannot connect to Unity Package Manager local server
Debug [AppLovin MAX] Deleting obsolete network AdColony from path Assets\MaxSdk/Mediation/AdColony...
UnityEngine.StackTraceUtility:ExtractStackTrace ()
UnityEngine.DebugLogHandler:LogFormat (UnityEngine.LogType,UnityEngine.Object,string,object[])
UnityEngine.Logger:Log (UnityEngine.LogType,object)
UnityEngine.Debug:Log (object)
MaxSdkLogger:UserDebug (string) (at Assets/MaxSdk/Scripts/MaxSdkLogger.cs:13)
AppLovinMax.Scripts.IntegrationManager.Editor.AppLovinInitialize:.cctor () (at Assets/MaxSdk/Scripts/IntegrationManager/Editor/AppLovinInitialize.cs:118)
System.Runtime.CompilerServices.RuntimeHelpers:RunClassConstructor (System.RuntimeTypeHandle)
UnityEditor.EditorAssemblies:ProcessInitializeOnLoadAttributes (System.Type[])

(Filename: Assets/MaxSdk/Scripts/MaxSdkLogger.cs Line: 13)

Debug [AppLovin MAX] AppLovin MAX Migration completed
UnityEngine.StackTraceUtility:ExtractStackTrace ()
UnityEngine.DebugLogHandler:LogFormat (UnityEngine.LogType,UnityEngine.Object,string,object[])
UnityEngine.Logger:Log (UnityEngine.LogType,object)
UnityEngine.Debug:Log (object)
MaxSdkLogger:UserDebug (string) (at Assets/MaxSdk/Scripts/MaxSdkLogger.cs:13)
AppLovinMax.Scripts.IntegrationManager.Editor.AppLovinInitialize:.cctor () (at Assets/MaxSdk/Scripts/IntegrationManager/Editor/AppLovinInitialize.cs:128)
System.Runtime.CompilerServices.RuntimeHelpers:RunClassConstructor (System.RuntimeTypeHandle)
UnityEditor.EditorAssemblies:ProcessInitializeOnLoadAttributes (System.Type[])

(Filename: Assets/MaxSdk/Scripts/MaxSdkLogger.cs Line: 13)

Mono: successfully reloaded assembly
- Finished resetting the current domain, in  1.389 seconds
Domain Reload Profiling: 2024ms
	BeginReloadAssembly (177ms)
		ExecutionOrderSort (0ms)
		DisableScriptedObjects (9ms)
		BackupInstance (0ms)
		ReleaseScriptingObjects (0ms)
		CreateAndSetChildDomain (60ms)
	RebuildCommonClasses (23ms)
	RebuildNativeTypeToScriptingClass (8ms)
	initialDomainReloadingComplete (30ms)
	LoadAllAssembliesAndSetupDomain (395ms)
		LoadAssemblies (401ms)
		RebuildTransferFunctionScriptingTraits (0ms)
		AnalyzeDomain (71ms)
			TypeCache.Refresh (34ms)
				TypeCache.ScanAssembly (13ms)
			ScanForSourceGeneratedMonoScriptInfo (22ms)
			ResolveRequiredComponents (12ms)
	FinalizeReload (1390ms)
		ReleaseScriptCaches (0ms)
		RebuildScriptCaches (0ms)
		SetupLoadedEditorAssemblies (979ms)
			LogAssemblyErrors (0ms)
			InitializePlatformSupportModulesInManaged (26ms)
			SetLoadedEditorAssemblies (3ms)
			RefreshPlugins (0ms)
			BeforeProcessingInitializeOnLoad (73ms)
			ProcessInitializeOnLoadAttributes (742ms)
			ProcessInitializeOnLoadMethodAttributes (130ms)
			AfterProcessingInitializeOnLoad (4ms)
			EditorAssembliesLoaded (1ms)
		ExecutionOrderSort2 (0ms)
		AwakeInstancesAfterBackupRestoration (11ms)
OnLevelWasLoaded was found on Reporter
This message has been deprecated and will be removed in a later version of Unity.
Add a delegate to SceneManager.sceneLoaded instead to get notifications after scene loading has completed
OnLevelWasLoaded was found on BoxController
This message has been deprecated and will be removed in a later version of Unity.
Add a delegate to SceneManager.sceneLoaded instead to get notifications after scene loading has completed
OnLevelWasLoaded was found on AdmobAds
This message has been deprecated and will be removed in a later version of Unity.
Add a delegate to SceneManager.sceneLoaded instead to get notifications after scene loading has completed
Refreshing native plugins compatible for Editor in 12.15 ms, found 10 plugins.
Preloading 0 native plugins for Editor in 0.00 ms.
Unloading 7073 Unused Serialized files (Serialized files now loaded: 0)
Unloading 342 unused Assets / (2.0 MB). Loaded Objects now: 8909.
Memory consumption went from 316.5 MB to 314.6 MB.
Total: 21.080300 ms (FindLiveObjects: 0.680900 ms CreateObjectMapping: 0.406500 ms MarkObjects: 18.124600 ms  DeleteObjects: 1.865700 ms)

Prepare: number of updated asset objects reloaded= 0
AssetImportParameters requested are different than current active one (requested -> active):
  custom:container-demuxer-ogg: 62fdf1f143b41e24485cea50d1cbac27 -> 
  custom:framework-win-MediaFoundation: 216162199b28c13a410421893ffa2e32 -> 
  custom:container-muxer-webm: aa71ff27fc2769a1b78a27578f13a17b -> 
  custom:video-decoder-webm-vp8: 9c59270c3fd7afecdb556c50c9e8de78 -> 
  custom:SearchIndexIgnoredProperties: e643bd26f0fe6173181afceb89e7c659 -> 
  custom:AudioImporter_EditorPlatform: d09bf68614088b80899f8185d706f6e7 -> 
  custom:audio-decoder-ogg-vorbis: bf7c407c2cedff20999df2af8eb42d56 -> 
  custom:audio-encoder-webm-vorbis: bf7c407c2cedff20999df2af8eb42d56 -> 
  custom:video-decoder-ogg-theora: a1e56fd34408186e4bbccfd4996cb3dc -> 
  custom:CustomObjectIndexerAttribute: 62b5816608c3102f162a1797e29626cf -> 
  custom:container-demuxer-webm: 4f35f7cbe854078d1ac9338744f61a02 -> 
  custom:video-encoder-webm-vp8: eb34c28f22e8b96e1ab97ce403110664 -> 
========================================================================
Received Import Request.
  Time since last request: 168.881059 seconds.
  path: Assets/GrassPuzzle_01/Script/EditLevel.cs
  artifactKey: Guid(a46e1c80d7380c2468fc548421bdcd80) Importer(815301076,1909f56bfc062723c751e8b465ee728b)
Start importing Assets/GrassPuzzle_01/Script/EditLevel.cs using Guid(a46e1c80d7380c2468fc548421bdcd80) Importer(815301076,1909f56bfc062723c751e8b465ee728b)  -> (artifact id: 'b9ca42f89302c2f62747c901b5412bb7') in 0.001937 seconds
Number of updated asset objects reloaded before import = 0
Number of asset objects unloaded after import = 0
========================================================================
Received Prepare
Begin MonoManager ReloadAssembly
Symbol file LoadedFromMemory is not a mono symbol file
- Loaded All Assemblies, in  0.639 seconds
Refreshing native plugins compatible for Editor in 11.04 ms, found 10 plugins.
Native extension for WindowsStandalone target not found
Native extension for iOS target not found
Native extension for Android target not found
[Package Manager] Server::EnsureServerProcessIsRunning -- launch failed, reason: Unity was launched with the -noUpm command-line argument
[Package Manager] UpmClient::Send -- Unable to send message (not connected to UPM process).
[Package Manager] Cannot connect to Unity Package Manager local server
Mono: successfully reloaded assembly
- Finished resetting the current domain, in 18.144 seconds
Domain Reload Profiling: 18781ms
	BeginReloadAssembly (153ms)
		ExecutionOrderSort (0ms)
		DisableScriptedObjects (8ms)
		BackupInstance (0ms)
		ReleaseScriptingObjects (0ms)
		CreateAndSetChildDomain (49ms)
	RebuildCommonClasses (25ms)
	RebuildNativeTypeToScriptingClass (9ms)
	initialDomainReloadingComplete (28ms)
	LoadAllAssembliesAndSetupDomain (422ms)
		LoadAssemblies (433ms)
		RebuildTransferFunctionScriptingTraits (0ms)
		AnalyzeDomain (62ms)
			TypeCache.Refresh (27ms)
				TypeCache.ScanAssembly (11ms)
			ScanForSourceGeneratedMonoScriptInfo (21ms)
			ResolveRequiredComponents (12ms)
	FinalizeReload (18144ms)
		ReleaseScriptCaches (0ms)
		RebuildScriptCaches (0ms)
		SetupLoadedEditorAssemblies (1962ms)
			LogAssemblyErrors (0ms)
			InitializePlatformSupportModulesInManaged (27ms)
			SetLoadedEditorAssemblies (3ms)
			RefreshPlugins (0ms)
			BeforeProcessingInitializeOnLoad (68ms)
			ProcessInitializeOnLoadAttributes (1725ms)
			ProcessInitializeOnLoadMethodAttributes (134ms)
			AfterProcessingInitializeOnLoad (4ms)
			EditorAssembliesLoaded (1ms)
		ExecutionOrderSort2 (0ms)
		AwakeInstancesAfterBackupRestoration (11ms)
Script is not up to date after domain reload: guid(717169961eff2d54bb707d63932cacb3) path("Assets/GrassPuzzle_01/Script/LevelData.cs") state(2)
OnLevelWasLoaded was found on Reporter
This message has been deprecated and will be removed in a later version of Unity.
Add a delegate to SceneManager.sceneLoaded instead to get notifications after scene loading has completed
OnLevelWasLoaded was found on BoxController
This message has been deprecated and will be removed in a later version of Unity.
Add a delegate to SceneManager.sceneLoaded instead to get notifications after scene loading has completed
OnLevelWasLoaded was found on AdmobAds
This message has been deprecated and will be removed in a later version of Unity.
Add a delegate to SceneManager.sceneLoaded instead to get notifications after scene loading has completed
Refreshing native plugins compatible for Editor in 11.91 ms, found 10 plugins.
Preloading 0 native plugins for Editor in 0.00 ms.
Unloading 7072 Unused Serialized files (Serialized files now loaded: 0)
Unloading 342 unused Assets / (2.0 MB). Loaded Objects now: 8944.
Memory consumption went from 318.5 MB to 316.5 MB.
Total: 19.906800 ms (FindLiveObjects: 0.701700 ms CreateObjectMapping: 0.286900 ms MarkObjects: 16.827300 ms  DeleteObjects: 2.088200 ms)

Prepare: number of updated asset objects reloaded= 0
AssetImportParameters requested are different than current active one (requested -> active):
  custom:container-demuxer-ogg: 62fdf1f143b41e24485cea50d1cbac27 -> 
  custom:framework-win-MediaFoundation: 216162199b28c13a410421893ffa2e32 -> 
  custom:container-muxer-webm: aa71ff27fc2769a1b78a27578f13a17b -> 
  custom:video-decoder-webm-vp8: 9c59270c3fd7afecdb556c50c9e8de78 -> 
  custom:SearchIndexIgnoredProperties: e643bd26f0fe6173181afceb89e7c659 -> 
  custom:AudioImporter_EditorPlatform: d09bf68614088b80899f8185d706f6e7 -> 
  custom:audio-decoder-ogg-vorbis: bf7c407c2cedff20999df2af8eb42d56 -> 
  custom:audio-encoder-webm-vorbis: bf7c407c2cedff20999df2af8eb42d56 -> 
  custom:video-decoder-ogg-theora: a1e56fd34408186e4bbccfd4996cb3dc -> 
  custom:CustomObjectIndexerAttribute: 62b5816608c3102f162a1797e29626cf -> 
  custom:container-demuxer-webm: 4f35f7cbe854078d1ac9338744f61a02 -> 
  custom:video-encoder-webm-vp8: eb34c28f22e8b96e1ab97ce403110664 -> 
========================================================================
Received Prepare
Begin MonoManager ReloadAssembly
Symbol file LoadedFromMemory is not a mono symbol file
- Loaded All Assemblies, in  0.584 seconds
Refreshing native plugins compatible for Editor in 11.27 ms, found 10 plugins.
Native extension for WindowsStandalone target not found
Native extension for iOS target not found
Native extension for Android target not found
[Package Manager] Server::EnsureServerProcessIsRunning -- launch failed, reason: Unity was launched with the -noUpm command-line argument
[Package Manager] UpmClient::Send -- Unable to send message (not connected to UPM process).
[Package Manager] Cannot connect to Unity Package Manager local server
Debug [AppLovin MAX] Deleting obsolete network AdColony from path Assets\MaxSdk/Mediation/AdColony...
UnityEngine.StackTraceUtility:ExtractStackTrace ()
UnityEngine.DebugLogHandler:LogFormat (UnityEngine.LogType,UnityEngine.Object,string,object[])
UnityEngine.Logger:Log (UnityEngine.LogType,object)
UnityEngine.Debug:Log (object)
MaxSdkLogger:UserDebug (string) (at Assets/MaxSdk/Scripts/MaxSdkLogger.cs:13)
AppLovinMax.Scripts.IntegrationManager.Editor.AppLovinInitialize:.cctor () (at Assets/MaxSdk/Scripts/IntegrationManager/Editor/AppLovinInitialize.cs:118)
System.Runtime.CompilerServices.RuntimeHelpers:RunClassConstructor (System.RuntimeTypeHandle)
UnityEditor.EditorAssemblies:ProcessInitializeOnLoadAttributes (System.Type[])

(Filename: Assets/MaxSdk/Scripts/MaxSdkLogger.cs Line: 13)

Debug [AppLovin MAX] AppLovin MAX Migration completed
UnityEngine.StackTraceUtility:ExtractStackTrace ()
UnityEngine.DebugLogHandler:LogFormat (UnityEngine.LogType,UnityEngine.Object,string,object[])
UnityEngine.Logger:Log (UnityEngine.LogType,object)
UnityEngine.Debug:Log (object)
MaxSdkLogger:UserDebug (string) (at Assets/MaxSdk/Scripts/MaxSdkLogger.cs:13)
AppLovinMax.Scripts.IntegrationManager.Editor.AppLovinInitialize:.cctor () (at Assets/MaxSdk/Scripts/IntegrationManager/Editor/AppLovinInitialize.cs:128)
System.Runtime.CompilerServices.RuntimeHelpers:RunClassConstructor (System.RuntimeTypeHandle)
UnityEditor.EditorAssemblies:ProcessInitializeOnLoadAttributes (System.Type[])

(Filename: Assets/MaxSdk/Scripts/MaxSdkLogger.cs Line: 13)

Mono: successfully reloaded assembly
- Finished resetting the current domain, in  1.457 seconds
Domain Reload Profiling: 2039ms
	BeginReloadAssembly (161ms)
		ExecutionOrderSort (0ms)
		DisableScriptedObjects (9ms)
		BackupInstance (0ms)
		ReleaseScriptingObjects (0ms)
		CreateAndSetChildDomain (54ms)
	RebuildCommonClasses (26ms)
	RebuildNativeTypeToScriptingClass (9ms)
	initialDomainReloadingComplete (38ms)
	LoadAllAssembliesAndSetupDomain (349ms)
		LoadAssemblies (358ms)
		RebuildTransferFunctionScriptingTraits (0ms)
		AnalyzeDomain (62ms)
			TypeCache.Refresh (27ms)
				TypeCache.ScanAssembly (12ms)
			ScanForSourceGeneratedMonoScriptInfo (20ms)
			ResolveRequiredComponents (12ms)
	FinalizeReload (1457ms)
		ReleaseScriptCaches (0ms)
		RebuildScriptCaches (0ms)
		SetupLoadedEditorAssemblies (1054ms)
			LogAssemblyErrors (0ms)
			InitializePlatformSupportModulesInManaged (30ms)
			SetLoadedEditorAssemblies (3ms)
			RefreshPlugins (0ms)
			BeforeProcessingInitializeOnLoad (70ms)
			ProcessInitializeOnLoadAttributes (789ms)
			ProcessInitializeOnLoadMethodAttributes (157ms)
			AfterProcessingInitializeOnLoad (4ms)
			EditorAssembliesLoaded (1ms)
		ExecutionOrderSort2 (0ms)
		AwakeInstancesAfterBackupRestoration (10ms)
OnLevelWasLoaded was found on Reporter
This message has been deprecated and will be removed in a later version of Unity.
Add a delegate to SceneManager.sceneLoaded instead to get notifications after scene loading has completed
OnLevelWasLoaded was found on BoxController
This message has been deprecated and will be removed in a later version of Unity.
Add a delegate to SceneManager.sceneLoaded instead to get notifications after scene loading has completed
OnLevelWasLoaded was found on AdmobAds
This message has been deprecated and will be removed in a later version of Unity.
Add a delegate to SceneManager.sceneLoaded instead to get notifications after scene loading has completed
Refreshing native plugins compatible for Editor in 11.28 ms, found 10 plugins.
Preloading 0 native plugins for Editor in 0.00 ms.
Unloading 7073 Unused Serialized files (Serialized files now loaded: 0)
Unloading 342 unused Assets / (2.0 MB). Loaded Objects now: 8981.
Memory consumption went from 320.4 MB to 318.5 MB.
Total: 17.105400 ms (FindLiveObjects: 0.548300 ms CreateObjectMapping: 0.263500 ms MarkObjects: 14.893400 ms  DeleteObjects: 1.398600 ms)

Prepare: number of updated asset objects reloaded= 0
AssetImportParameters requested are different than current active one (requested -> active):
  custom:container-demuxer-ogg: 62fdf1f143b41e24485cea50d1cbac27 -> 
  custom:framework-win-MediaFoundation: 216162199b28c13a410421893ffa2e32 -> 
  custom:container-muxer-webm: aa71ff27fc2769a1b78a27578f13a17b -> 
  custom:video-decoder-webm-vp8: 9c59270c3fd7afecdb556c50c9e8de78 -> 
  custom:SearchIndexIgnoredProperties: e643bd26f0fe6173181afceb89e7c659 -> 
  custom:AudioImporter_EditorPlatform: d09bf68614088b80899f8185d706f6e7 -> 
  custom:audio-decoder-ogg-vorbis: bf7c407c2cedff20999df2af8eb42d56 -> 
  custom:audio-encoder-webm-vorbis: bf7c407c2cedff20999df2af8eb42d56 -> 
  custom:video-decoder-ogg-theora: a1e56fd34408186e4bbccfd4996cb3dc -> 
  custom:CustomObjectIndexerAttribute: 62b5816608c3102f162a1797e29626cf -> 
  custom:container-demuxer-webm: 4f35f7cbe854078d1ac9338744f61a02 -> 
  custom:video-encoder-webm-vp8: eb34c28f22e8b96e1ab97ce403110664 -> 
========================================================================
Received Prepare
Begin MonoManager ReloadAssembly
Symbol file LoadedFromMemory is not a mono symbol file
- Loaded All Assemblies, in  0.634 seconds
Refreshing native plugins compatible for Editor in 12.76 ms, found 10 plugins.
Native extension for WindowsStandalone target not found
Native extension for iOS target not found
Native extension for Android target not found
[Package Manager] Server::EnsureServerProcessIsRunning -- launch failed, reason: Unity was launched with the -noUpm command-line argument
[Package Manager] UpmClient::Send -- Unable to send message (not connected to UPM process).
[Package Manager] Cannot connect to Unity Package Manager local server
Debug [AppLovin MAX] Deleting obsolete network AdColony from path Assets\MaxSdk/Mediation/AdColony...
UnityEngine.StackTraceUtility:ExtractStackTrace ()
UnityEngine.DebugLogHandler:LogFormat (UnityEngine.LogType,UnityEngine.Object,string,object[])
UnityEngine.Logger:Log (UnityEngine.LogType,object)
UnityEngine.Debug:Log (object)
MaxSdkLogger:UserDebug (string) (at Assets/MaxSdk/Scripts/MaxSdkLogger.cs:13)
AppLovinMax.Scripts.IntegrationManager.Editor.AppLovinInitialize:.cctor () (at Assets/MaxSdk/Scripts/IntegrationManager/Editor/AppLovinInitialize.cs:118)
System.Runtime.CompilerServices.RuntimeHelpers:RunClassConstructor (System.RuntimeTypeHandle)
UnityEditor.EditorAssemblies:ProcessInitializeOnLoadAttributes (System.Type[])

(Filename: Assets/MaxSdk/Scripts/MaxSdkLogger.cs Line: 13)

Debug [AppLovin MAX] AppLovin MAX Migration completed
UnityEngine.StackTraceUtility:ExtractStackTrace ()
UnityEngine.DebugLogHandler:LogFormat (UnityEngine.LogType,UnityEngine.Object,string,object[])
UnityEngine.Logger:Log (UnityEngine.LogType,object)
UnityEngine.Debug:Log (object)
MaxSdkLogger:UserDebug (string) (at Assets/MaxSdk/Scripts/MaxSdkLogger.cs:13)
AppLovinMax.Scripts.IntegrationManager.Editor.AppLovinInitialize:.cctor () (at Assets/MaxSdk/Scripts/IntegrationManager/Editor/AppLovinInitialize.cs:128)
System.Runtime.CompilerServices.RuntimeHelpers:RunClassConstructor (System.RuntimeTypeHandle)
UnityEditor.EditorAssemblies:ProcessInitializeOnLoadAttributes (System.Type[])

(Filename: Assets/MaxSdk/Scripts/MaxSdkLogger.cs Line: 13)

Mono: successfully reloaded assembly
- Finished resetting the current domain, in  1.270 seconds
Domain Reload Profiling: 1902ms
	BeginReloadAssembly (165ms)
		ExecutionOrderSort (0ms)
		DisableScriptedObjects (13ms)
		BackupInstance (0ms)
		ReleaseScriptingObjects (0ms)
		CreateAndSetChildDomain (54ms)
	RebuildCommonClasses (28ms)
	RebuildNativeTypeToScriptingClass (10ms)
	initialDomainReloadingComplete (40ms)
	LoadAllAssembliesAndSetupDomain (388ms)
		LoadAssemblies (389ms)
		RebuildTransferFunctionScriptingTraits (0ms)
		AnalyzeDomain (69ms)
			TypeCache.Refresh (33ms)
				TypeCache.ScanAssembly (12ms)
			ScanForSourceGeneratedMonoScriptInfo (21ms)
			ResolveRequiredComponents (13ms)
	FinalizeReload (1271ms)
		ReleaseScriptCaches (0ms)
		RebuildScriptCaches (0ms)
		SetupLoadedEditorAssemblies (849ms)
			LogAssemblyErrors (0ms)
			InitializePlatformSupportModulesInManaged (25ms)
			SetLoadedEditorAssemblies (4ms)
			RefreshPlugins (0ms)
			BeforeProcessingInitializeOnLoad (66ms)
			ProcessInitializeOnLoadAttributes (641ms)
			ProcessInitializeOnLoadMethodAttributes (109ms)
			AfterProcessingInitializeOnLoad (4ms)
			EditorAssembliesLoaded (0ms)
		ExecutionOrderSort2 (0ms)
		AwakeInstancesAfterBackupRestoration (10ms)
OnLevelWasLoaded was found on Reporter
This message has been deprecated and will be removed in a later version of Unity.
Add a delegate to SceneManager.sceneLoaded instead to get notifications after scene loading has completed
OnLevelWasLoaded was found on BoxController
This message has been deprecated and will be removed in a later version of Unity.
Add a delegate to SceneManager.sceneLoaded instead to get notifications after scene loading has completed
OnLevelWasLoaded was found on AdmobAds
This message has been deprecated and will be removed in a later version of Unity.
Add a delegate to SceneManager.sceneLoaded instead to get notifications after scene loading has completed
Refreshing native plugins compatible for Editor in 14.51 ms, found 10 plugins.
Preloading 0 native plugins for Editor in 0.00 ms.
Unloading 7073 Unused Serialized files (Serialized files now loaded: 0)
Unloading 342 unused Assets / (2.0 MB). Loaded Objects now: 9017.
Memory consumption went from 322.5 MB to 320.5 MB.
Total: 20.709300 ms (FindLiveObjects: 0.763000 ms CreateObjectMapping: 0.296300 ms MarkObjects: 18.130700 ms  DeleteObjects: 1.518100 ms)

Prepare: number of updated asset objects reloaded= 0
AssetImportParameters requested are different than current active one (requested -> active):
  custom:container-demuxer-ogg: 62fdf1f143b41e24485cea50d1cbac27 -> 
  custom:framework-win-MediaFoundation: 216162199b28c13a410421893ffa2e32 -> 
  custom:container-muxer-webm: aa71ff27fc2769a1b78a27578f13a17b -> 
  custom:video-decoder-webm-vp8: 9c59270c3fd7afecdb556c50c9e8de78 -> 
  custom:SearchIndexIgnoredProperties: e643bd26f0fe6173181afceb89e7c659 -> 
  custom:AudioImporter_EditorPlatform: d09bf68614088b80899f8185d706f6e7 -> 
  custom:audio-decoder-ogg-vorbis: bf7c407c2cedff20999df2af8eb42d56 -> 
  custom:audio-encoder-webm-vorbis: bf7c407c2cedff20999df2af8eb42d56 -> 
  custom:video-decoder-ogg-theora: a1e56fd34408186e4bbccfd4996cb3dc -> 
  custom:CustomObjectIndexerAttribute: 62b5816608c3102f162a1797e29626cf -> 
  custom:container-demuxer-webm: 4f35f7cbe854078d1ac9338744f61a02 -> 
  custom:video-encoder-webm-vp8: eb34c28f22e8b96e1ab97ce403110664 -> 
========================================================================
Received Prepare
Begin MonoManager ReloadAssembly
Symbol file LoadedFromMemory is not a mono symbol file
- Loaded All Assemblies, in  0.658 seconds
Refreshing native plugins compatible for Editor in 13.22 ms, found 10 plugins.
Native extension for WindowsStandalone target not found
Native extension for iOS target not found
Native extension for Android target not found
[Package Manager] Server::EnsureServerProcessIsRunning -- launch failed, reason: Unity was launched with the -noUpm command-line argument
[Package Manager] UpmClient::Send -- Unable to send message (not connected to UPM process).
[Package Manager] Cannot connect to Unity Package Manager local server
Debug [AppLovin MAX] Deleting obsolete network AdColony from path Assets\MaxSdk/Mediation/AdColony...
UnityEngine.StackTraceUtility:ExtractStackTrace ()
UnityEngine.DebugLogHandler:LogFormat (UnityEngine.LogType,UnityEngine.Object,string,object[])
UnityEngine.Logger:Log (UnityEngine.LogType,object)
UnityEngine.Debug:Log (object)
MaxSdkLogger:UserDebug (string) (at Assets/MaxSdk/Scripts/MaxSdkLogger.cs:13)
AppLovinMax.Scripts.IntegrationManager.Editor.AppLovinInitialize:.cctor () (at Assets/MaxSdk/Scripts/IntegrationManager/Editor/AppLovinInitialize.cs:118)
System.Runtime.CompilerServices.RuntimeHelpers:RunClassConstructor (System.RuntimeTypeHandle)
UnityEditor.EditorAssemblies:ProcessInitializeOnLoadAttributes (System.Type[])

(Filename: Assets/MaxSdk/Scripts/MaxSdkLogger.cs Line: 13)

Debug [AppLovin MAX] AppLovin MAX Migration completed
UnityEngine.StackTraceUtility:ExtractStackTrace ()
UnityEngine.DebugLogHandler:LogFormat (UnityEngine.LogType,UnityEngine.Object,string,object[])
UnityEngine.Logger:Log (UnityEngine.LogType,object)
UnityEngine.Debug:Log (object)
MaxSdkLogger:UserDebug (string) (at Assets/MaxSdk/Scripts/MaxSdkLogger.cs:13)
AppLovinMax.Scripts.IntegrationManager.Editor.AppLovinInitialize:.cctor () (at Assets/MaxSdk/Scripts/IntegrationManager/Editor/AppLovinInitialize.cs:128)
System.Runtime.CompilerServices.RuntimeHelpers:RunClassConstructor (System.RuntimeTypeHandle)
UnityEditor.EditorAssemblies:ProcessInitializeOnLoadAttributes (System.Type[])

(Filename: Assets/MaxSdk/Scripts/MaxSdkLogger.cs Line: 13)

Mono: successfully reloaded assembly
- Finished resetting the current domain, in  1.409 seconds
Domain Reload Profiling: 2066ms
	BeginReloadAssembly (193ms)
		ExecutionOrderSort (0ms)
		DisableScriptedObjects (8ms)
		BackupInstance (0ms)
		ReleaseScriptingObjects (0ms)
		CreateAndSetChildDomain (74ms)
	RebuildCommonClasses (31ms)
	RebuildNativeTypeToScriptingClass (9ms)
	initialDomainReloadingComplete (31ms)
	LoadAllAssembliesAndSetupDomain (392ms)
		LoadAssemblies (403ms)
		RebuildTransferFunctionScriptingTraits (0ms)
		AnalyzeDomain (68ms)
			TypeCache.Refresh (30ms)
				TypeCache.ScanAssembly (12ms)
			ScanForSourceGeneratedMonoScriptInfo (24ms)
			ResolveRequiredComponents (12ms)
	FinalizeReload (1410ms)
		ReleaseScriptCaches (0ms)
		RebuildScriptCaches (0ms)
		SetupLoadedEditorAssemblies (990ms)
			LogAssemblyErrors (0ms)
			InitializePlatformSupportModulesInManaged (32ms)
			SetLoadedEditorAssemblies (3ms)
			RefreshPlugins (0ms)
			BeforeProcessingInitializeOnLoad (67ms)
			ProcessInitializeOnLoadAttributes (718ms)
			ProcessInitializeOnLoadMethodAttributes (163ms)
			AfterProcessingInitializeOnLoad (5ms)
			EditorAssembliesLoaded (1ms)
		ExecutionOrderSort2 (0ms)
		AwakeInstancesAfterBackupRestoration (13ms)
OnLevelWasLoaded was found on Reporter
This message has been deprecated and will be removed in a later version of Unity.
Add a delegate to SceneManager.sceneLoaded instead to get notifications after scene loading has completed
OnLevelWasLoaded was found on BoxController
This message has been deprecated and will be removed in a later version of Unity.
Add a delegate to SceneManager.sceneLoaded instead to get notifications after scene loading has completed
OnLevelWasLoaded was found on AdmobAds
This message has been deprecated and will be removed in a later version of Unity.
Add a delegate to SceneManager.sceneLoaded instead to get notifications after scene loading has completed
Refreshing native plugins compatible for Editor in 16.96 ms, found 10 plugins.
Preloading 0 native plugins for Editor in 0.00 ms.
Unloading 7073 Unused Serialized files (Serialized files now loaded: 0)
Unloading 342 unused Assets / (2.0 MB). Loaded Objects now: 9053.
Memory consumption went from 324.4 MB to 322.4 MB.
Total: 29.631300 ms (FindLiveObjects: 0.719000 ms CreateObjectMapping: 0.401000 ms MarkObjects: 26.679400 ms  DeleteObjects: 1.830200 ms)

Prepare: number of updated asset objects reloaded= 0
AssetImportParameters requested are different than current active one (requested -> active):
  custom:container-demuxer-ogg: 62fdf1f143b41e24485cea50d1cbac27 -> 
  custom:framework-win-MediaFoundation: 216162199b28c13a410421893ffa2e32 -> 
  custom:container-muxer-webm: aa71ff27fc2769a1b78a27578f13a17b -> 
  custom:video-decoder-webm-vp8: 9c59270c3fd7afecdb556c50c9e8de78 -> 
  custom:SearchIndexIgnoredProperties: e643bd26f0fe6173181afceb89e7c659 -> 
  custom:AudioImporter_EditorPlatform: d09bf68614088b80899f8185d706f6e7 -> 
  custom:audio-decoder-ogg-vorbis: bf7c407c2cedff20999df2af8eb42d56 -> 
  custom:audio-encoder-webm-vorbis: bf7c407c2cedff20999df2af8eb42d56 -> 
  custom:video-decoder-ogg-theora: a1e56fd34408186e4bbccfd4996cb3dc -> 
  custom:CustomObjectIndexerAttribute: 62b5816608c3102f162a1797e29626cf -> 
  custom:container-demuxer-webm: 4f35f7cbe854078d1ac9338744f61a02 -> 
  custom:video-encoder-webm-vp8: eb34c28f22e8b96e1ab97ce403110664 -> 
========================================================================
Received Import Request.
  Time since last request: 916.517663 seconds.
  path: Assets/Resources/Levels
  artifactKey: Guid(6d49abe9507638c4f842422b8b25bbeb) Importer(815301076,1909f56bfc062723c751e8b465ee728b)
Start importing Assets/Resources/Levels using Guid(6d49abe9507638c4f842422b8b25bbeb) Importer(815301076,1909f56bfc062723c751e8b465ee728b)  -> (artifact id: '097cb377b19ebed469a1b99869961041') in 0.008557 seconds
Number of updated asset objects reloaded before import = 0
Number of asset objects unloaded after import = 0
========================================================================
Received Import Request.
  Time since last request: 0.631435 seconds.
  path: Assets/Resources/Levels/Level_1.txt
  artifactKey: Guid(f43b07ffb099de048a8dc10c60ab44ae) Importer(815301076,1909f56bfc062723c751e8b465ee728b)
Start importing Assets/Resources/Levels/Level_1.txt using Guid(f43b07ffb099de048a8dc10c60ab44ae) Importer(815301076,1909f56bfc062723c751e8b465ee728b)  -> (artifact id: '64332191ad8dad094ff66480996da641') in 0.023800 seconds
Number of updated asset objects reloaded before import = 0
Number of asset objects unloaded after import = 1
========================================================================
Received Prepare
Begin MonoManager ReloadAssembly
Symbol file LoadedFromMemory is not a mono symbol file
- Loaded All Assemblies, in  0.599 seconds
Refreshing native plugins compatible for Editor in 11.52 ms, found 10 plugins.
Native extension for WindowsStandalone target not found
Native extension for iOS target not found
Native extension for Android target not found
[Package Manager] Server::EnsureServerProcessIsRunning -- launch failed, reason: Unity was launched with the -noUpm command-line argument
[Package Manager] UpmClient::Send -- Unable to send message (not connected to UPM process).
[Package Manager] Cannot connect to Unity Package Manager local server
Debug [AppLovin MAX] Deleting obsolete network AdColony from path Assets\MaxSdk/Mediation/AdColony...
UnityEngine.StackTraceUtility:ExtractStackTrace ()
UnityEngine.DebugLogHandler:LogFormat (UnityEngine.LogType,UnityEngine.Object,string,object[])
UnityEngine.Logger:Log (UnityEngine.LogType,object)
UnityEngine.Debug:Log (object)
MaxSdkLogger:UserDebug (string) (at Assets/MaxSdk/Scripts/MaxSdkLogger.cs:13)
AppLovinMax.Scripts.IntegrationManager.Editor.AppLovinInitialize:.cctor () (at Assets/MaxSdk/Scripts/IntegrationManager/Editor/AppLovinInitialize.cs:118)
System.Runtime.CompilerServices.RuntimeHelpers:RunClassConstructor (System.RuntimeTypeHandle)
UnityEditor.EditorAssemblies:ProcessInitializeOnLoadAttributes (System.Type[])

(Filename: Assets/MaxSdk/Scripts/MaxSdkLogger.cs Line: 13)

Debug [AppLovin MAX] AppLovin MAX Migration completed
UnityEngine.StackTraceUtility:ExtractStackTrace ()
UnityEngine.DebugLogHandler:LogFormat (UnityEngine.LogType,UnityEngine.Object,string,object[])
UnityEngine.Logger:Log (UnityEngine.LogType,object)
UnityEngine.Debug:Log (object)
MaxSdkLogger:UserDebug (string) (at Assets/MaxSdk/Scripts/MaxSdkLogger.cs:13)
AppLovinMax.Scripts.IntegrationManager.Editor.AppLovinInitialize:.cctor () (at Assets/MaxSdk/Scripts/IntegrationManager/Editor/AppLovinInitialize.cs:128)
System.Runtime.CompilerServices.RuntimeHelpers:RunClassConstructor (System.RuntimeTypeHandle)
UnityEditor.EditorAssemblies:ProcessInitializeOnLoadAttributes (System.Type[])

(Filename: Assets/MaxSdk/Scripts/MaxSdkLogger.cs Line: 13)

Mono: successfully reloaded assembly
- Finished resetting the current domain, in  1.448 seconds
Domain Reload Profiling: 2045ms
	BeginReloadAssembly (160ms)
		ExecutionOrderSort (0ms)
		DisableScriptedObjects (9ms)
		BackupInstance (0ms)
		ReleaseScriptingObjects (0ms)
		CreateAndSetChildDomain (54ms)
	RebuildCommonClasses (25ms)
	RebuildNativeTypeToScriptingClass (9ms)
	initialDomainReloadingComplete (33ms)
	LoadAllAssembliesAndSetupDomain (369ms)
		LoadAssemblies (366ms)
		RebuildTransferFunctionScriptingTraits (0ms)
		AnalyzeDomain (72ms)
			TypeCache.Refresh (33ms)
				TypeCache.ScanAssembly (12ms)
			ScanForSourceGeneratedMonoScriptInfo (21ms)
			ResolveRequiredComponents (16ms)
	FinalizeReload (1448ms)
		ReleaseScriptCaches (0ms)
		RebuildScriptCaches (0ms)
		SetupLoadedEditorAssemblies (1044ms)
			LogAssemblyErrors (0ms)
			InitializePlatformSupportModulesInManaged (30ms)
			SetLoadedEditorAssemblies (3ms)
			RefreshPlugins (0ms)
			BeforeProcessingInitializeOnLoad (73ms)
			ProcessInitializeOnLoadAttributes (777ms)
			ProcessInitializeOnLoadMethodAttributes (156ms)
			AfterProcessingInitializeOnLoad (4ms)
			EditorAssembliesLoaded (1ms)
		ExecutionOrderSort2 (0ms)
		AwakeInstancesAfterBackupRestoration (12ms)
OnLevelWasLoaded was found on Reporter
This message has been deprecated and will be removed in a later version of Unity.
Add a delegate to SceneManager.sceneLoaded instead to get notifications after scene loading has completed
OnLevelWasLoaded was found on BoxController
This message has been deprecated and will be removed in a later version of Unity.
Add a delegate to SceneManager.sceneLoaded instead to get notifications after scene loading has completed
OnLevelWasLoaded was found on AdmobAds
This message has been deprecated and will be removed in a later version of Unity.
Add a delegate to SceneManager.sceneLoaded instead to get notifications after scene loading has completed
Refreshing native plugins compatible for Editor in 14.15 ms, found 10 plugins.
Preloading 0 native plugins for Editor in 0.00 ms.
Unloading 7073 Unused Serialized files (Serialized files now loaded: 0)
Unloading 342 unused Assets / (2.0 MB). Loaded Objects now: 9089.
Memory consumption went from 326.5 MB to 324.5 MB.
Total: 17.489900 ms (FindLiveObjects: 0.610700 ms CreateObjectMapping: 0.285600 ms MarkObjects: 15.240900 ms  DeleteObjects: 1.351500 ms)

Prepare: number of updated asset objects reloaded= 0
AssetImportParameters requested are different than current active one (requested -> active):
  custom:container-demuxer-ogg: 62fdf1f143b41e24485cea50d1cbac27 -> 
  custom:framework-win-MediaFoundation: 216162199b28c13a410421893ffa2e32 -> 
  custom:container-muxer-webm: aa71ff27fc2769a1b78a27578f13a17b -> 
  custom:video-decoder-webm-vp8: 9c59270c3fd7afecdb556c50c9e8de78 -> 
  custom:SearchIndexIgnoredProperties: e643bd26f0fe6173181afceb89e7c659 -> 
  custom:AudioImporter_EditorPlatform: d09bf68614088b80899f8185d706f6e7 -> 
  custom:audio-decoder-ogg-vorbis: bf7c407c2cedff20999df2af8eb42d56 -> 
  custom:audio-encoder-webm-vorbis: bf7c407c2cedff20999df2af8eb42d56 -> 
  custom:video-decoder-ogg-theora: a1e56fd34408186e4bbccfd4996cb3dc -> 
  custom:CustomObjectIndexerAttribute: 62b5816608c3102f162a1797e29626cf -> 
  custom:container-demuxer-webm: 4f35f7cbe854078d1ac9338744f61a02 -> 
  custom:video-encoder-webm-vp8: eb34c28f22e8b96e1ab97ce403110664 -> 
========================================================================
Received Import Request.
  Time since last request: 158.443050 seconds.
  path: Assets/Resources/Levels/Level_1.txt
  artifactKey: Guid(f43b07ffb099de048a8dc10c60ab44ae) Importer(815301076,1909f56bfc062723c751e8b465ee728b)
Start importing Assets/Resources/Levels/Level_1.txt using Guid(f43b07ffb099de048a8dc10c60ab44ae) Importer(815301076,1909f56bfc062723c751e8b465ee728b)  -> (artifact id: 'dd9ef8632bef805b26f25704ebbc26fd') in 0.029944 seconds
Number of updated asset objects reloaded before import = 0
Number of asset objects unloaded after import = 1
========================================================================
Received Prepare
Begin MonoManager ReloadAssembly
Symbol file LoadedFromMemory is not a mono symbol file
- Loaded All Assemblies, in  0.997 seconds
Refreshing native plugins compatible for Editor in 14.85 ms, found 10 plugins.
Native extension for WindowsStandalone target not found
Native extension for iOS target not found
Native extension for Android target not found
[Package Manager] Server::EnsureServerProcessIsRunning -- launch failed, reason: Unity was launched with the -noUpm command-line argument
[Package Manager] UpmClient::Send -- Unable to send message (not connected to UPM process).
[Package Manager] Cannot connect to Unity Package Manager local server
Debug [AppLovin MAX] Deleting obsolete network AdColony from path Assets\MaxSdk/Mediation/AdColony...
UnityEngine.StackTraceUtility:ExtractStackTrace ()
UnityEngine.DebugLogHandler:LogFormat (UnityEngine.LogType,UnityEngine.Object,string,object[])
UnityEngine.Logger:Log (UnityEngine.LogType,object)
UnityEngine.Debug:Log (object)
MaxSdkLogger:UserDebug (string) (at Assets/MaxSdk/Scripts/MaxSdkLogger.cs:13)
AppLovinMax.Scripts.IntegrationManager.Editor.AppLovinInitialize:.cctor () (at Assets/MaxSdk/Scripts/IntegrationManager/Editor/AppLovinInitialize.cs:118)
System.Runtime.CompilerServices.RuntimeHelpers:RunClassConstructor (System.RuntimeTypeHandle)
UnityEditor.EditorAssemblies:ProcessInitializeOnLoadAttributes (System.Type[])

(Filename: Assets/MaxSdk/Scripts/MaxSdkLogger.cs Line: 13)

Debug [AppLovin MAX] AppLovin MAX Migration completed
UnityEngine.StackTraceUtility:ExtractStackTrace ()
UnityEngine.DebugLogHandler:LogFormat (UnityEngine.LogType,UnityEngine.Object,string,object[])
UnityEngine.Logger:Log (UnityEngine.LogType,object)
UnityEngine.Debug:Log (object)
MaxSdkLogger:UserDebug (string) (at Assets/MaxSdk/Scripts/MaxSdkLogger.cs:13)
AppLovinMax.Scripts.IntegrationManager.Editor.AppLovinInitialize:.cctor () (at Assets/MaxSdk/Scripts/IntegrationManager/Editor/AppLovinInitialize.cs:128)
System.Runtime.CompilerServices.RuntimeHelpers:RunClassConstructor (System.RuntimeTypeHandle)
UnityEditor.EditorAssemblies:ProcessInitializeOnLoadAttributes (System.Type[])

(Filename: Assets/MaxSdk/Scripts/MaxSdkLogger.cs Line: 13)

Mono: successfully reloaded assembly
- Finished resetting the current domain, in  2.404 seconds
Domain Reload Profiling: 3399ms
	BeginReloadAssembly (226ms)
		ExecutionOrderSort (0ms)
		DisableScriptedObjects (18ms)
		BackupInstance (0ms)
		ReleaseScriptingObjects (0ms)
		CreateAndSetChildDomain (76ms)
	RebuildCommonClasses (28ms)
	RebuildNativeTypeToScriptingClass (9ms)
	initialDomainReloadingComplete (35ms)
	LoadAllAssembliesAndSetupDomain (696ms)
		LoadAssemblies (669ms)
		RebuildTransferFunctionScriptingTraits (0ms)
		AnalyzeDomain (118ms)
			TypeCache.Refresh (77ms)
				TypeCache.ScanAssembly (14ms)
			ScanForSourceGeneratedMonoScriptInfo (25ms)
			ResolveRequiredComponents (13ms)
	FinalizeReload (2405ms)
		ReleaseScriptCaches (0ms)
		RebuildScriptCaches (0ms)
		SetupLoadedEditorAssemblies (1172ms)
			LogAssemblyErrors (0ms)
			InitializePlatformSupportModulesInManaged (72ms)
			SetLoadedEditorAssemblies (7ms)
			RefreshPlugins (0ms)
			BeforeProcessingInitializeOnLoad (80ms)
			ProcessInitializeOnLoadAttributes (874ms)
			ProcessInitializeOnLoadMethodAttributes (135ms)
			AfterProcessingInitializeOnLoad (4ms)
			EditorAssembliesLoaded (0ms)
		ExecutionOrderSort2 (0ms)
		AwakeInstancesAfterBackupRestoration (12ms)
OnLevelWasLoaded was found on Reporter
This message has been deprecated and will be removed in a later version of Unity.
Add a delegate to SceneManager.sceneLoaded instead to get notifications after scene loading has completed
OnLevelWasLoaded was found on BoxController
This message has been deprecated and will be removed in a later version of Unity.
Add a delegate to SceneManager.sceneLoaded instead to get notifications after scene loading has completed
OnLevelWasLoaded was found on AdmobAds
This message has been deprecated and will be removed in a later version of Unity.
Add a delegate to SceneManager.sceneLoaded instead to get notifications after scene loading has completed
Refreshing native plugins compatible for Editor in 11.83 ms, found 10 plugins.
Preloading 0 native plugins for Editor in 0.00 ms.
Unloading 7073 Unused Serialized files (Serialized files now loaded: 0)
Unloading 342 unused Assets / (2.0 MB). Loaded Objects now: 9125.
Memory consumption went from 328.4 MB to 326.4 MB.
Total: 49.164500 ms (FindLiveObjects: 1.571900 ms CreateObjectMapping: 0.828000 ms MarkObjects: 38.804400 ms  DeleteObjects: 7.954300 ms)

Prepare: number of updated asset objects reloaded= 0
AssetImportParameters requested are different than current active one (requested -> active):
  custom:container-demuxer-ogg: 62fdf1f143b41e24485cea50d1cbac27 -> 
  custom:framework-win-MediaFoundation: 216162199b28c13a410421893ffa2e32 -> 
  custom:container-muxer-webm: aa71ff27fc2769a1b78a27578f13a17b -> 
  custom:video-decoder-webm-vp8: 9c59270c3fd7afecdb556c50c9e8de78 -> 
  custom:SearchIndexIgnoredProperties: e643bd26f0fe6173181afceb89e7c659 -> 
  custom:AudioImporter_EditorPlatform: d09bf68614088b80899f8185d706f6e7 -> 
  custom:audio-decoder-ogg-vorbis: bf7c407c2cedff20999df2af8eb42d56 -> 
  custom:audio-encoder-webm-vorbis: bf7c407c2cedff20999df2af8eb42d56 -> 
  custom:video-decoder-ogg-theora: a1e56fd34408186e4bbccfd4996cb3dc -> 
  custom:CustomObjectIndexerAttribute: 62b5816608c3102f162a1797e29626cf -> 
  custom:container-demuxer-webm: 4f35f7cbe854078d1ac9338744f61a02 -> 
  custom:video-encoder-webm-vp8: eb34c28f22e8b96e1ab97ce403110664 -> 
========================================================================
Received Prepare
Begin MonoManager ReloadAssembly
Symbol file LoadedFromMemory is not a mono symbol file
- Loaded All Assemblies, in  0.778 seconds
Refreshing native plugins compatible for Editor in 11.66 ms, found 10 plugins.
Native extension for WindowsStandalone target not found
Native extension for iOS target not found
Native extension for Android target not found
[Package Manager] Server::EnsureServerProcessIsRunning -- launch failed, reason: Unity was launched with the -noUpm command-line argument
[Package Manager] UpmClient::Send -- Unable to send message (not connected to UPM process).
[Package Manager] Cannot connect to Unity Package Manager local server
Debug [AppLovin MAX] Deleting obsolete network AdColony from path Assets\MaxSdk/Mediation/AdColony...
UnityEngine.StackTraceUtility:ExtractStackTrace ()
UnityEngine.DebugLogHandler:LogFormat (UnityEngine.LogType,UnityEngine.Object,string,object[])
UnityEngine.Logger:Log (UnityEngine.LogType,object)
UnityEngine.Debug:Log (object)
MaxSdkLogger:UserDebug (string) (at Assets/MaxSdk/Scripts/MaxSdkLogger.cs:13)
AppLovinMax.Scripts.IntegrationManager.Editor.AppLovinInitialize:.cctor () (at Assets/MaxSdk/Scripts/IntegrationManager/Editor/AppLovinInitialize.cs:118)
System.Runtime.CompilerServices.RuntimeHelpers:RunClassConstructor (System.RuntimeTypeHandle)
UnityEditor.EditorAssemblies:ProcessInitializeOnLoadAttributes (System.Type[])

(Filename: Assets/MaxSdk/Scripts/MaxSdkLogger.cs Line: 13)

Debug [AppLovin MAX] AppLovin MAX Migration completed
UnityEngine.StackTraceUtility:ExtractStackTrace ()
UnityEngine.DebugLogHandler:LogFormat (UnityEngine.LogType,UnityEngine.Object,string,object[])
UnityEngine.Logger:Log (UnityEngine.LogType,object)
UnityEngine.Debug:Log (object)
MaxSdkLogger:UserDebug (string) (at Assets/MaxSdk/Scripts/MaxSdkLogger.cs:13)
AppLovinMax.Scripts.IntegrationManager.Editor.AppLovinInitialize:.cctor () (at Assets/MaxSdk/Scripts/IntegrationManager/Editor/AppLovinInitialize.cs:128)
System.Runtime.CompilerServices.RuntimeHelpers:RunClassConstructor (System.RuntimeTypeHandle)
UnityEditor.EditorAssemblies:ProcessInitializeOnLoadAttributes (System.Type[])

(Filename: Assets/MaxSdk/Scripts/MaxSdkLogger.cs Line: 13)

Unable to write to 'ProjectSettings\GvhProjectSettings.xml' (System.IO.IOException: Sharing violation on path D:\UnityProject\BonceMonney\ProjectSettings\GvhProjectSettings.xml
  at System.IO.FileStream..ctor (System.String path, System.IO.FileMode mode, System.IO.FileAccess access, System.IO.FileShare share, System.Int32 bufferSize, System.Boolean anonymous, System.IO.FileOptions options) [0x0019e] in <dc753a1061284f8e971ee88ee4826eee>:0 
  at System.IO.FileStream..ctor (System.String path, System.IO.FileMode mode, System.IO.FileAccess access, System.IO.FileShare share, System.Int32 bufferSize, System.IO.FileOptions options) [0x00000] in <dc753a1061284f8e971ee88ee4826eee>:0 
  at System.IO.FileStream..ctor (System.String path, System.IO.FileMode mode, System.IO.FileAccess access, System.IO.FileShare share, System.Int32 bufferSize, System.Boolean useAsync) [0x00000] in <dc753a1061284f8e971ee88ee4826eee>:0 
  at (wrapper remoting-invoke-with-check) System.IO.FileStream..ctor(string,System.IO.FileMode,System.IO.FileAccess,System.IO.FileShare,int,bool)
  at System.Xml.XmlWriterSettings.CreateWriter (System.String outputFileName) [0x00051] in <ae5badc4ec594809bfbe24220ad62e9b>:0 
  at System.Xml.XmlWriter.Create (System.String outputFileName, System.Xml.XmlWriterSettings settings) [0x0000a] in <ae5badc4ec594809bfbe24220ad62e9b>:0 
  at Google.ProjectSettings.Save () [0x00079] in /Users/amaurice/Documents/GitHub/unity-jar-resolver/source/VersionHandlerImpl/src/ProjectSettings.cs:821 , Project settings were not saved!
UnityEngine.StackTraceUtility:ExtractStackTrace ()
UnityEngine.DebugLogHandler:LogFormat (UnityEngine.LogType,UnityEngine.Object,string,object[])
UnityEngine.Logger:Log (UnityEngine.LogType,object)
UnityEngine.Debug:LogError (object)
Google.Logger:Log (string,Google.LogLevel) (at /Users/amaurice/Documents/GitHub/unity-jar-resolver/source/VersionHandlerImpl/src/Logger.cs:136)
Google.ProjectSettings:Save () (at /Users/amaurice/Documents/GitHub/unity-jar-resolver/source/VersionHandlerImpl/src/ProjectSettings.cs:844)
Google.ProjectSettings:SetBool (string,bool,Google.SettingsLocation) (at /Users/amaurice/Documents/GitHub/unity-jar-resolver/source/VersionHandlerImpl/src/ProjectSettings.cs:485)
Google.ProjectSettings:SetBool (string,bool) (at /Users/amaurice/Documents/GitHub/unity-jar-resolver/source/VersionHandlerImpl/src/ProjectSettings.cs:497)
Google.IOSResolver:set_VerboseLoggingEnabled (bool) (at /Users/amaurice/Documents/GitHub/unity-jar-resolver/source/IOSResolver/src/IOSResolver.cs:1041)
Google.IOSResolver:.cctor () (at /Users/amaurice/Documents/GitHub/unity-jar-resolver/source/IOSResolver/src/IOSResolver.cs:727)
System.Runtime.CompilerServices.RuntimeHelpers:RunClassConstructor (System.RuntimeTypeHandle)
UnityEditor.EditorAssemblies:ProcessInitializeOnLoadAttributes (System.Type[])

(Filename: /Users/amaurice/Documents/GitHub/unity-jar-resolver/source/VersionHandlerImpl/src/ProjectSettings.cs Line: 844)

Mono: successfully reloaded assembly
- Finished resetting the current domain, in  1.365 seconds
Domain Reload Profiling: 2142ms
	BeginReloadAssembly (256ms)
		ExecutionOrderSort (0ms)
		DisableScriptedObjects (11ms)
		BackupInstance (0ms)
		ReleaseScriptingObjects (0ms)
		CreateAndSetChildDomain (105ms)
	RebuildCommonClasses (41ms)
	RebuildNativeTypeToScriptingClass (9ms)
	initialDomainReloadingComplete (57ms)
	LoadAllAssembliesAndSetupDomain (413ms)
		LoadAssemblies (448ms)
		RebuildTransferFunctionScriptingTraits (0ms)
		AnalyzeDomain (72ms)
			TypeCache.Refresh (30ms)
				TypeCache.ScanAssembly (12ms)
			ScanForSourceGeneratedMonoScriptInfo (25ms)
			ResolveRequiredComponents (15ms)
	FinalizeReload (1366ms)
		ReleaseScriptCaches (0ms)
		RebuildScriptCaches (0ms)
		SetupLoadedEditorAssemblies (929ms)
			LogAssemblyErrors (0ms)
			InitializePlatformSupportModulesInManaged (29ms)
			SetLoadedEditorAssemblies (3ms)
			RefreshPlugins (0ms)
			BeforeProcessingInitializeOnLoad (67ms)
			ProcessInitializeOnLoadAttributes (697ms)
			ProcessInitializeOnLoadMethodAttributes (128ms)
			AfterProcessingInitializeOnLoad (4ms)
			EditorAssembliesLoaded (0ms)
		ExecutionOrderSort2 (0ms)
		AwakeInstancesAfterBackupRestoration (9ms)
OnLevelWasLoaded was found on Reporter
This message has been deprecated and will be removed in a later version of Unity.
Add a delegate to SceneManager.sceneLoaded instead to get notifications after scene loading has completed
OnLevelWasLoaded was found on BoxController
This message has been deprecated and will be removed in a later version of Unity.
Add a delegate to SceneManager.sceneLoaded instead to get notifications after scene loading has completed
OnLevelWasLoaded was found on AdmobAds
This message has been deprecated and will be removed in a later version of Unity.
Add a delegate to SceneManager.sceneLoaded instead to get notifications after scene loading has completed
Refreshing native plugins compatible for Editor in 20.37 ms, found 10 plugins.
Preloading 0 native plugins for Editor in 0.00 ms.
Unloading 7073 Unused Serialized files (Serialized files now loaded: 0)
Unloading 342 unused Assets / (2.1 MB). Loaded Objects now: 9161.
Memory consumption went from 330.4 MB to 328.4 MB.
Total: 27.515300 ms (FindLiveObjects: 1.461500 ms CreateObjectMapping: 0.846300 ms MarkObjects: 21.796800 ms  DeleteObjects: 3.408900 ms)

Prepare: number of updated asset objects reloaded= 0
AssetImportParameters requested are different than current active one (requested -> active):
  custom:container-demuxer-ogg: 62fdf1f143b41e24485cea50d1cbac27 -> 
  custom:framework-win-MediaFoundation: 216162199b28c13a410421893ffa2e32 -> 
  custom:container-muxer-webm: aa71ff27fc2769a1b78a27578f13a17b -> 
  custom:video-decoder-webm-vp8: 9c59270c3fd7afecdb556c50c9e8de78 -> 
  custom:SearchIndexIgnoredProperties: e643bd26f0fe6173181afceb89e7c659 -> 
  custom:AudioImporter_EditorPlatform: d09bf68614088b80899f8185d706f6e7 -> 
  custom:audio-decoder-ogg-vorbis: bf7c407c2cedff20999df2af8eb42d56 -> 
  custom:audio-encoder-webm-vorbis: bf7c407c2cedff20999df2af8eb42d56 -> 
  custom:video-decoder-ogg-theora: a1e56fd34408186e4bbccfd4996cb3dc -> 
  custom:CustomObjectIndexerAttribute: 62b5816608c3102f162a1797e29626cf -> 
  custom:container-demuxer-webm: 4f35f7cbe854078d1ac9338744f61a02 -> 
  custom:video-encoder-webm-vp8: eb34c28f22e8b96e1ab97ce403110664 -> 
========================================================================
Received Import Request.
  Time since last request: 1807.568256 seconds.
  path: Assets/GrassPuzzle_01/Script/InputController.cs
  artifactKey: Guid(52be01c202db8e746ae79e832fddc34a) Importer(815301076,1909f56bfc062723c751e8b465ee728b)
Start importing Assets/GrassPuzzle_01/Script/InputController.cs using Guid(52be01c202db8e746ae79e832fddc34a) Importer(815301076,1909f56bfc062723c751e8b465ee728b)  -> (artifact id: 'efd1723320dea12cca97814082c313ee') in 0.002948 seconds
Number of updated asset objects reloaded before import = 0
Number of asset objects unloaded after import = 0
========================================================================
Received Import Request.
  Time since last request: 0.623597 seconds.
  path: Assets/GrassPuzzle_01/Script/LevelData.cs
  artifactKey: Guid(717169961eff2d54bb707d63932cacb3) Importer(815301076,1909f56bfc062723c751e8b465ee728b)
Start importing Assets/GrassPuzzle_01/Script/LevelData.cs using Guid(717169961eff2d54bb707d63932cacb3) Importer(815301076,1909f56bfc062723c751e8b465ee728b)  -> (artifact id: '2b9b9ca27b32d9ed96cea30565d31e7b') in 0.001625 seconds
Number of updated asset objects reloaded before import = 0
Number of asset objects unloaded after import = 0
========================================================================
Received Prepare
Begin MonoManager ReloadAssembly
Symbol file LoadedFromMemory is not a mono symbol file
- Loaded All Assemblies, in  0.700 seconds
Refreshing native plugins compatible for Editor in 12.32 ms, found 10 plugins.
Native extension for WindowsStandalone target not found
Native extension for iOS target not found
Native extension for Android target not found
[Package Manager] Server::EnsureServerProcessIsRunning -- launch failed, reason: Unity was launched with the -noUpm command-line argument
[Package Manager] UpmClient::Send -- Unable to send message (not connected to UPM process).
[Package Manager] Cannot connect to Unity Package Manager local server
Debug [AppLovin MAX] Deleting obsolete network AdColony from path Assets\MaxSdk/Mediation/AdColony...
UnityEngine.StackTraceUtility:ExtractStackTrace ()
UnityEngine.DebugLogHandler:LogFormat (UnityEngine.LogType,UnityEngine.Object,string,object[])
UnityEngine.Logger:Log (UnityEngine.LogType,object)
UnityEngine.Debug:Log (object)
MaxSdkLogger:UserDebug (string) (at Assets/MaxSdk/Scripts/MaxSdkLogger.cs:13)
AppLovinMax.Scripts.IntegrationManager.Editor.AppLovinInitialize:.cctor () (at Assets/MaxSdk/Scripts/IntegrationManager/Editor/AppLovinInitialize.cs:118)
System.Runtime.CompilerServices.RuntimeHelpers:RunClassConstructor (System.RuntimeTypeHandle)
UnityEditor.EditorAssemblies:ProcessInitializeOnLoadAttributes (System.Type[])

(Filename: Assets/MaxSdk/Scripts/MaxSdkLogger.cs Line: 13)

Debug [AppLovin MAX] AppLovin MAX Migration completed
UnityEngine.StackTraceUtility:ExtractStackTrace ()
UnityEngine.DebugLogHandler:LogFormat (UnityEngine.LogType,UnityEngine.Object,string,object[])
UnityEngine.Logger:Log (UnityEngine.LogType,object)
UnityEngine.Debug:Log (object)
MaxSdkLogger:UserDebug (string) (at Assets/MaxSdk/Scripts/MaxSdkLogger.cs:13)
AppLovinMax.Scripts.IntegrationManager.Editor.AppLovinInitialize:.cctor () (at Assets/MaxSdk/Scripts/IntegrationManager/Editor/AppLovinInitialize.cs:128)
System.Runtime.CompilerServices.RuntimeHelpers:RunClassConstructor (System.RuntimeTypeHandle)
UnityEditor.EditorAssemblies:ProcessInitializeOnLoadAttributes (System.Type[])

(Filename: Assets/MaxSdk/Scripts/MaxSdkLogger.cs Line: 13)

Mono: successfully reloaded assembly
- Finished resetting the current domain, in  1.618 seconds
Domain Reload Profiling: 2317ms
	BeginReloadAssembly (199ms)
		ExecutionOrderSort (0ms)
		DisableScriptedObjects (8ms)
		BackupInstance (0ms)
		ReleaseScriptingObjects (0ms)
		CreateAndSetChildDomain (69ms)
	RebuildCommonClasses (35ms)
	RebuildNativeTypeToScriptingClass (10ms)
	initialDomainReloadingComplete (37ms)
	LoadAllAssembliesAndSetupDomain (418ms)
		LoadAssemblies (430ms)
		RebuildTransferFunctionScriptingTraits (0ms)
		AnalyzeDomain (80ms)
			TypeCache.Refresh (42ms)
				TypeCache.ScanAssembly (17ms)
			ScanForSourceGeneratedMonoScriptInfo (23ms)
			ResolveRequiredComponents (14ms)
	FinalizeReload (1619ms)
		ReleaseScriptCaches (0ms)
		RebuildScriptCaches (0ms)
		SetupLoadedEditorAssemblies (1157ms)
			LogAssemblyErrors (0ms)
			InitializePlatformSupportModulesInManaged (30ms)
			SetLoadedEditorAssemblies (3ms)
			RefreshPlugins (0ms)
			BeforeProcessingInitializeOnLoad (88ms)
			ProcessInitializeOnLoadAttributes (912ms)
			ProcessInitializeOnLoadMethodAttributes (118ms)
			AfterProcessingInitializeOnLoad (4ms)
			EditorAssembliesLoaded (0ms)
		ExecutionOrderSort2 (0ms)
		AwakeInstancesAfterBackupRestoration (9ms)
OnLevelWasLoaded was found on Reporter
This message has been deprecated and will be removed in a later version of Unity.
Add a delegate to SceneManager.sceneLoaded instead to get notifications after scene loading has completed
OnLevelWasLoaded was found on BoxController
This message has been deprecated and will be removed in a later version of Unity.
Add a delegate to SceneManager.sceneLoaded instead to get notifications after scene loading has completed
OnLevelWasLoaded was found on AdmobAds
This message has been deprecated and will be removed in a later version of Unity.
Add a delegate to SceneManager.sceneLoaded instead to get notifications after scene loading has completed
Refreshing native plugins compatible for Editor in 13.05 ms, found 10 plugins.
Preloading 0 native plugins for Editor in 0.00 ms.
Unloading 7073 Unused Serialized files (Serialized files now loaded: 0)
Unloading 342 unused Assets / (2.1 MB). Loaded Objects now: 9197.
Memory consumption went from 332.4 MB to 330.4 MB.
Total: 19.900900 ms (FindLiveObjects: 0.618100 ms CreateObjectMapping: 0.296600 ms MarkObjects: 17.354300 ms  DeleteObjects: 1.630400 ms)

Prepare: number of updated asset objects reloaded= 0
AssetImportParameters requested are different than current active one (requested -> active):
  custom:container-demuxer-ogg: 62fdf1f143b41e24485cea50d1cbac27 -> 
  custom:framework-win-MediaFoundation: 216162199b28c13a410421893ffa2e32 -> 
  custom:container-muxer-webm: aa71ff27fc2769a1b78a27578f13a17b -> 
  custom:video-decoder-webm-vp8: 9c59270c3fd7afecdb556c50c9e8de78 -> 
  custom:SearchIndexIgnoredProperties: e643bd26f0fe6173181afceb89e7c659 -> 
  custom:AudioImporter_EditorPlatform: d09bf68614088b80899f8185d706f6e7 -> 
  custom:audio-decoder-ogg-vorbis: bf7c407c2cedff20999df2af8eb42d56 -> 
  custom:audio-encoder-webm-vorbis: bf7c407c2cedff20999df2af8eb42d56 -> 
  custom:video-decoder-ogg-theora: a1e56fd34408186e4bbccfd4996cb3dc -> 
  custom:CustomObjectIndexerAttribute: 62b5816608c3102f162a1797e29626cf -> 
  custom:container-demuxer-webm: 4f35f7cbe854078d1ac9338744f61a02 -> 
  custom:video-encoder-webm-vp8: eb34c28f22e8b96e1ab97ce403110664 -> 
========================================================================
Received Prepare
Begin MonoManager ReloadAssembly
Symbol file LoadedFromMemory is not a mono symbol file
- Loaded All Assemblies, in  0.785 seconds
Refreshing native plugins compatible for Editor in 14.53 ms, found 10 plugins.
Native extension for WindowsStandalone target not found
Native extension for iOS target not found
Native extension for Android target not found
[Package Manager] Server::EnsureServerProcessIsRunning -- launch failed, reason: Unity was launched with the -noUpm command-line argument
[Package Manager] UpmClient::Send -- Unable to send message (not connected to UPM process).
[Package Manager] Cannot connect to Unity Package Manager local server
Debug [AppLovin MAX] Deleting obsolete network AdColony from path Assets\MaxSdk/Mediation/AdColony...
UnityEngine.StackTraceUtility:ExtractStackTrace ()
UnityEngine.DebugLogHandler:LogFormat (UnityEngine.LogType,UnityEngine.Object,string,object[])
UnityEngine.Logger:Log (UnityEngine.LogType,object)
UnityEngine.Debug:Log (object)
MaxSdkLogger:UserDebug (string) (at Assets/MaxSdk/Scripts/MaxSdkLogger.cs:13)
AppLovinMax.Scripts.IntegrationManager.Editor.AppLovinInitialize:.cctor () (at Assets/MaxSdk/Scripts/IntegrationManager/Editor/AppLovinInitialize.cs:118)
System.Runtime.CompilerServices.RuntimeHelpers:RunClassConstructor (System.RuntimeTypeHandle)
UnityEditor.EditorAssemblies:ProcessInitializeOnLoadAttributes (System.Type[])

(Filename: Assets/MaxSdk/Scripts/MaxSdkLogger.cs Line: 13)

Debug [AppLovin MAX] AppLovin MAX Migration completed
UnityEngine.StackTraceUtility:ExtractStackTrace ()
UnityEngine.DebugLogHandler:LogFormat (UnityEngine.LogType,UnityEngine.Object,string,object[])
UnityEngine.Logger:Log (UnityEngine.LogType,object)
UnityEngine.Debug:Log (object)
MaxSdkLogger:UserDebug (string) (at Assets/MaxSdk/Scripts/MaxSdkLogger.cs:13)
AppLovinMax.Scripts.IntegrationManager.Editor.AppLovinInitialize:.cctor () (at Assets/MaxSdk/Scripts/IntegrationManager/Editor/AppLovinInitialize.cs:128)
System.Runtime.CompilerServices.RuntimeHelpers:RunClassConstructor (System.RuntimeTypeHandle)
UnityEditor.EditorAssemblies:ProcessInitializeOnLoadAttributes (System.Type[])

(Filename: Assets/MaxSdk/Scripts/MaxSdkLogger.cs Line: 13)

Mono: successfully reloaded assembly
- Finished resetting the current domain, in  1.513 seconds
Domain Reload Profiling: 2297ms
	BeginReloadAssembly (231ms)
		ExecutionOrderSort (0ms)
		DisableScriptedObjects (12ms)
		BackupInstance (0ms)
		ReleaseScriptingObjects (0ms)
		CreateAndSetChildDomain (83ms)
	RebuildCommonClasses (37ms)
	RebuildNativeTypeToScriptingClass (10ms)
	initialDomainReloadingComplete (36ms)
	LoadAllAssembliesAndSetupDomain (470ms)
		LoadAssemblies (492ms)
		RebuildTransferFunctionScriptingTraits (0ms)
		AnalyzeDomain (80ms)
			TypeCache.Refresh (39ms)
				TypeCache.ScanAssembly (14ms)
			ScanForSourceGeneratedMonoScriptInfo (25ms)
			ResolveRequiredComponents (13ms)
	FinalizeReload (1513ms)
		ReleaseScriptCaches (0ms)
		RebuildScriptCaches (0ms)
		SetupLoadedEditorAssemblies (1042ms)
			LogAssemblyErrors (0ms)
			InitializePlatformSupportModulesInManaged (33ms)
			SetLoadedEditorAssemblies (5ms)
			RefreshPlugins (0ms)
			BeforeProcessingInitializeOnLoad (69ms)
			ProcessInitializeOnLoadAttributes (812ms)
			ProcessInitializeOnLoadMethodAttributes (118ms)
			AfterProcessingInitializeOnLoad (4ms)
			EditorAssembliesLoaded (1ms)
		ExecutionOrderSort2 (0ms)
		AwakeInstancesAfterBackupRestoration (9ms)
OnLevelWasLoaded was found on Reporter
This message has been deprecated and will be removed in a later version of Unity.
Add a delegate to SceneManager.sceneLoaded instead to get notifications after scene loading has completed
OnLevelWasLoaded was found on BoxController
This message has been deprecated and will be removed in a later version of Unity.
Add a delegate to SceneManager.sceneLoaded instead to get notifications after scene loading has completed
OnLevelWasLoaded was found on AdmobAds
This message has been deprecated and will be removed in a later version of Unity.
Add a delegate to SceneManager.sceneLoaded instead to get notifications after scene loading has completed
Refreshing native plugins compatible for Editor in 14.59 ms, found 10 plugins.
Preloading 0 native plugins for Editor in 0.00 ms.
Unloading 7073 Unused Serialized files (Serialized files now loaded: 0)
Unloading 342 unused Assets / (2.0 MB). Loaded Objects now: 9233.
Memory consumption went from 334.4 MB to 332.4 MB.
Total: 20.398900 ms (FindLiveObjects: 0.929000 ms CreateObjectMapping: 0.726500 ms MarkObjects: 16.501400 ms  DeleteObjects: 2.239600 ms)

Prepare: number of updated asset objects reloaded= 0
AssetImportParameters requested are different than current active one (requested -> active):
  custom:container-demuxer-ogg: 62fdf1f143b41e24485cea50d1cbac27 -> 
  custom:framework-win-MediaFoundation: 216162199b28c13a410421893ffa2e32 -> 
  custom:container-muxer-webm: aa71ff27fc2769a1b78a27578f13a17b -> 
  custom:video-decoder-webm-vp8: 9c59270c3fd7afecdb556c50c9e8de78 -> 
  custom:SearchIndexIgnoredProperties: e643bd26f0fe6173181afceb89e7c659 -> 
  custom:AudioImporter_EditorPlatform: d09bf68614088b80899f8185d706f6e7 -> 
  custom:audio-decoder-ogg-vorbis: bf7c407c2cedff20999df2af8eb42d56 -> 
  custom:audio-encoder-webm-vorbis: bf7c407c2cedff20999df2af8eb42d56 -> 
  custom:video-decoder-ogg-theora: a1e56fd34408186e4bbccfd4996cb3dc -> 
  custom:CustomObjectIndexerAttribute: 62b5816608c3102f162a1797e29626cf -> 
  custom:container-demuxer-webm: 4f35f7cbe854078d1ac9338744f61a02 -> 
  custom:video-encoder-webm-vp8: eb34c28f22e8b96e1ab97ce403110664 -> 
========================================================================
Received Import Request.
  Time since last request: 227.003248 seconds.
  path: Assets/Resources/Levels/Level_0.txt
  artifactKey: Guid(258882138cf95404cb014b6d36441f97) Importer(815301076,1909f56bfc062723c751e8b465ee728b)
Start importing Assets/Resources/Levels/Level_0.txt using Guid(258882138cf95404cb014b6d36441f97) Importer(815301076,1909f56bfc062723c751e8b465ee728b)  -> (artifact id: '984d4f3e9e03502a91a9dda18b528b21') in 0.020695 seconds
Number of updated asset objects reloaded before import = 0
Number of asset objects unloaded after import = 1
========================================================================
Received Import Request.
  Time since last request: 144.792675 seconds.
  path: Assets/Resources/Levels/Level_1.txt
  artifactKey: Guid(f43b07ffb099de048a8dc10c60ab44ae) Importer(815301076,1909f56bfc062723c751e8b465ee728b)
Start importing Assets/Resources/Levels/Level_1.txt using Guid(f43b07ffb099de048a8dc10c60ab44ae) Importer(815301076,1909f56bfc062723c751e8b465ee728b)  -> (artifact id: '07837db8682d1c652b1511aa7a646831') in 0.002879 seconds
Number of updated asset objects reloaded before import = 0
Number of asset objects unloaded after import = 1
========================================================================
Received Prepare
Begin MonoManager ReloadAssembly
Symbol file LoadedFromMemory is not a mono symbol file
- Loaded All Assemblies, in  0.655 seconds
Refreshing native plugins compatible for Editor in 10.90 ms, found 10 plugins.
Native extension for WindowsStandalone target not found
Native extension for iOS target not found
Native extension for Android target not found
[Package Manager] Server::EnsureServerProcessIsRunning -- launch failed, reason: Unity was launched with the -noUpm command-line argument
[Package Manager] UpmClient::Send -- Unable to send message (not connected to UPM process).
[Package Manager] Cannot connect to Unity Package Manager local server
Debug [AppLovin MAX] Deleting obsolete network AdColony from path Assets\MaxSdk/Mediation/AdColony...
UnityEngine.StackTraceUtility:ExtractStackTrace ()
UnityEngine.DebugLogHandler:LogFormat (UnityEngine.LogType,UnityEngine.Object,string,object[])
UnityEngine.Logger:Log (UnityEngine.LogType,object)
UnityEngine.Debug:Log (object)
MaxSdkLogger:UserDebug (string) (at Assets/MaxSdk/Scripts/MaxSdkLogger.cs:13)
AppLovinMax.Scripts.IntegrationManager.Editor.AppLovinInitialize:.cctor () (at Assets/MaxSdk/Scripts/IntegrationManager/Editor/AppLovinInitialize.cs:118)
System.Runtime.CompilerServices.RuntimeHelpers:RunClassConstructor (System.RuntimeTypeHandle)
UnityEditor.EditorAssemblies:ProcessInitializeOnLoadAttributes (System.Type[])

(Filename: Assets/MaxSdk/Scripts/MaxSdkLogger.cs Line: 13)

Debug [AppLovin MAX] AppLovin MAX Migration completed
UnityEngine.StackTraceUtility:ExtractStackTrace ()
UnityEngine.DebugLogHandler:LogFormat (UnityEngine.LogType,UnityEngine.Object,string,object[])
UnityEngine.Logger:Log (UnityEngine.LogType,object)
UnityEngine.Debug:Log (object)
MaxSdkLogger:UserDebug (string) (at Assets/MaxSdk/Scripts/MaxSdkLogger.cs:13)
AppLovinMax.Scripts.IntegrationManager.Editor.AppLovinInitialize:.cctor () (at Assets/MaxSdk/Scripts/IntegrationManager/Editor/AppLovinInitialize.cs:128)
System.Runtime.CompilerServices.RuntimeHelpers:RunClassConstructor (System.RuntimeTypeHandle)
UnityEditor.EditorAssemblies:ProcessInitializeOnLoadAttributes (System.Type[])

(Filename: Assets/MaxSdk/Scripts/MaxSdkLogger.cs Line: 13)

Mono: successfully reloaded assembly
- Finished resetting the current domain, in  2.128 seconds
Domain Reload Profiling: 2781ms
	BeginReloadAssembly (170ms)
		ExecutionOrderSort (0ms)
		DisableScriptedObjects (13ms)
		BackupInstance (0ms)
		ReleaseScriptingObjects (0ms)
		CreateAndSetChildDomain (58ms)
	RebuildCommonClasses (26ms)
	RebuildNativeTypeToScriptingClass (9ms)
	initialDomainReloadingComplete (32ms)
	LoadAllAssembliesAndSetupDomain (416ms)
		LoadAssemblies (428ms)
		RebuildTransferFunctionScriptingTraits (0ms)
		AnalyzeDomain (62ms)
			TypeCache.Refresh (26ms)
				TypeCache.ScanAssembly (11ms)
			ScanForSourceGeneratedMonoScriptInfo (21ms)
			ResolveRequiredComponents (12ms)
	FinalizeReload (2128ms)
		ReleaseScriptCaches (0ms)
		RebuildScriptCaches (0ms)
		SetupLoadedEditorAssemblies (917ms)
			LogAssemblyErrors (0ms)
			InitializePlatformSupportModulesInManaged (27ms)
			SetLoadedEditorAssemblies (3ms)
			RefreshPlugins (0ms)
			BeforeProcessingInitializeOnLoad (63ms)
			ProcessInitializeOnLoadAttributes (716ms)
			ProcessInitializeOnLoadMethodAttributes (102ms)
			AfterProcessingInitializeOnLoad (4ms)
			EditorAssembliesLoaded (0ms)
		ExecutionOrderSort2 (0ms)
		AwakeInstancesAfterBackupRestoration (9ms)
OnLevelWasLoaded was found on Reporter
This message has been deprecated and will be removed in a later version of Unity.
Add a delegate to SceneManager.sceneLoaded instead to get notifications after scene loading has completed
OnLevelWasLoaded was found on BoxController
This message has been deprecated and will be removed in a later version of Unity.
Add a delegate to SceneManager.sceneLoaded instead to get notifications after scene loading has completed
OnLevelWasLoaded was found on AdmobAds
This message has been deprecated and will be removed in a later version of Unity.
Add a delegate to SceneManager.sceneLoaded instead to get notifications after scene loading has completed
Refreshing native plugins compatible for Editor in 9.78 ms, found 10 plugins.
Preloading 0 native plugins for Editor in 0.00 ms.
Unloading 7073 Unused Serialized files (Serialized files now loaded: 0)
Unloading 342 unused Assets / (2.0 MB). Loaded Objects now: 9269.
Memory consumption went from 336.4 MB to 334.4 MB.
Total: 23.410500 ms (FindLiveObjects: 1.203800 ms CreateObjectMapping: 0.662000 ms MarkObjects: 19.086600 ms  DeleteObjects: 2.454800 ms)

Prepare: number of updated asset objects reloaded= 0
AssetImportParameters requested are different than current active one (requested -> active):
  custom:container-demuxer-ogg: 62fdf1f143b41e24485cea50d1cbac27 -> 
  custom:framework-win-MediaFoundation: 216162199b28c13a410421893ffa2e32 -> 
  custom:container-muxer-webm: aa71ff27fc2769a1b78a27578f13a17b -> 
  custom:video-decoder-webm-vp8: 9c59270c3fd7afecdb556c50c9e8de78 -> 
  custom:SearchIndexIgnoredProperties: e643bd26f0fe6173181afceb89e7c659 -> 
  custom:AudioImporter_EditorPlatform: d09bf68614088b80899f8185d706f6e7 -> 
  custom:audio-decoder-ogg-vorbis: bf7c407c2cedff20999df2af8eb42d56 -> 
  custom:audio-encoder-webm-vorbis: bf7c407c2cedff20999df2af8eb42d56 -> 
  custom:video-decoder-ogg-theora: a1e56fd34408186e4bbccfd4996cb3dc -> 
  custom:CustomObjectIndexerAttribute: 62b5816608c3102f162a1797e29626cf -> 
  custom:container-demuxer-webm: 4f35f7cbe854078d1ac9338744f61a02 -> 
  custom:video-encoder-webm-vp8: eb34c28f22e8b96e1ab97ce403110664 -> 
========================================================================
Received Import Request.
  Time since last request: 503.770490 seconds.
  path: Assets/Resources/Levels/Level_4.txt
  artifactKey: Guid(c4e075b3a4e79b14dbf02716929d8800) Importer(815301076,1909f56bfc062723c751e8b465ee728b)
Start importing Assets/Resources/Levels/Level_4.txt using Guid(c4e075b3a4e79b14dbf02716929d8800) Importer(815301076,1909f56bfc062723c751e8b465ee728b)  -> (artifact id: '60143e9d0a3ee969e975c832083a4de0') in 0.025692 seconds
Number of updated asset objects reloaded before import = 0
Number of asset objects unloaded after import = 1
========================================================================
Received Import Request.
  Time since last request: 4.439972 seconds.
  path: Assets/Resources/Levels/Level_7.txt
  artifactKey: Guid(89b035c35a4aa354e9b0ce0ab8d22721) Importer(815301076,1909f56bfc062723c751e8b465ee728b)
Start importing Assets/Resources/Levels/Level_7.txt using Guid(89b035c35a4aa354e9b0ce0ab8d22721) Importer(815301076,1909f56bfc062723c751e8b465ee728b)  -> (artifact id: '9329af1bfd951f36ce98e15d23180e2d') in 0.001676 seconds
Number of updated asset objects reloaded before import = 0
Number of asset objects unloaded after import = 1
========================================================================
Received Import Request.
  Time since last request: 0.414843 seconds.
  path: Assets/Resources/Levels/Level_15.txt
  artifactKey: Guid(2464368c5a58ff646ab3e5ef2a507026) Importer(815301076,1909f56bfc062723c751e8b465ee728b)
Start importing Assets/Resources/Levels/Level_15.txt using Guid(2464368c5a58ff646ab3e5ef2a507026) Importer(815301076,1909f56bfc062723c751e8b465ee728b)  -> (artifact id: 'aabdfb9919e53a32d2aa0bd236e8a169') in 0.002822 seconds
Number of updated asset objects reloaded before import = 0
Number of asset objects unloaded after import = 1
========================================================================
Received Import Request.
  Time since last request: 2.550667 seconds.
  path: Assets/Resources/Levels/Level_1.txt
  artifactKey: Guid(f43b07ffb099de048a8dc10c60ab44ae) Importer(815301076,1909f56bfc062723c751e8b465ee728b)
Start importing Assets/Resources/Levels/Level_1.txt using Guid(f43b07ffb099de048a8dc10c60ab44ae) Importer(815301076,1909f56bfc062723c751e8b465ee728b)  -> (artifact id: '05b0a046c6d25a77dc41e28760a81cd8') in 0.003192 seconds
Number of updated asset objects reloaded before import = 0
Number of asset objects unloaded after import = 1
========================================================================
Received Import Request.
  Time since last request: 1.906908 seconds.
  path: Assets/Resources/Levels/Level_2.txt
  artifactKey: Guid(64959779b4ff6e146a9bc51fd248b85c) Importer(815301076,1909f56bfc062723c751e8b465ee728b)
Start importing Assets/Resources/Levels/Level_2.txt using Guid(64959779b4ff6e146a9bc51fd248b85c) Importer(815301076,1909f56bfc062723c751e8b465ee728b)  -> (artifact id: '909d6a9ad4da92402e019767d429c32e') in 0.005700 seconds
Number of updated asset objects reloaded before import = 0
Number of asset objects unloaded after import = 1
========================================================================
Received Import Request.
  Time since last request: 0.162613 seconds.
  path: Assets/Resources/Levels/Level_3.txt
  artifactKey: Guid(8b434d08ed1ad444594a4a78c25c1424) Importer(815301076,1909f56bfc062723c751e8b465ee728b)
Start importing Assets/Resources/Levels/Level_3.txt using Guid(8b434d08ed1ad444594a4a78c25c1424) Importer(815301076,1909f56bfc062723c751e8b465ee728b)  -> (artifact id: 'a113f62a78e542eb235ee431cc0bd9be') in 0.009474 seconds
Number of updated asset objects reloaded before import = 0
Number of asset objects unloaded after import = 1
========================================================================
Received Import Request.
  Time since last request: 0.282286 seconds.
  path: Assets/Resources/Levels/Level_5.txt
  artifactKey: Guid(40740fdf29e86e54bb19827fca4ea963) Importer(815301076,1909f56bfc062723c751e8b465ee728b)
Start importing Assets/Resources/Levels/Level_5.txt using Guid(40740fdf29e86e54bb19827fca4ea963) Importer(815301076,1909f56bfc062723c751e8b465ee728b)  -> (artifact id: 'b21b96682b98960db9b35030fa8c929c') in 0.006812 seconds
Number of updated asset objects reloaded before import = 0
Number of asset objects unloaded after import = 1
========================================================================
Received Import Request.
  Time since last request: 0.755908 seconds.
  path: Assets/Resources/Levels/Level_6.txt
  artifactKey: Guid(6b2635f26a785184faa72742b1f28adc) Importer(815301076,1909f56bfc062723c751e8b465ee728b)
Start importing Assets/Resources/Levels/Level_6.txt using Guid(6b2635f26a785184faa72742b1f28adc) Importer(815301076,1909f56bfc062723c751e8b465ee728b)  -> (artifact id: '7bf189f4bd096495b7e649dba54ad4f4') in 0.001709 seconds
Number of updated asset objects reloaded before import = 0
Number of asset objects unloaded after import = 1
========================================================================
Received Import Request.
  Time since last request: 0.467952 seconds.
  path: Assets/Resources/Levels/Level_8.txt
  artifactKey: Guid(38646438bba224b4f98e33d6b3edca9a) Importer(815301076,1909f56bfc062723c751e8b465ee728b)
Start importing Assets/Resources/Levels/Level_8.txt using Guid(38646438bba224b4f98e33d6b3edca9a) Importer(815301076,1909f56bfc062723c751e8b465ee728b)  -> (artifact id: '70d498314121ae55192245a631889023') in 0.007814 seconds
Number of updated asset objects reloaded before import = 0
Number of asset objects unloaded after import = 1
========================================================================
Received Import Request.
  Time since last request: 0.179910 seconds.
  path: Assets/Resources/Levels/Level_9.txt
  artifactKey: Guid(6b3b5f06b6addf640af3eae1c661027c) Importer(815301076,1909f56bfc062723c751e8b465ee728b)
Start importing Assets/Resources/Levels/Level_9.txt using Guid(6b3b5f06b6addf640af3eae1c661027c) Importer(815301076,1909f56bfc062723c751e8b465ee728b)  -> (artifact id: '77d5e4d36a63b3f7d2c4ae728d75b98b') in 0.007848 seconds
Number of updated asset objects reloaded before import = 0
Number of asset objects unloaded after import = 1
========================================================================
Received Import Request.
  Time since last request: 0.282396 seconds.
  path: Assets/Resources/Levels/Level_10.txt
  artifactKey: Guid(bb069a97a0624b54da24ca83b140c7bc) Importer(815301076,1909f56bfc062723c751e8b465ee728b)
Start importing Assets/Resources/Levels/Level_10.txt using Guid(bb069a97a0624b54da24ca83b140c7bc) Importer(815301076,1909f56bfc062723c751e8b465ee728b)  -> (artifact id: '56a1f5b96e928df2ca55bce0b30afae8') in 0.006456 seconds
Number of updated asset objects reloaded before import = 0
Number of asset objects unloaded after import = 1
========================================================================
Received Import Request.
  Time since last request: 0.245528 seconds.
  path: Assets/Resources/Levels/Level_11.txt
  artifactKey: Guid(7c32ac4aef220bd449af92ef48e2d0a6) Importer(815301076,1909f56bfc062723c751e8b465ee728b)
Start importing Assets/Resources/Levels/Level_11.txt using Guid(7c32ac4aef220bd449af92ef48e2d0a6) Importer(815301076,1909f56bfc062723c751e8b465ee728b)  -> (artifact id: '0a961eec09817ae840e139e7a89885ac') in 0.005985 seconds
Number of updated asset objects reloaded before import = 0
Number of asset objects unloaded after import = 1
========================================================================
Received Import Request.
  Time since last request: 0.151191 seconds.
  path: Assets/Resources/Levels/Level_12.txt
  artifactKey: Guid(1dfd082caf1985f4da5c9a9ca901ace1) Importer(815301076,1909f56bfc062723c751e8b465ee728b)
Start importing Assets/Resources/Levels/Level_12.txt using Guid(1dfd082caf1985f4da5c9a9ca901ace1) Importer(815301076,1909f56bfc062723c751e8b465ee728b)  -> (artifact id: '60df50b2d3b89755b87fcca628ae3d52') in 0.001643 seconds
Number of updated asset objects reloaded before import = 0
Number of asset objects unloaded after import = 1
========================================================================
Received Import Request.
  Time since last request: 0.136879 seconds.
  path: Assets/Resources/Levels/Level_13.txt
  artifactKey: Guid(1a27f6256dfc8a341bcd329e3346824f) Importer(815301076,1909f56bfc062723c751e8b465ee728b)
Start importing Assets/Resources/Levels/Level_13.txt using Guid(1a27f6256dfc8a341bcd329e3346824f) Importer(815301076,1909f56bfc062723c751e8b465ee728b)  -> (artifact id: '0782bea6d38f23481b94bac66b4b3b16') in 0.001338 seconds
Number of updated asset objects reloaded before import = 0
Number of asset objects unloaded after import = 1
========================================================================
Received Import Request.
  Time since last request: 0.150752 seconds.
  path: Assets/Resources/Levels/Level_14.txt
  artifactKey: Guid(ae3d77ec8c9539e40a45d5e0fe1db322) Importer(815301076,1909f56bfc062723c751e8b465ee728b)
Start importing Assets/Resources/Levels/Level_14.txt using Guid(ae3d77ec8c9539e40a45d5e0fe1db322) Importer(815301076,1909f56bfc062723c751e8b465ee728b)  -> (artifact id: 'eeea46d03f28490faa900021ce871c3c') in 0.006639 seconds
Number of updated asset objects reloaded before import = 0
Number of asset objects unloaded after import = 1
========================================================================
Received Import Request.
  Time since last request: 0.305463 seconds.
  path: Assets/Resources/Levels/Level_16.txt
  artifactKey: Guid(28d0909567f080745ae1a2c8fcf40dff) Importer(815301076,1909f56bfc062723c751e8b465ee728b)
Start importing Assets/Resources/Levels/Level_16.txt using Guid(28d0909567f080745ae1a2c8fcf40dff) Importer(815301076,1909f56bfc062723c751e8b465ee728b)  -> (artifact id: '6ed32a7fac2d784173c96729c3c52a8f') in 0.006403 seconds
Number of updated asset objects reloaded before import = 0
Number of asset objects unloaded after import = 1
========================================================================
Received Import Request.
  Time since last request: 0.161068 seconds.
  path: Assets/Resources/Levels/Level_17.txt
  artifactKey: Guid(6b8f35783d01eff4a83ed66ae1c7dad4) Importer(815301076,1909f56bfc062723c751e8b465ee728b)
Start importing Assets/Resources/Levels/Level_17.txt using Guid(6b8f35783d01eff4a83ed66ae1c7dad4) Importer(815301076,1909f56bfc062723c751e8b465ee728b)  -> (artifact id: '2e84d3a6d2c0ed254f1e5cc1f4fe3551') in 0.001525 seconds
Number of updated asset objects reloaded before import = 0
Number of asset objects unloaded after import = 1
========================================================================
Received Import Request.
  Time since last request: 0.145095 seconds.
  path: Assets/Resources/Levels/Level_18.txt
  artifactKey: Guid(1963b130472c9e042b9a5d45608d7c60) Importer(815301076,1909f56bfc062723c751e8b465ee728b)
Start importing Assets/Resources/Levels/Level_18.txt using Guid(1963b130472c9e042b9a5d45608d7c60) Importer(815301076,1909f56bfc062723c751e8b465ee728b)  -> (artifact id: '0cffdba966d12574f2b05047445d5845') in 0.001752 seconds
Number of updated asset objects reloaded before import = 0
Number of asset objects unloaded after import = 1
========================================================================
Received Import Request.
  Time since last request: 0.159371 seconds.
  path: Assets/Resources/Levels/Level_19.txt
  artifactKey: Guid(258d7a2d18695d544a37859decc6d2d0) Importer(815301076,1909f56bfc062723c751e8b465ee728b)
Start importing Assets/Resources/Levels/Level_19.txt using Guid(258d7a2d18695d544a37859decc6d2d0) Importer(815301076,1909f56bfc062723c751e8b465ee728b)  -> (artifact id: '7eb7a68d71b0305c348bbad1995b619d') in 0.007028 seconds
Number of updated asset objects reloaded before import = 0
Number of asset objects unloaded after import = 1
========================================================================
Received Import Request.
  Time since last request: 0.156527 seconds.
  path: Assets/Resources/Levels/Level_20.txt
  artifactKey: Guid(a407e70033ee6624791cc765a8ef7c24) Importer(815301076,1909f56bfc062723c751e8b465ee728b)
Start importing Assets/Resources/Levels/Level_20.txt using Guid(a407e70033ee6624791cc765a8ef7c24) Importer(815301076,1909f56bfc062723c751e8b465ee728b)  -> (artifact id: '86d9349bbfa3ea03a70052ca8756f27c') in 0.003127 seconds
Number of updated asset objects reloaded before import = 0
Number of asset objects unloaded after import = 1
========================================================================
Received Import Request.
  Time since last request: 0.144142 seconds.
  path: Assets/Resources/Levels/Level_21.txt
  artifactKey: Guid(40efcf904a1a95b4594f514fb03dfd66) Importer(815301076,1909f56bfc062723c751e8b465ee728b)
Start importing Assets/Resources/Levels/Level_21.txt using Guid(40efcf904a1a95b4594f514fb03dfd66) Importer(815301076,1909f56bfc062723c751e8b465ee728b)  -> (artifact id: '8b857058e05943cddfe84fa5aceb479e') in 0.006724 seconds
Number of updated asset objects reloaded before import = 0
Number of asset objects unloaded after import = 1
========================================================================
Received Import Request.
  Time since last request: 0.143003 seconds.
  path: Assets/Resources/Levels/Level_22.txt
  artifactKey: Guid(d414a6e4363f6284ab0c3089a6bca722) Importer(815301076,1909f56bfc062723c751e8b465ee728b)
Start importing Assets/Resources/Levels/Level_22.txt using Guid(d414a6e4363f6284ab0c3089a6bca722) Importer(815301076,1909f56bfc062723c751e8b465ee728b)  -> (artifact id: '0aee9cc777b238957cb3fcf50abe1cc7') in 0.004095 seconds
Number of updated asset objects reloaded before import = 0
Number of asset objects unloaded after import = 1
========================================================================
Received Import Request.
  Time since last request: 0.154150 seconds.
  path: Assets/Resources/Levels/Level_23.txt
  artifactKey: Guid(98f5df8d6a464914d96458a49553a5a4) Importer(815301076,1909f56bfc062723c751e8b465ee728b)
Start importing Assets/Resources/Levels/Level_23.txt using Guid(98f5df8d6a464914d96458a49553a5a4) Importer(815301076,1909f56bfc062723c751e8b465ee728b)  -> (artifact id: '1ad3bdd9aee962b775191e43e40b923d') in 0.002925 seconds
Number of updated asset objects reloaded before import = 0
Number of asset objects unloaded after import = 1
========================================================================
Received Import Request.
  Time since last request: 0.147653 seconds.
  path: Assets/Resources/Levels/Level_24.txt
  artifactKey: Guid(4c231f69f81f29c4198a71f175946d4d) Importer(815301076,1909f56bfc062723c751e8b465ee728b)
Start importing Assets/Resources/Levels/Level_24.txt using Guid(4c231f69f81f29c4198a71f175946d4d) Importer(815301076,1909f56bfc062723c751e8b465ee728b)  -> (artifact id: '5a91b3b65ee3eb7881531e7562c9a1a0') in 0.006754 seconds
Number of updated asset objects reloaded before import = 0
Number of asset objects unloaded after import = 1
========================================================================
Received Import Request.
  Time since last request: 0.159010 seconds.
  path: Assets/Resources/Levels/Level_25.txt
  artifactKey: Guid(ae05c0ada2ecbf84ea96252b9266eac5) Importer(815301076,1909f56bfc062723c751e8b465ee728b)
Start importing Assets/Resources/Levels/Level_25.txt using Guid(ae05c0ada2ecbf84ea96252b9266eac5) Importer(815301076,1909f56bfc062723c751e8b465ee728b)  -> (artifact id: '7adc5bd0b66110056748a500a95f05c0') in 0.007046 seconds
Number of updated asset objects reloaded before import = 0
Number of asset objects unloaded after import = 1
========================================================================
Received Import Request.
  Time since last request: 0.143089 seconds.
  path: Assets/Resources/Levels/Level_26.txt
  artifactKey: Guid(f703e91f411baa1498770532aaf22ea9) Importer(815301076,1909f56bfc062723c751e8b465ee728b)
Start importing Assets/Resources/Levels/Level_26.txt using Guid(f703e91f411baa1498770532aaf22ea9) Importer(815301076,1909f56bfc062723c751e8b465ee728b)  -> (artifact id: '7b57f00d40b5891fbfc7f3714114ab62') in 0.001364 seconds
Number of updated asset objects reloaded before import = 0
Number of asset objects unloaded after import = 1
========================================================================
Received Import Request.
  Time since last request: 0.166953 seconds.
  path: Assets/Resources/Levels/Level_27.txt
  artifactKey: Guid(ed72f6614eaf58843b6d37a2c8c1eaf9) Importer(815301076,1909f56bfc062723c751e8b465ee728b)
Start importing Assets/Resources/Levels/Level_27.txt using Guid(ed72f6614eaf58843b6d37a2c8c1eaf9) Importer(815301076,1909f56bfc062723c751e8b465ee728b)  -> (artifact id: 'eaaf23db10be9176847c502995bed33c') in 0.006577 seconds
Number of updated asset objects reloaded before import = 0
Number of asset objects unloaded after import = 1
========================================================================
Received Import Request.
  Time since last request: 0.143791 seconds.
  path: Assets/Resources/Levels/Level_28.txt
  artifactKey: Guid(94d08f04a880e4b40856f6e7d6c4566d) Importer(815301076,1909f56bfc062723c751e8b465ee728b)
Start importing Assets/Resources/Levels/Level_28.txt using Guid(94d08f04a880e4b40856f6e7d6c4566d) Importer(815301076,1909f56bfc062723c751e8b465ee728b)  -> (artifact id: '35e8bf8c9b99a62133cd50de7e914f3a') in 0.006104 seconds
Number of updated asset objects reloaded before import = 0
Number of asset objects unloaded after import = 1
========================================================================
Received Import Request.
  Time since last request: 0.151469 seconds.
  path: Assets/Resources/Levels/Level_29.txt
  artifactKey: Guid(aad44d902b8aa6841ba93b89b7097c7f) Importer(815301076,1909f56bfc062723c751e8b465ee728b)
Start importing Assets/Resources/Levels/Level_29.txt using Guid(aad44d902b8aa6841ba93b89b7097c7f) Importer(815301076,1909f56bfc062723c751e8b465ee728b)  -> (artifact id: 'fbb96195f2157d944c8c42ae069faacf') in 0.006249 seconds
Number of updated asset objects reloaded before import = 0
Number of asset objects unloaded after import = 1
========================================================================
Received Prepare
Begin MonoManager ReloadAssembly
Symbol file LoadedFromMemory is not a mono symbol file
- Loaded All Assemblies, in  0.636 seconds
Refreshing native plugins compatible for Editor in 12.17 ms, found 10 plugins.
Native extension for WindowsStandalone target not found
Native extension for iOS target not found
Native extension for Android target not found
[Package Manager] Server::EnsureServerProcessIsRunning -- launch failed, reason: Unity was launched with the -noUpm command-line argument
[Package Manager] UpmClient::Send -- Unable to send message (not connected to UPM process).
[Package Manager] Cannot connect to Unity Package Manager local server
Debug [AppLovin MAX] Deleting obsolete network AdColony from path Assets\MaxSdk/Mediation/AdColony...
UnityEngine.StackTraceUtility:ExtractStackTrace ()
UnityEngine.DebugLogHandler:LogFormat (UnityEngine.LogType,UnityEngine.Object,string,object[])
UnityEngine.Logger:Log (UnityEngine.LogType,object)
UnityEngine.Debug:Log (object)
MaxSdkLogger:UserDebug (string) (at Assets/MaxSdk/Scripts/MaxSdkLogger.cs:13)
AppLovinMax.Scripts.IntegrationManager.Editor.AppLovinInitialize:.cctor () (at Assets/MaxSdk/Scripts/IntegrationManager/Editor/AppLovinInitialize.cs:118)
System.Runtime.CompilerServices.RuntimeHelpers:RunClassConstructor (System.RuntimeTypeHandle)
UnityEditor.EditorAssemblies:ProcessInitializeOnLoadAttributes (System.Type[])

(Filename: Assets/MaxSdk/Scripts/MaxSdkLogger.cs Line: 13)

Debug [AppLovin MAX] AppLovin MAX Migration completed
UnityEngine.StackTraceUtility:ExtractStackTrace ()
UnityEngine.DebugLogHandler:LogFormat (UnityEngine.LogType,UnityEngine.Object,string,object[])
UnityEngine.Logger:Log (UnityEngine.LogType,object)
UnityEngine.Debug:Log (object)
MaxSdkLogger:UserDebug (string) (at Assets/MaxSdk/Scripts/MaxSdkLogger.cs:13)
AppLovinMax.Scripts.IntegrationManager.Editor.AppLovinInitialize:.cctor () (at Assets/MaxSdk/Scripts/IntegrationManager/Editor/AppLovinInitialize.cs:128)
System.Runtime.CompilerServices.RuntimeHelpers:RunClassConstructor (System.RuntimeTypeHandle)
UnityEditor.EditorAssemblies:ProcessInitializeOnLoadAttributes (System.Type[])

(Filename: Assets/MaxSdk/Scripts/MaxSdkLogger.cs Line: 13)

Mono: successfully reloaded assembly
- Finished resetting the current domain, in  1.336 seconds
Domain Reload Profiling: 1970ms
	BeginReloadAssembly (200ms)
		ExecutionOrderSort (0ms)
		DisableScriptedObjects (10ms)
		BackupInstance (0ms)
		ReleaseScriptingObjects (0ms)
		CreateAndSetChildDomain (77ms)
	RebuildCommonClasses (27ms)
	RebuildNativeTypeToScriptingClass (9ms)
	initialDomainReloadingComplete (31ms)
	LoadAllAssembliesAndSetupDomain (365ms)
		LoadAssemblies (387ms)
		RebuildTransferFunctionScriptingTraits (0ms)
		AnalyzeDomain (65ms)
			TypeCache.Refresh (28ms)
				TypeCache.ScanAssembly (11ms)
			ScanForSourceGeneratedMonoScriptInfo (21ms)
			ResolveRequiredComponents (12ms)
	FinalizeReload (1337ms)
		ReleaseScriptCaches (0ms)
		RebuildScriptCaches (0ms)
		SetupLoadedEditorAssemblies (959ms)
			LogAssemblyErrors (0ms)
			InitializePlatformSupportModulesInManaged (29ms)
			SetLoadedEditorAssemblies (4ms)
			RefreshPlugins (0ms)
			BeforeProcessingInitializeOnLoad (60ms)
			ProcessInitializeOnLoadAttributes (717ms)
			ProcessInitializeOnLoadMethodAttributes (143ms)
			AfterProcessingInitializeOnLoad (5ms)
			EditorAssembliesLoaded (1ms)
		ExecutionOrderSort2 (0ms)
		AwakeInstancesAfterBackupRestoration (14ms)
OnLevelWasLoaded was found on Reporter
This message has been deprecated and will be removed in a later version of Unity.
Add a delegate to SceneManager.sceneLoaded instead to get notifications after scene loading has completed
OnLevelWasLoaded was found on BoxController
This message has been deprecated and will be removed in a later version of Unity.
Add a delegate to SceneManager.sceneLoaded instead to get notifications after scene loading has completed
OnLevelWasLoaded was found on AdmobAds
This message has been deprecated and will be removed in a later version of Unity.
Add a delegate to SceneManager.sceneLoaded instead to get notifications after scene loading has completed
Refreshing native plugins compatible for Editor in 10.61 ms, found 10 plugins.
Preloading 0 native plugins for Editor in 0.00 ms.
Unloading 7073 Unused Serialized files (Serialized files now loaded: 0)
Unloading 342 unused Assets / (1.9 MB). Loaded Objects now: 9305.
Memory consumption went from 338.4 MB to 336.4 MB.
Total: 17.593500 ms (FindLiveObjects: 0.609600 ms CreateObjectMapping: 0.258000 ms MarkObjects: 15.294900 ms  DeleteObjects: 1.429900 ms)

Prepare: number of updated asset objects reloaded= 0
AssetImportParameters requested are different than current active one (requested -> active):
  custom:container-demuxer-ogg: 62fdf1f143b41e24485cea50d1cbac27 -> 
  custom:framework-win-MediaFoundation: 216162199b28c13a410421893ffa2e32 -> 
  custom:container-muxer-webm: aa71ff27fc2769a1b78a27578f13a17b -> 
  custom:video-decoder-webm-vp8: 9c59270c3fd7afecdb556c50c9e8de78 -> 
  custom:SearchIndexIgnoredProperties: e643bd26f0fe6173181afceb89e7c659 -> 
  custom:AudioImporter_EditorPlatform: d09bf68614088b80899f8185d706f6e7 -> 
  custom:audio-decoder-ogg-vorbis: bf7c407c2cedff20999df2af8eb42d56 -> 
  custom:audio-encoder-webm-vorbis: bf7c407c2cedff20999df2af8eb42d56 -> 
  custom:video-decoder-ogg-theora: a1e56fd34408186e4bbccfd4996cb3dc -> 
  custom:CustomObjectIndexerAttribute: 62b5816608c3102f162a1797e29626cf -> 
  custom:container-demuxer-webm: 4f35f7cbe854078d1ac9338744f61a02 -> 
  custom:video-encoder-webm-vp8: eb34c28f22e8b96e1ab97ce403110664 -> 
========================================================================
Received Prepare
Begin MonoManager ReloadAssembly
Symbol file LoadedFromMemory is not a mono symbol file
- Loaded All Assemblies, in  0.661 seconds
Refreshing native plugins compatible for Editor in 11.53 ms, found 10 plugins.
Native extension for WindowsStandalone target not found
Native extension for iOS target not found
Native extension for Android target not found
[Package Manager] Server::EnsureServerProcessIsRunning -- launch failed, reason: Unity was launched with the -noUpm command-line argument
[Package Manager] UpmClient::Send -- Unable to send message (not connected to UPM process).
[Package Manager] Cannot connect to Unity Package Manager local server
Debug [AppLovin MAX] Deleting obsolete network AdColony from path Assets\MaxSdk/Mediation/AdColony...
UnityEngine.StackTraceUtility:ExtractStackTrace ()
UnityEngine.DebugLogHandler:LogFormat (UnityEngine.LogType,UnityEngine.Object,string,object[])
UnityEngine.Logger:Log (UnityEngine.LogType,object)
UnityEngine.Debug:Log (object)
MaxSdkLogger:UserDebug (string) (at Assets/MaxSdk/Scripts/MaxSdkLogger.cs:13)
AppLovinMax.Scripts.IntegrationManager.Editor.AppLovinInitialize:.cctor () (at Assets/MaxSdk/Scripts/IntegrationManager/Editor/AppLovinInitialize.cs:118)
System.Runtime.CompilerServices.RuntimeHelpers:RunClassConstructor (System.RuntimeTypeHandle)
UnityEditor.EditorAssemblies:ProcessInitializeOnLoadAttributes (System.Type[])

(Filename: Assets/MaxSdk/Scripts/MaxSdkLogger.cs Line: 13)

Debug [AppLovin MAX] AppLovin MAX Migration completed
UnityEngine.StackTraceUtility:ExtractStackTrace ()
UnityEngine.DebugLogHandler:LogFormat (UnityEngine.LogType,UnityEngine.Object,string,object[])
UnityEngine.Logger:Log (UnityEngine.LogType,object)
UnityEngine.Debug:Log (object)
MaxSdkLogger:UserDebug (string) (at Assets/MaxSdk/Scripts/MaxSdkLogger.cs:13)
AppLovinMax.Scripts.IntegrationManager.Editor.AppLovinInitialize:.cctor () (at Assets/MaxSdk/Scripts/IntegrationManager/Editor/AppLovinInitialize.cs:128)
System.Runtime.CompilerServices.RuntimeHelpers:RunClassConstructor (System.RuntimeTypeHandle)
UnityEditor.EditorAssemblies:ProcessInitializeOnLoadAttributes (System.Type[])

(Filename: Assets/MaxSdk/Scripts/MaxSdkLogger.cs Line: 13)

Mono: successfully reloaded assembly
- Finished resetting the current domain, in  1.364 seconds
Domain Reload Profiling: 2023ms
	BeginReloadAssembly (176ms)
		ExecutionOrderSort (0ms)
		DisableScriptedObjects (11ms)
		BackupInstance (0ms)
		ReleaseScriptingObjects (0ms)
		CreateAndSetChildDomain (63ms)
	RebuildCommonClasses (26ms)
	RebuildNativeTypeToScriptingClass (12ms)
	initialDomainReloadingComplete (29ms)
	LoadAllAssembliesAndSetupDomain (416ms)
		LoadAssemblies (407ms)
		RebuildTransferFunctionScriptingTraits (0ms)
		AnalyzeDomain (83ms)
			TypeCache.Refresh (45ms)
				TypeCache.ScanAssembly (18ms)
			ScanForSourceGeneratedMonoScriptInfo (24ms)
			ResolveRequiredComponents (13ms)
	FinalizeReload (1364ms)
		ReleaseScriptCaches (0ms)
		RebuildScriptCaches (0ms)
		SetupLoadedEditorAssemblies (930ms)
			LogAssemblyErrors (0ms)
			InitializePlatformSupportModulesInManaged (36ms)
			SetLoadedEditorAssemblies (5ms)
			RefreshPlugins (0ms)
			BeforeProcessingInitializeOnLoad (79ms)
			ProcessInitializeOnLoadAttributes (681ms)
			ProcessInitializeOnLoadMethodAttributes (124ms)
			AfterProcessingInitializeOnLoad (5ms)
			EditorAssembliesLoaded (0ms)
		ExecutionOrderSort2 (0ms)
		AwakeInstancesAfterBackupRestoration (14ms)
OnLevelWasLoaded was found on Reporter
This message has been deprecated and will be removed in a later version of Unity.
Add a delegate to SceneManager.sceneLoaded instead to get notifications after scene loading has completed
OnLevelWasLoaded was found on BoxController
This message has been deprecated and will be removed in a later version of Unity.
Add a delegate to SceneManager.sceneLoaded instead to get notifications after scene loading has completed
OnLevelWasLoaded was found on AdmobAds
This message has been deprecated and will be removed in a later version of Unity.
Add a delegate to SceneManager.sceneLoaded instead to get notifications after scene loading has completed
Refreshing native plugins compatible for Editor in 11.03 ms, found 10 plugins.
Preloading 0 native plugins for Editor in 0.00 ms.
Unloading 7073 Unused Serialized files (Serialized files now loaded: 0)
Unloading 342 unused Assets / (2.0 MB). Loaded Objects now: 9341.
Memory consumption went from 340.4 MB to 338.4 MB.
Total: 25.861500 ms (FindLiveObjects: 0.691500 ms CreateObjectMapping: 0.273200 ms MarkObjects: 23.190100 ms  DeleteObjects: 1.704300 ms)

Prepare: number of updated asset objects reloaded= 0
AssetImportParameters requested are different than current active one (requested -> active):
  custom:container-demuxer-ogg: 62fdf1f143b41e24485cea50d1cbac27 -> 
  custom:framework-win-MediaFoundation: 216162199b28c13a410421893ffa2e32 -> 
  custom:container-muxer-webm: aa71ff27fc2769a1b78a27578f13a17b -> 
  custom:video-decoder-webm-vp8: 9c59270c3fd7afecdb556c50c9e8de78 -> 
  custom:SearchIndexIgnoredProperties: e643bd26f0fe6173181afceb89e7c659 -> 
  custom:AudioImporter_EditorPlatform: d09bf68614088b80899f8185d706f6e7 -> 
  custom:audio-decoder-ogg-vorbis: bf7c407c2cedff20999df2af8eb42d56 -> 
  custom:audio-encoder-webm-vorbis: bf7c407c2cedff20999df2af8eb42d56 -> 
  custom:video-decoder-ogg-theora: a1e56fd34408186e4bbccfd4996cb3dc -> 
  custom:CustomObjectIndexerAttribute: 62b5816608c3102f162a1797e29626cf -> 
  custom:container-demuxer-webm: 4f35f7cbe854078d1ac9338744f61a02 -> 
  custom:video-encoder-webm-vp8: eb34c28f22e8b96e1ab97ce403110664 -> 
========================================================================
Received Prepare
Begin MonoManager ReloadAssembly
Symbol file LoadedFromMemory is not a mono symbol file
- Loaded All Assemblies, in  0.596 seconds
Refreshing native plugins compatible for Editor in 10.56 ms, found 10 plugins.
Native extension for WindowsStandalone target not found
Native extension for iOS target not found
Native extension for Android target not found
[Package Manager] Server::EnsureServerProcessIsRunning -- launch failed, reason: Unity was launched with the -noUpm command-line argument
[Package Manager] UpmClient::Send -- Unable to send message (not connected to UPM process).
[Package Manager] Cannot connect to Unity Package Manager local server
Debug [AppLovin MAX] Deleting obsolete network AdColony from path Assets\MaxSdk/Mediation/AdColony...
UnityEngine.StackTraceUtility:ExtractStackTrace ()
UnityEngine.DebugLogHandler:LogFormat (UnityEngine.LogType,UnityEngine.Object,string,object[])
UnityEngine.Logger:Log (UnityEngine.LogType,object)
UnityEngine.Debug:Log (object)
MaxSdkLogger:UserDebug (string) (at Assets/MaxSdk/Scripts/MaxSdkLogger.cs:13)
AppLovinMax.Scripts.IntegrationManager.Editor.AppLovinInitialize:.cctor () (at Assets/MaxSdk/Scripts/IntegrationManager/Editor/AppLovinInitialize.cs:118)
System.Runtime.CompilerServices.RuntimeHelpers:RunClassConstructor (System.RuntimeTypeHandle)
UnityEditor.EditorAssemblies:ProcessInitializeOnLoadAttributes (System.Type[])

(Filename: Assets/MaxSdk/Scripts/MaxSdkLogger.cs Line: 13)

Debug [AppLovin MAX] AppLovin MAX Migration completed
UnityEngine.StackTraceUtility:ExtractStackTrace ()
UnityEngine.DebugLogHandler:LogFormat (UnityEngine.LogType,UnityEngine.Object,string,object[])
UnityEngine.Logger:Log (UnityEngine.LogType,object)
UnityEngine.Debug:Log (object)
MaxSdkLogger:UserDebug (string) (at Assets/MaxSdk/Scripts/MaxSdkLogger.cs:13)
AppLovinMax.Scripts.IntegrationManager.Editor.AppLovinInitialize:.cctor () (at Assets/MaxSdk/Scripts/IntegrationManager/Editor/AppLovinInitialize.cs:128)
System.Runtime.CompilerServices.RuntimeHelpers:RunClassConstructor (System.RuntimeTypeHandle)
UnityEditor.EditorAssemblies:ProcessInitializeOnLoadAttributes (System.Type[])

(Filename: Assets/MaxSdk/Scripts/MaxSdkLogger.cs Line: 13)

Mono: successfully reloaded assembly
- Finished resetting the current domain, in  1.141 seconds
Domain Reload Profiling: 1735ms
	BeginReloadAssembly (181ms)
		ExecutionOrderSort (0ms)
		DisableScriptedObjects (9ms)
		BackupInstance (0ms)
		ReleaseScriptingObjects (0ms)
		CreateAndSetChildDomain (69ms)
	RebuildCommonClasses (23ms)
	RebuildNativeTypeToScriptingClass (8ms)
	initialDomainReloadingComplete (29ms)
	LoadAllAssembliesAndSetupDomain (352ms)
		LoadAssemblies (364ms)
		RebuildTransferFunctionScriptingTraits (0ms)
		AnalyzeDomain (58ms)
			TypeCache.Refresh (25ms)
				TypeCache.ScanAssembly (11ms)
			ScanForSourceGeneratedMonoScriptInfo (20ms)
			ResolveRequiredComponents (11ms)
	FinalizeReload (1141ms)
		ReleaseScriptCaches (0ms)
		RebuildScriptCaches (0ms)
		SetupLoadedEditorAssemblies (771ms)
			LogAssemblyErrors (0ms)
			InitializePlatformSupportModulesInManaged (28ms)
			SetLoadedEditorAssemblies (3ms)
			RefreshPlugins (0ms)
			BeforeProcessingInitializeOnLoad (67ms)
			ProcessInitializeOnLoadAttributes (572ms)
			ProcessInitializeOnLoadMethodAttributes (97ms)
			AfterProcessingInitializeOnLoad (4ms)
			EditorAssembliesLoaded (0ms)
		ExecutionOrderSort2 (0ms)
		AwakeInstancesAfterBackupRestoration (8ms)
OnLevelWasLoaded was found on Reporter
This message has been deprecated and will be removed in a later version of Unity.
Add a delegate to SceneManager.sceneLoaded instead to get notifications after scene loading has completed
OnLevelWasLoaded was found on BoxController
This message has been deprecated and will be removed in a later version of Unity.
Add a delegate to SceneManager.sceneLoaded instead to get notifications after scene loading has completed
OnLevelWasLoaded was found on AdmobAds
This message has been deprecated and will be removed in a later version of Unity.
Add a delegate to SceneManager.sceneLoaded instead to get notifications after scene loading has completed
Refreshing native plugins compatible for Editor in 10.73 ms, found 10 plugins.
Preloading 0 native plugins for Editor in 0.00 ms.
Unloading 7073 Unused Serialized files (Serialized files now loaded: 0)
Unloading 342 unused Assets / (2.1 MB). Loaded Objects now: 9377.
Memory consumption went from 342.5 MB to 340.4 MB.
Total: 18.759500 ms (FindLiveObjects: 0.645200 ms CreateObjectMapping: 0.394900 ms MarkObjects: 15.778700 ms  DeleteObjects: 1.938800 ms)

Prepare: number of updated asset objects reloaded= 0
AssetImportParameters requested are different than current active one (requested -> active):
  custom:container-demuxer-ogg: 62fdf1f143b41e24485cea50d1cbac27 -> 
  custom:framework-win-MediaFoundation: 216162199b28c13a410421893ffa2e32 -> 
  custom:container-muxer-webm: aa71ff27fc2769a1b78a27578f13a17b -> 
  custom:video-decoder-webm-vp8: 9c59270c3fd7afecdb556c50c9e8de78 -> 
  custom:SearchIndexIgnoredProperties: e643bd26f0fe6173181afceb89e7c659 -> 
  custom:AudioImporter_EditorPlatform: d09bf68614088b80899f8185d706f6e7 -> 
  custom:audio-decoder-ogg-vorbis: bf7c407c2cedff20999df2af8eb42d56 -> 
  custom:audio-encoder-webm-vorbis: bf7c407c2cedff20999df2af8eb42d56 -> 
  custom:video-decoder-ogg-theora: a1e56fd34408186e4bbccfd4996cb3dc -> 
  custom:CustomObjectIndexerAttribute: 62b5816608c3102f162a1797e29626cf -> 
  custom:container-demuxer-webm: 4f35f7cbe854078d1ac9338744f61a02 -> 
  custom:video-encoder-webm-vp8: eb34c28f22e8b96e1ab97ce403110664 -> 
========================================================================
Received Import Request.
  Time since last request: 405.558511 seconds.
  path: Assets/GrassPuzzle_01/Prefab
  artifactKey: Guid(99e76128feb7875408f0a5b7ecb5c4dc) Importer(815301076,1909f56bfc062723c751e8b465ee728b)
Start importing Assets/GrassPuzzle_01/Prefab using Guid(99e76128feb7875408f0a5b7ecb5c4dc) Importer(815301076,1909f56bfc062723c751e8b465ee728b)  -> (artifact id: '06a89a0313ae5058d844a103a3eb8ed5') in 0.002453 seconds
Number of updated asset objects reloaded before import = 0
Number of asset objects unloaded after import = 0
========================================================================
Received Import Request.
  Time since last request: 3.115954 seconds.
  path: Assets/GrassPuzzle_01/Prefab/Grass.prefab
  artifactKey: Guid(b693aa37483fbb74a97c3cf46d0a4300) Importer(815301076,1909f56bfc062723c751e8b465ee728b)
Start importing Assets/GrassPuzzle_01/Prefab/Grass.prefab using Guid(b693aa37483fbb74a97c3cf46d0a4300) Importer(815301076,1909f56bfc062723c751e8b465ee728b)  -> (artifact id: '1cc8ebbb817e097e303586be3e0fb409') in 0.266253 seconds
Number of updated asset objects reloaded before import = 0
Number of asset objects unloaded after import = 26
========================================================================
Received Prepare
Begin MonoManager ReloadAssembly
Symbol file LoadedFromMemory is not a mono symbol file
- Loaded All Assemblies, in  0.625 seconds
Refreshing native plugins compatible for Editor in 11.81 ms, found 10 plugins.
Native extension for WindowsStandalone target not found
Native extension for iOS target not found
Native extension for Android target not found
[Package Manager] Server::EnsureServerProcessIsRunning -- launch failed, reason: Unity was launched with the -noUpm command-line argument
[Package Manager] UpmClient::Send -- Unable to send message (not connected to UPM process).
[Package Manager] Cannot connect to Unity Package Manager local server
Debug [AppLovin MAX] Deleting obsolete network AdColony from path Assets\MaxSdk/Mediation/AdColony...
UnityEngine.StackTraceUtility:ExtractStackTrace ()
UnityEngine.DebugLogHandler:LogFormat (UnityEngine.LogType,UnityEngine.Object,string,object[])
UnityEngine.Logger:Log (UnityEngine.LogType,object)
UnityEngine.Debug:Log (object)
MaxSdkLogger:UserDebug (string) (at Assets/MaxSdk/Scripts/MaxSdkLogger.cs:13)
AppLovinMax.Scripts.IntegrationManager.Editor.AppLovinInitialize:.cctor () (at Assets/MaxSdk/Scripts/IntegrationManager/Editor/AppLovinInitialize.cs:118)
System.Runtime.CompilerServices.RuntimeHelpers:RunClassConstructor (System.RuntimeTypeHandle)
UnityEditor.EditorAssemblies:ProcessInitializeOnLoadAttributes (System.Type[])

(Filename: Assets/MaxSdk/Scripts/MaxSdkLogger.cs Line: 13)

Debug [AppLovin MAX] AppLovin MAX Migration completed
UnityEngine.StackTraceUtility:ExtractStackTrace ()
UnityEngine.DebugLogHandler:LogFormat (UnityEngine.LogType,UnityEngine.Object,string,object[])
UnityEngine.Logger:Log (UnityEngine.LogType,object)
UnityEngine.Debug:Log (object)
MaxSdkLogger:UserDebug (string) (at Assets/MaxSdk/Scripts/MaxSdkLogger.cs:13)
AppLovinMax.Scripts.IntegrationManager.Editor.AppLovinInitialize:.cctor () (at Assets/MaxSdk/Scripts/IntegrationManager/Editor/AppLovinInitialize.cs:128)
System.Runtime.CompilerServices.RuntimeHelpers:RunClassConstructor (System.RuntimeTypeHandle)
UnityEditor.EditorAssemblies:ProcessInitializeOnLoadAttributes (System.Type[])

(Filename: Assets/MaxSdk/Scripts/MaxSdkLogger.cs Line: 13)

Mono: successfully reloaded assembly
- Finished resetting the current domain, in  2.173 seconds
Domain Reload Profiling: 2796ms
	BeginReloadAssembly (167ms)
		ExecutionOrderSort (0ms)
		DisableScriptedObjects (7ms)
		BackupInstance (0ms)
		ReleaseScriptingObjects (0ms)
		CreateAndSetChildDomain (59ms)
	RebuildCommonClasses (25ms)
	RebuildNativeTypeToScriptingClass (9ms)
	initialDomainReloadingComplete (30ms)
	LoadAllAssembliesAndSetupDomain (392ms)
		LoadAssemblies (404ms)
		RebuildTransferFunctionScriptingTraits (0ms)
		AnalyzeDomain (64ms)
			TypeCache.Refresh (26ms)
				TypeCache.ScanAssembly (11ms)
			ScanForSourceGeneratedMonoScriptInfo (23ms)
			ResolveRequiredComponents (12ms)
	FinalizeReload (2173ms)
		ReleaseScriptCaches (0ms)
		RebuildScriptCaches (0ms)
		SetupLoadedEditorAssemblies (989ms)
			LogAssemblyErrors (0ms)
			InitializePlatformSupportModulesInManaged (25ms)
			SetLoadedEditorAssemblies (3ms)
			RefreshPlugins (0ms)
			BeforeProcessingInitializeOnLoad (73ms)
			ProcessInitializeOnLoadAttributes (679ms)
			ProcessInitializeOnLoadMethodAttributes (198ms)
			AfterProcessingInitializeOnLoad (9ms)
			EditorAssembliesLoaded (1ms)
		ExecutionOrderSort2 (0ms)
		AwakeInstancesAfterBackupRestoration (26ms)
OnLevelWasLoaded was found on Reporter
This message has been deprecated and will be removed in a later version of Unity.
Add a delegate to SceneManager.sceneLoaded instead to get notifications after scene loading has completed
OnLevelWasLoaded was found on BoxController
This message has been deprecated and will be removed in a later version of Unity.
Add a delegate to SceneManager.sceneLoaded instead to get notifications after scene loading has completed
OnLevelWasLoaded was found on AdmobAds
This message has been deprecated and will be removed in a later version of Unity.
Add a delegate to SceneManager.sceneLoaded instead to get notifications after scene loading has completed
Refreshing native plugins compatible for Editor in 10.89 ms, found 10 plugins.
Preloading 0 native plugins for Editor in 0.00 ms.
Unloading 7073 Unused Serialized files (Serialized files now loaded: 0)
Unloading 342 unused Assets / (2.0 MB). Loaded Objects now: 9414.
Memory consumption went from 344.5 MB to 342.5 MB.
Total: 20.074000 ms (FindLiveObjects: 0.908200 ms CreateObjectMapping: 0.288400 ms MarkObjects: 16.797000 ms  DeleteObjects: 2.077600 ms)

Prepare: number of updated asset objects reloaded= 0
AssetImportParameters requested are different than current active one (requested -> active):
  custom:container-demuxer-ogg: 62fdf1f143b41e24485cea50d1cbac27 -> 
  custom:framework-win-MediaFoundation: 216162199b28c13a410421893ffa2e32 -> 
  custom:container-muxer-webm: aa71ff27fc2769a1b78a27578f13a17b -> 
  custom:video-decoder-webm-vp8: 9c59270c3fd7afecdb556c50c9e8de78 -> 
  custom:SearchIndexIgnoredProperties: e643bd26f0fe6173181afceb89e7c659 -> 
  custom:AudioImporter_EditorPlatform: d09bf68614088b80899f8185d706f6e7 -> 
  custom:audio-decoder-ogg-vorbis: bf7c407c2cedff20999df2af8eb42d56 -> 
  custom:audio-encoder-webm-vorbis: bf7c407c2cedff20999df2af8eb42d56 -> 
  custom:video-decoder-ogg-theora: a1e56fd34408186e4bbccfd4996cb3dc -> 
  custom:CustomObjectIndexerAttribute: 62b5816608c3102f162a1797e29626cf -> 
  custom:container-demuxer-webm: 4f35f7cbe854078d1ac9338744f61a02 -> 
  custom:video-encoder-webm-vp8: eb34c28f22e8b96e1ab97ce403110664 -> 
========================================================================
Received Prepare
Begin MonoManager ReloadAssembly
Symbol file LoadedFromMemory is not a mono symbol file
- Loaded All Assemblies, in  0.537 seconds
Refreshing native plugins compatible for Editor in 11.65 ms, found 10 plugins.
Native extension for WindowsStandalone target not found
Native extension for iOS target not found
Native extension for Android target not found
[Package Manager] Server::EnsureServerProcessIsRunning -- launch failed, reason: Unity was launched with the -noUpm command-line argument
[Package Manager] UpmClient::Send -- Unable to send message (not connected to UPM process).
[Package Manager] Cannot connect to Unity Package Manager local server
Mono: successfully reloaded assembly
- Finished resetting the current domain, in  1.203 seconds
Domain Reload Profiling: 1739ms
	BeginReloadAssembly (164ms)
		ExecutionOrderSort (0ms)
		DisableScriptedObjects (8ms)
		BackupInstance (0ms)
		ReleaseScriptingObjects (0ms)
		CreateAndSetChildDomain (54ms)
	RebuildCommonClasses (25ms)
	RebuildNativeTypeToScriptingClass (9ms)
	initialDomainReloadingComplete (28ms)
	LoadAllAssembliesAndSetupDomain (310ms)
		LoadAssemblies (360ms)
		RebuildTransferFunctionScriptingTraits (0ms)
		AnalyzeDomain (25ms)
			TypeCache.Refresh (10ms)
				TypeCache.ScanAssembly (0ms)
			ScanForSourceGeneratedMonoScriptInfo (0ms)
			ResolveRequiredComponents (13ms)
	FinalizeReload (1203ms)
		ReleaseScriptCaches (0ms)
		RebuildScriptCaches (0ms)
		SetupLoadedEditorAssemblies (823ms)
			LogAssemblyErrors (0ms)
			InitializePlatformSupportModulesInManaged (25ms)
			SetLoadedEditorAssemblies (3ms)
			RefreshPlugins (0ms)
			BeforeProcessingInitializeOnLoad (61ms)
			ProcessInitializeOnLoadAttributes (618ms)
			ProcessInitializeOnLoadMethodAttributes (113ms)
			AfterProcessingInitializeOnLoad (4ms)
			EditorAssembliesLoaded (0ms)
		ExecutionOrderSort2 (0ms)
		AwakeInstancesAfterBackupRestoration (9ms)
OnLevelWasLoaded was found on Reporter
This message has been deprecated and will be removed in a later version of Unity.
Add a delegate to SceneManager.sceneLoaded instead to get notifications after scene loading has completed
OnLevelWasLoaded was found on BoxController
This message has been deprecated and will be removed in a later version of Unity.
Add a delegate to SceneManager.sceneLoaded instead to get notifications after scene loading has completed
OnLevelWasLoaded was found on AdmobAds
This message has been deprecated and will be removed in a later version of Unity.
Add a delegate to SceneManager.sceneLoaded instead to get notifications after scene loading has completed
Refreshing native plugins compatible for Editor in 38.35 ms, found 10 plugins.
Preloading 0 native plugins for Editor in 0.00 ms.
Unloading 7072 Unused Serialized files (Serialized files now loaded: 0)
Unloading 341 unused Assets / (2.0 MB). Loaded Objects now: 9450.
Memory consumption went from 346.4 MB to 344.4 MB.
Total: 55.129900 ms (FindLiveObjects: 2.198200 ms CreateObjectMapping: 1.174700 ms MarkObjects: 45.841200 ms  DeleteObjects: 5.909500 ms)

Prepare: number of updated asset objects reloaded= 0
AssetImportParameters requested are different than current active one (requested -> active):
  custom:container-demuxer-ogg: 62fdf1f143b41e24485cea50d1cbac27 -> 
  custom:framework-win-MediaFoundation: 216162199b28c13a410421893ffa2e32 -> 
  custom:container-muxer-webm: aa71ff27fc2769a1b78a27578f13a17b -> 
  custom:video-decoder-webm-vp8: 9c59270c3fd7afecdb556c50c9e8de78 -> 
  custom:SearchIndexIgnoredProperties: e643bd26f0fe6173181afceb89e7c659 -> 
  custom:AudioImporter_EditorPlatform: d09bf68614088b80899f8185d706f6e7 -> 
  custom:audio-decoder-ogg-vorbis: bf7c407c2cedff20999df2af8eb42d56 -> 
  custom:audio-encoder-webm-vorbis: bf7c407c2cedff20999df2af8eb42d56 -> 
  custom:video-decoder-ogg-theora: a1e56fd34408186e4bbccfd4996cb3dc -> 
  custom:CustomObjectIndexerAttribute: 62b5816608c3102f162a1797e29626cf -> 
  custom:container-demuxer-webm: 4f35f7cbe854078d1ac9338744f61a02 -> 
  custom:video-encoder-webm-vp8: eb34c28f22e8b96e1ab97ce403110664 -> 
========================================================================
Received Prepare
Begin MonoManager ReloadAssembly
Symbol file LoadedFromMemory is not a mono symbol file
- Loaded All Assemblies, in  0.607 seconds
Refreshing native plugins compatible for Editor in 11.97 ms, found 10 plugins.
Native extension for WindowsStandalone target not found
Native extension for iOS target not found
Native extension for Android target not found
[Package Manager] Server::EnsureServerProcessIsRunning -- launch failed, reason: Unity was launched with the -noUpm command-line argument
[Package Manager] UpmClient::Send -- Unable to send message (not connected to UPM process).
[Package Manager] Cannot connect to Unity Package Manager local server
Debug [AppLovin MAX] Deleting obsolete network AdColony from path Assets\MaxSdk/Mediation/AdColony...
UnityEngine.StackTraceUtility:ExtractStackTrace ()
UnityEngine.DebugLogHandler:LogFormat (UnityEngine.LogType,UnityEngine.Object,string,object[])
UnityEngine.Logger:Log (UnityEngine.LogType,object)
UnityEngine.Debug:Log (object)
MaxSdkLogger:UserDebug (string) (at Assets/MaxSdk/Scripts/MaxSdkLogger.cs:13)
AppLovinMax.Scripts.IntegrationManager.Editor.AppLovinInitialize:.cctor () (at Assets/MaxSdk/Scripts/IntegrationManager/Editor/AppLovinInitialize.cs:118)
System.Runtime.CompilerServices.RuntimeHelpers:RunClassConstructor (System.RuntimeTypeHandle)
UnityEditor.EditorAssemblies:ProcessInitializeOnLoadAttributes (System.Type[])

(Filename: Assets/MaxSdk/Scripts/MaxSdkLogger.cs Line: 13)

Debug [AppLovin MAX] AppLovin MAX Migration completed
UnityEngine.StackTraceUtility:ExtractStackTrace ()
UnityEngine.DebugLogHandler:LogFormat (UnityEngine.LogType,UnityEngine.Object,string,object[])
UnityEngine.Logger:Log (UnityEngine.LogType,object)
UnityEngine.Debug:Log (object)
MaxSdkLogger:UserDebug (string) (at Assets/MaxSdk/Scripts/MaxSdkLogger.cs:13)
AppLovinMax.Scripts.IntegrationManager.Editor.AppLovinInitialize:.cctor () (at Assets/MaxSdk/Scripts/IntegrationManager/Editor/AppLovinInitialize.cs:128)
System.Runtime.CompilerServices.RuntimeHelpers:RunClassConstructor (System.RuntimeTypeHandle)
UnityEditor.EditorAssemblies:ProcessInitializeOnLoadAttributes (System.Type[])

(Filename: Assets/MaxSdk/Scripts/MaxSdkLogger.cs Line: 13)

Mono: successfully reloaded assembly
- Finished resetting the current domain, in  1.218 seconds
Domain Reload Profiling: 1823ms
	BeginReloadAssembly (165ms)
		ExecutionOrderSort (0ms)
		DisableScriptedObjects (9ms)
		BackupInstance (0ms)
		ReleaseScriptingObjects (0ms)
		CreateAndSetChildDomain (59ms)
	RebuildCommonClasses (26ms)
	RebuildNativeTypeToScriptingClass (9ms)
	initialDomainReloadingComplete (30ms)
	LoadAllAssembliesAndSetupDomain (375ms)
		LoadAssemblies (380ms)
		RebuildTransferFunctionScriptingTraits (0ms)
		AnalyzeDomain (66ms)
			TypeCache.Refresh (27ms)
				TypeCache.ScanAssembly (11ms)
			ScanForSourceGeneratedMonoScriptInfo (23ms)
			ResolveRequiredComponents (14ms)
	FinalizeReload (1219ms)
		ReleaseScriptCaches (0ms)
		RebuildScriptCaches (0ms)
		SetupLoadedEditorAssemblies (818ms)
			LogAssemblyErrors (0ms)
			InitializePlatformSupportModulesInManaged (27ms)
			SetLoadedEditorAssemblies (3ms)
			RefreshPlugins (0ms)
			BeforeProcessingInitializeOnLoad (63ms)
			ProcessInitializeOnLoadAttributes (596ms)
			ProcessInitializeOnLoadMethodAttributes (124ms)
			AfterProcessingInitializeOnLoad (4ms)
			EditorAssembliesLoaded (0ms)
		ExecutionOrderSort2 (0ms)
		AwakeInstancesAfterBackupRestoration (11ms)
OnLevelWasLoaded was found on Reporter
This message has been deprecated and will be removed in a later version of Unity.
Add a delegate to SceneManager.sceneLoaded instead to get notifications after scene loading has completed
OnLevelWasLoaded was found on BoxController
This message has been deprecated and will be removed in a later version of Unity.
Add a delegate to SceneManager.sceneLoaded instead to get notifications after scene loading has completed
OnLevelWasLoaded was found on AdmobAds
This message has been deprecated and will be removed in a later version of Unity.
Add a delegate to SceneManager.sceneLoaded instead to get notifications after scene loading has completed
Refreshing native plugins compatible for Editor in 12.43 ms, found 10 plugins.
Preloading 0 native plugins for Editor in 0.00 ms.
Unloading 7073 Unused Serialized files (Serialized files now loaded: 0)
Unloading 342 unused Assets / (2.0 MB). Loaded Objects now: 9486.
Memory consumption went from 348.4 MB to 346.4 MB.
Total: 24.370400 ms (FindLiveObjects: 1.032200 ms CreateObjectMapping: 0.406800 ms MarkObjects: 20.568700 ms  DeleteObjects: 2.360400 ms)

Prepare: number of updated asset objects reloaded= 0
AssetImportParameters requested are different than current active one (requested -> active):
  custom:container-demuxer-ogg: 62fdf1f143b41e24485cea50d1cbac27 -> 
  custom:framework-win-MediaFoundation: 216162199b28c13a410421893ffa2e32 -> 
  custom:container-muxer-webm: aa71ff27fc2769a1b78a27578f13a17b -> 
  custom:video-decoder-webm-vp8: 9c59270c3fd7afecdb556c50c9e8de78 -> 
  custom:SearchIndexIgnoredProperties: e643bd26f0fe6173181afceb89e7c659 -> 
  custom:AudioImporter_EditorPlatform: d09bf68614088b80899f8185d706f6e7 -> 
  custom:audio-decoder-ogg-vorbis: bf7c407c2cedff20999df2af8eb42d56 -> 
  custom:audio-encoder-webm-vorbis: bf7c407c2cedff20999df2af8eb42d56 -> 
  custom:video-decoder-ogg-theora: a1e56fd34408186e4bbccfd4996cb3dc -> 
  custom:CustomObjectIndexerAttribute: 62b5816608c3102f162a1797e29626cf -> 
  custom:container-demuxer-webm: 4f35f7cbe854078d1ac9338744f61a02 -> 
  custom:video-encoder-webm-vp8: eb34c28f22e8b96e1ab97ce403110664 -> 
========================================================================
Received Prepare
Begin MonoManager ReloadAssembly
Symbol file LoadedFromMemory is not a mono symbol file
- Loaded All Assemblies, in  0.579 seconds
Refreshing native plugins compatible for Editor in 12.67 ms, found 10 plugins.
Native extension for WindowsStandalone target not found
Native extension for iOS target not found
Native extension for Android target not found
[Package Manager] Server::EnsureServerProcessIsRunning -- launch failed, reason: Unity was launched with the -noUpm command-line argument
[Package Manager] UpmClient::Send -- Unable to send message (not connected to UPM process).
[Package Manager] Cannot connect to Unity Package Manager local server
Mono: successfully reloaded assembly
- Finished resetting the current domain, in  1.204 seconds
Domain Reload Profiling: 1782ms
	BeginReloadAssembly (208ms)
		ExecutionOrderSort (0ms)
		DisableScriptedObjects (9ms)
		BackupInstance (0ms)
		ReleaseScriptingObjects (0ms)
		CreateAndSetChildDomain (97ms)
	RebuildCommonClasses (25ms)
	RebuildNativeTypeToScriptingClass (9ms)
	initialDomainReloadingComplete (28ms)
	LoadAllAssembliesAndSetupDomain (307ms)
		LoadAssemblies (352ms)
		RebuildTransferFunctionScriptingTraits (0ms)
		AnalyzeDomain (29ms)
			TypeCache.Refresh (12ms)
				TypeCache.ScanAssembly (0ms)
			ScanForSourceGeneratedMonoScriptInfo (0ms)
			ResolveRequiredComponents (15ms)
	FinalizeReload (1205ms)
		ReleaseScriptCaches (0ms)
		RebuildScriptCaches (0ms)
		SetupLoadedEditorAssemblies (806ms)
			LogAssemblyErrors (0ms)
			InitializePlatformSupportModulesInManaged (25ms)
			SetLoadedEditorAssemblies (3ms)
			RefreshPlugins (0ms)
			BeforeProcessingInitializeOnLoad (77ms)
			ProcessInitializeOnLoadAttributes (591ms)
			ProcessInitializeOnLoadMethodAttributes (106ms)
			AfterProcessingInitializeOnLoad (4ms)
			EditorAssembliesLoaded (0ms)
		ExecutionOrderSort2 (0ms)
		AwakeInstancesAfterBackupRestoration (9ms)
OnLevelWasLoaded was found on Reporter
This message has been deprecated and will be removed in a later version of Unity.
Add a delegate to SceneManager.sceneLoaded instead to get notifications after scene loading has completed
OnLevelWasLoaded was found on BoxController
This message has been deprecated and will be removed in a later version of Unity.
Add a delegate to SceneManager.sceneLoaded instead to get notifications after scene loading has completed
OnLevelWasLoaded was found on AdmobAds
This message has been deprecated and will be removed in a later version of Unity.
Add a delegate to SceneManager.sceneLoaded instead to get notifications after scene loading has completed
Refreshing native plugins compatible for Editor in 28.97 ms, found 10 plugins.
Preloading 0 native plugins for Editor in 0.00 ms.
Unloading 7072 Unused Serialized files (Serialized files now loaded: 0)
Unloading 341 unused Assets / (2.0 MB). Loaded Objects now: 9522.
Memory consumption went from 350.4 MB to 348.4 MB.
Total: 26.602000 ms (FindLiveObjects: 1.053900 ms CreateObjectMapping: 0.775200 ms MarkObjects: 20.416800 ms  DeleteObjects: 4.352100 ms)

Prepare: number of updated asset objects reloaded= 0
AssetImportParameters requested are different than current active one (requested -> active):
  custom:container-demuxer-ogg: 62fdf1f143b41e24485cea50d1cbac27 -> 
  custom:framework-win-MediaFoundation: 216162199b28c13a410421893ffa2e32 -> 
  custom:container-muxer-webm: aa71ff27fc2769a1b78a27578f13a17b -> 
  custom:video-decoder-webm-vp8: 9c59270c3fd7afecdb556c50c9e8de78 -> 
  custom:SearchIndexIgnoredProperties: e643bd26f0fe6173181afceb89e7c659 -> 
  custom:AudioImporter_EditorPlatform: d09bf68614088b80899f8185d706f6e7 -> 
  custom:audio-decoder-ogg-vorbis: bf7c407c2cedff20999df2af8eb42d56 -> 
  custom:audio-encoder-webm-vorbis: bf7c407c2cedff20999df2af8eb42d56 -> 
  custom:video-decoder-ogg-theora: a1e56fd34408186e4bbccfd4996cb3dc -> 
  custom:CustomObjectIndexerAttribute: 62b5816608c3102f162a1797e29626cf -> 
  custom:container-demuxer-webm: 4f35f7cbe854078d1ac9338744f61a02 -> 
  custom:video-encoder-webm-vp8: eb34c28f22e8b96e1ab97ce403110664 -> 
========================================================================
Received Prepare
Begin MonoManager ReloadAssembly
Symbol file LoadedFromMemory is not a mono symbol file
- Loaded All Assemblies, in  0.545 seconds
Refreshing native plugins compatible for Editor in 12.78 ms, found 10 plugins.
Native extension for WindowsStandalone target not found
Native extension for iOS target not found
Native extension for Android target not found
[Package Manager] Server::EnsureServerProcessIsRunning -- launch failed, reason: Unity was launched with the -noUpm command-line argument
[Package Manager] UpmClient::Send -- Unable to send message (not connected to UPM process).
[Package Manager] Cannot connect to Unity Package Manager local server
Mono: successfully reloaded assembly
- Finished resetting the current domain, in  1.273 seconds
Domain Reload Profiling: 1816ms
	BeginReloadAssembly (175ms)
		ExecutionOrderSort (0ms)
		DisableScriptedObjects (8ms)
		BackupInstance (0ms)
		ReleaseScriptingObjects (0ms)
		CreateAndSetChildDomain (62ms)
	RebuildCommonClasses (27ms)
	RebuildNativeTypeToScriptingClass (9ms)
	initialDomainReloadingComplete (29ms)
	LoadAllAssembliesAndSetupDomain (303ms)
		LoadAssemblies (354ms)
		RebuildTransferFunctionScriptingTraits (0ms)
		AnalyzeDomain (27ms)
			TypeCache.Refresh (10ms)
				TypeCache.ScanAssembly (0ms)
			ScanForSourceGeneratedMonoScriptInfo (0ms)
			ResolveRequiredComponents (14ms)
	FinalizeReload (1273ms)
		ReleaseScriptCaches (0ms)
		RebuildScriptCaches (0ms)
		SetupLoadedEditorAssemblies (890ms)
			LogAssemblyErrors (0ms)
			InitializePlatformSupportModulesInManaged (25ms)
			SetLoadedEditorAssemblies (3ms)
			RefreshPlugins (0ms)
			BeforeProcessingInitializeOnLoad (63ms)
			ProcessInitializeOnLoadAttributes (663ms)
			ProcessInitializeOnLoadMethodAttributes (131ms)
			AfterProcessingInitializeOnLoad (4ms)
			EditorAssembliesLoaded (0ms)
		ExecutionOrderSort2 (0ms)
		AwakeInstancesAfterBackupRestoration (8ms)
OnLevelWasLoaded was found on Reporter
This message has been deprecated and will be removed in a later version of Unity.
Add a delegate to SceneManager.sceneLoaded instead to get notifications after scene loading has completed
OnLevelWasLoaded was found on BoxController
This message has been deprecated and will be removed in a later version of Unity.
Add a delegate to SceneManager.sceneLoaded instead to get notifications after scene loading has completed
OnLevelWasLoaded was found on AdmobAds
This message has been deprecated and will be removed in a later version of Unity.
Add a delegate to SceneManager.sceneLoaded instead to get notifications after scene loading has completed
Refreshing native plugins compatible for Editor in 27.02 ms, found 10 plugins.
Preloading 0 native plugins for Editor in 0.00 ms.
Unloading 7072 Unused Serialized files (Serialized files now loaded: 0)
Unloading 341 unused Assets / (2.0 MB). Loaded Objects now: 9558.
Memory consumption went from 352.4 MB to 350.4 MB.
Total: 47.584000 ms (FindLiveObjects: 2.238800 ms CreateObjectMapping: 1.593100 ms MarkObjects: 38.292800 ms  DeleteObjects: 5.453100 ms)

Prepare: number of updated asset objects reloaded= 0
AssetImportParameters requested are different than current active one (requested -> active):
  custom:container-demuxer-ogg: 62fdf1f143b41e24485cea50d1cbac27 -> 
  custom:framework-win-MediaFoundation: 216162199b28c13a410421893ffa2e32 -> 
  custom:container-muxer-webm: aa71ff27fc2769a1b78a27578f13a17b -> 
  custom:video-decoder-webm-vp8: 9c59270c3fd7afecdb556c50c9e8de78 -> 
  custom:SearchIndexIgnoredProperties: e643bd26f0fe6173181afceb89e7c659 -> 
  custom:AudioImporter_EditorPlatform: d09bf68614088b80899f8185d706f6e7 -> 
  custom:audio-decoder-ogg-vorbis: bf7c407c2cedff20999df2af8eb42d56 -> 
  custom:audio-encoder-webm-vorbis: bf7c407c2cedff20999df2af8eb42d56 -> 
  custom:video-decoder-ogg-theora: a1e56fd34408186e4bbccfd4996cb3dc -> 
  custom:CustomObjectIndexerAttribute: 62b5816608c3102f162a1797e29626cf -> 
  custom:container-demuxer-webm: 4f35f7cbe854078d1ac9338744f61a02 -> 
  custom:video-encoder-webm-vp8: eb34c28f22e8b96e1ab97ce403110664 -> 
========================================================================
Received Prepare
Begin MonoManager ReloadAssembly
Symbol file LoadedFromMemory is not a mono symbol file
- Loaded All Assemblies, in  0.630 seconds
Refreshing native plugins compatible for Editor in 10.95 ms, found 10 plugins.
Native extension for WindowsStandalone target not found
Native extension for iOS target not found
Native extension for Android target not found
[Package Manager] Server::EnsureServerProcessIsRunning -- launch failed, reason: Unity was launched with the -noUpm command-line argument
[Package Manager] UpmClient::Send -- Unable to send message (not connected to UPM process).
[Package Manager] Cannot connect to Unity Package Manager local server
Mono: successfully reloaded assembly
- Finished resetting the current domain, in  1.510 seconds
Domain Reload Profiling: 2138ms
	BeginReloadAssembly (200ms)
		ExecutionOrderSort (0ms)
		DisableScriptedObjects (8ms)
		BackupInstance (0ms)
		ReleaseScriptingObjects (0ms)
		CreateAndSetChildDomain (69ms)
	RebuildCommonClasses (33ms)
	RebuildNativeTypeToScriptingClass (10ms)
	initialDomainReloadingComplete (29ms)
	LoadAllAssembliesAndSetupDomain (355ms)
		LoadAssemblies (390ms)
		RebuildTransferFunctionScriptingTraits (0ms)
		AnalyzeDomain (58ms)
			TypeCache.Refresh (23ms)
				TypeCache.ScanAssembly (11ms)
			ScanForSourceGeneratedMonoScriptInfo (21ms)
			ResolveRequiredComponents (12ms)
	FinalizeReload (1510ms)
		ReleaseScriptCaches (0ms)
		RebuildScriptCaches (0ms)
		SetupLoadedEditorAssemblies (1111ms)
			LogAssemblyErrors (0ms)
			InitializePlatformSupportModulesInManaged (26ms)
			SetLoadedEditorAssemblies (3ms)
			RefreshPlugins (0ms)
			BeforeProcessingInitializeOnLoad (71ms)
			ProcessInitializeOnLoadAttributes (829ms)
			ProcessInitializeOnLoadMethodAttributes (174ms)
			AfterProcessingInitializeOnLoad (7ms)
			EditorAssembliesLoaded (1ms)
		ExecutionOrderSort2 (0ms)
		AwakeInstancesAfterBackupRestoration (15ms)
OnLevelWasLoaded was found on Reporter
This message has been deprecated and will be removed in a later version of Unity.
Add a delegate to SceneManager.sceneLoaded instead to get notifications after scene loading has completed
OnLevelWasLoaded was found on BoxController
This message has been deprecated and will be removed in a later version of Unity.
Add a delegate to SceneManager.sceneLoaded instead to get notifications after scene loading has completed
OnLevelWasLoaded was found on AdmobAds
This message has been deprecated and will be removed in a later version of Unity.
Add a delegate to SceneManager.sceneLoaded instead to get notifications after scene loading has completed
Refreshing native plugins compatible for Editor in 15.60 ms, found 10 plugins.
Preloading 0 native plugins for Editor in 0.00 ms.
Unloading 7072 Unused Serialized files (Serialized files now loaded: 0)
Unloading 341 unused Assets / (2.1 MB). Loaded Objects now: 9594.
Memory consumption went from 354.4 MB to 352.3 MB.
Total: 27.467000 ms (FindLiveObjects: 0.974500 ms CreateObjectMapping: 0.691600 ms MarkObjects: 22.878300 ms  DeleteObjects: 2.919600 ms)

Prepare: number of updated asset objects reloaded= 0
AssetImportParameters requested are different than current active one (requested -> active):
  custom:container-demuxer-ogg: 62fdf1f143b41e24485cea50d1cbac27 -> 
  custom:framework-win-MediaFoundation: 216162199b28c13a410421893ffa2e32 -> 
  custom:container-muxer-webm: aa71ff27fc2769a1b78a27578f13a17b -> 
  custom:video-decoder-webm-vp8: 9c59270c3fd7afecdb556c50c9e8de78 -> 
  custom:SearchIndexIgnoredProperties: e643bd26f0fe6173181afceb89e7c659 -> 
  custom:AudioImporter_EditorPlatform: d09bf68614088b80899f8185d706f6e7 -> 
  custom:audio-decoder-ogg-vorbis: bf7c407c2cedff20999df2af8eb42d56 -> 
  custom:audio-encoder-webm-vorbis: bf7c407c2cedff20999df2af8eb42d56 -> 
  custom:video-decoder-ogg-theora: a1e56fd34408186e4bbccfd4996cb3dc -> 
  custom:CustomObjectIndexerAttribute: 62b5816608c3102f162a1797e29626cf -> 
  custom:container-demuxer-webm: 4f35f7cbe854078d1ac9338744f61a02 -> 
  custom:video-encoder-webm-vp8: eb34c28f22e8b96e1ab97ce403110664 -> 
========================================================================
Received Prepare
Begin MonoManager ReloadAssembly
Symbol file LoadedFromMemory is not a mono symbol file
- Loaded All Assemblies, in  0.543 seconds
Refreshing native plugins compatible for Editor in 10.63 ms, found 10 plugins.
Native extension for WindowsStandalone target not found
Native extension for iOS target not found
Native extension for Android target not found
[Package Manager] Server::EnsureServerProcessIsRunning -- launch failed, reason: Unity was launched with the -noUpm command-line argument
[Package Manager] UpmClient::Send -- Unable to send message (not connected to UPM process).
[Package Manager] Cannot connect to Unity Package Manager local server
Mono: successfully reloaded assembly
- Finished resetting the current domain, in  1.233 seconds
Domain Reload Profiling: 1774ms
	BeginReloadAssembly (158ms)
		ExecutionOrderSort (0ms)
		DisableScriptedObjects (8ms)
		BackupInstance (0ms)
		ReleaseScriptingObjects (0ms)
		CreateAndSetChildDomain (54ms)
	RebuildCommonClasses (24ms)
	RebuildNativeTypeToScriptingClass (14ms)
	initialDomainReloadingComplete (31ms)
	LoadAllAssembliesAndSetupDomain (313ms)
		LoadAssemblies (359ms)
		RebuildTransferFunctionScriptingTraits (0ms)
		AnalyzeDomain (25ms)
			TypeCache.Refresh (10ms)
				TypeCache.ScanAssembly (0ms)
			ScanForSourceGeneratedMonoScriptInfo (0ms)
			ResolveRequiredComponents (13ms)
	FinalizeReload (1234ms)
		ReleaseScriptCaches (0ms)
		RebuildScriptCaches (0ms)
		SetupLoadedEditorAssemblies (856ms)
			LogAssemblyErrors (0ms)
			InitializePlatformSupportModulesInManaged (29ms)
			SetLoadedEditorAssemblies (3ms)
			RefreshPlugins (0ms)
			BeforeProcessingInitializeOnLoad (82ms)
			ProcessInitializeOnLoadAttributes (624ms)
			ProcessInitializeOnLoadMethodAttributes (114ms)
			AfterProcessingInitializeOnLoad (4ms)
			EditorAssembliesLoaded (0ms)
		ExecutionOrderSort2 (0ms)
		AwakeInstancesAfterBackupRestoration (9ms)
OnLevelWasLoaded was found on Reporter
This message has been deprecated and will be removed in a later version of Unity.
Add a delegate to SceneManager.sceneLoaded instead to get notifications after scene loading has completed
OnLevelWasLoaded was found on BoxController
This message has been deprecated and will be removed in a later version of Unity.
Add a delegate to SceneManager.sceneLoaded instead to get notifications after scene loading has completed
OnLevelWasLoaded was found on AdmobAds
This message has been deprecated and will be removed in a later version of Unity.
Add a delegate to SceneManager.sceneLoaded instead to get notifications after scene loading has completed
Refreshing native plugins compatible for Editor in 23.67 ms, found 10 plugins.
Preloading 0 native plugins for Editor in 0.00 ms.
Unloading 7072 Unused Serialized files (Serialized files now loaded: 0)
Unloading 341 unused Assets / (2.1 MB). Loaded Objects now: 9630.
Memory consumption went from 356.4 MB to 354.3 MB.
Total: 44.344000 ms (FindLiveObjects: 2.249400 ms CreateObjectMapping: 1.855900 ms MarkObjects: 32.942500 ms  DeleteObjects: 7.283500 ms)

Prepare: number of updated asset objects reloaded= 0
AssetImportParameters requested are different than current active one (requested -> active):
  custom:container-demuxer-ogg: 62fdf1f143b41e24485cea50d1cbac27 -> 
  custom:framework-win-MediaFoundation: 216162199b28c13a410421893ffa2e32 -> 
  custom:container-muxer-webm: aa71ff27fc2769a1b78a27578f13a17b -> 
  custom:video-decoder-webm-vp8: 9c59270c3fd7afecdb556c50c9e8de78 -> 
  custom:SearchIndexIgnoredProperties: e643bd26f0fe6173181afceb89e7c659 -> 
  custom:AudioImporter_EditorPlatform: d09bf68614088b80899f8185d706f6e7 -> 
  custom:audio-decoder-ogg-vorbis: bf7c407c2cedff20999df2af8eb42d56 -> 
  custom:audio-encoder-webm-vorbis: bf7c407c2cedff20999df2af8eb42d56 -> 
  custom:video-decoder-ogg-theora: a1e56fd34408186e4bbccfd4996cb3dc -> 
  custom:CustomObjectIndexerAttribute: 62b5816608c3102f162a1797e29626cf -> 
  custom:container-demuxer-webm: 4f35f7cbe854078d1ac9338744f61a02 -> 
  custom:video-encoder-webm-vp8: eb34c28f22e8b96e1ab97ce403110664 -> 
========================================================================
Received Prepare
Begin MonoManager ReloadAssembly
Symbol file LoadedFromMemory is not a mono symbol file
- Loaded All Assemblies, in  0.620 seconds
Refreshing native plugins compatible for Editor in 18.86 ms, found 10 plugins.
Native extension for WindowsStandalone target not found
Native extension for iOS target not found
Native extension for Android target not found
[Package Manager] Server::EnsureServerProcessIsRunning -- launch failed, reason: Unity was launched with the -noUpm command-line argument
[Package Manager] UpmClient::Send -- Unable to send message (not connected to UPM process).
[Package Manager] Cannot connect to Unity Package Manager local server
Mono: successfully reloaded assembly
- Finished resetting the current domain, in  1.298 seconds
Domain Reload Profiling: 1919ms
	BeginReloadAssembly (193ms)
		ExecutionOrderSort (0ms)
		DisableScriptedObjects (11ms)
		BackupInstance (0ms)
		ReleaseScriptingObjects (0ms)
		CreateAndSetChildDomain (74ms)
	RebuildCommonClasses (25ms)
	RebuildNativeTypeToScriptingClass (9ms)
	initialDomainReloadingComplete (33ms)
	LoadAllAssembliesAndSetupDomain (361ms)
		LoadAssemblies (377ms)
		RebuildTransferFunctionScriptingTraits (0ms)
		AnalyzeDomain (58ms)
			TypeCache.Refresh (28ms)
				TypeCache.ScanAssembly (0ms)
			ScanForSourceGeneratedMonoScriptInfo (1ms)
			ResolveRequiredComponents (25ms)
	FinalizeReload (1299ms)
		ReleaseScriptCaches (0ms)
		RebuildScriptCaches (0ms)
		SetupLoadedEditorAssemblies (835ms)
			LogAssemblyErrors (0ms)
			InitializePlatformSupportModulesInManaged (26ms)
			SetLoadedEditorAssemblies (3ms)
			RefreshPlugins (0ms)
			BeforeProcessingInitializeOnLoad (74ms)
			ProcessInitializeOnLoadAttributes (615ms)
			ProcessInitializeOnLoadMethodAttributes (112ms)
			AfterProcessingInitializeOnLoad (4ms)
			EditorAssembliesLoaded (1ms)
		ExecutionOrderSort2 (0ms)
		AwakeInstancesAfterBackupRestoration (10ms)
OnLevelWasLoaded was found on Reporter
This message has been deprecated and will be removed in a later version of Unity.
Add a delegate to SceneManager.sceneLoaded instead to get notifications after scene loading has completed
OnLevelWasLoaded was found on BoxController
This message has been deprecated and will be removed in a later version of Unity.
Add a delegate to SceneManager.sceneLoaded instead to get notifications after scene loading has completed
OnLevelWasLoaded was found on AdmobAds
This message has been deprecated and will be removed in a later version of Unity.
Add a delegate to SceneManager.sceneLoaded instead to get notifications after scene loading has completed
Refreshing native plugins compatible for Editor in 25.26 ms, found 10 plugins.
Preloading 0 native plugins for Editor in 0.00 ms.
Unloading 7072 Unused Serialized files (Serialized files now loaded: 0)
Unloading 341 unused Assets / (2.0 MB). Loaded Objects now: 9666.
Memory consumption went from 358.3 MB to 356.3 MB.
Total: 42.190500 ms (FindLiveObjects: 2.843800 ms CreateObjectMapping: 2.316100 ms MarkObjects: 31.605300 ms  DeleteObjects: 5.417800 ms)

Prepare: number of updated asset objects reloaded= 0
AssetImportParameters requested are different than current active one (requested -> active):
  custom:container-demuxer-ogg: 62fdf1f143b41e24485cea50d1cbac27 -> 
  custom:framework-win-MediaFoundation: 216162199b28c13a410421893ffa2e32 -> 
  custom:container-muxer-webm: aa71ff27fc2769a1b78a27578f13a17b -> 
  custom:video-decoder-webm-vp8: 9c59270c3fd7afecdb556c50c9e8de78 -> 
  custom:SearchIndexIgnoredProperties: e643bd26f0fe6173181afceb89e7c659 -> 
  custom:AudioImporter_EditorPlatform: d09bf68614088b80899f8185d706f6e7 -> 
  custom:audio-decoder-ogg-vorbis: bf7c407c2cedff20999df2af8eb42d56 -> 
  custom:audio-encoder-webm-vorbis: bf7c407c2cedff20999df2af8eb42d56 -> 
  custom:video-decoder-ogg-theora: a1e56fd34408186e4bbccfd4996cb3dc -> 
  custom:CustomObjectIndexerAttribute: 62b5816608c3102f162a1797e29626cf -> 
  custom:container-demuxer-webm: 4f35f7cbe854078d1ac9338744f61a02 -> 
  custom:video-encoder-webm-vp8: eb34c28f22e8b96e1ab97ce403110664 -> 
========================================================================
Received Prepare
Begin MonoManager ReloadAssembly
Symbol file LoadedFromMemory is not a mono symbol file
- Loaded All Assemblies, in  0.726 seconds
Refreshing native plugins compatible for Editor in 12.58 ms, found 10 plugins.
Native extension for WindowsStandalone target not found
Native extension for iOS target not found
Native extension for Android target not found
[Package Manager] Server::EnsureServerProcessIsRunning -- launch failed, reason: Unity was launched with the -noUpm command-line argument
[Package Manager] UpmClient::Send -- Unable to send message (not connected to UPM process).
[Package Manager] Cannot connect to Unity Package Manager local server
Mono: successfully reloaded assembly
- Finished resetting the current domain, in  4.222 seconds
Domain Reload Profiling: 4946ms
	BeginReloadAssembly (208ms)
		ExecutionOrderSort (0ms)
		DisableScriptedObjects (8ms)
		BackupInstance (0ms)
		ReleaseScriptingObjects (0ms)
		CreateAndSetChildDomain (83ms)
	RebuildCommonClasses (29ms)
	RebuildNativeTypeToScriptingClass (10ms)
	initialDomainReloadingComplete (42ms)
	LoadAllAssembliesAndSetupDomain (434ms)
		LoadAssemblies (484ms)
		RebuildTransferFunctionScriptingTraits (0ms)
		AnalyzeDomain (30ms)
			TypeCache.Refresh (14ms)
				TypeCache.ScanAssembly (0ms)
			ScanForSourceGeneratedMonoScriptInfo (0ms)
			ResolveRequiredComponents (14ms)
	FinalizeReload (4223ms)
		ReleaseScriptCaches (0ms)
		RebuildScriptCaches (0ms)
		SetupLoadedEditorAssemblies (2735ms)
			LogAssemblyErrors (0ms)
			InitializePlatformSupportModulesInManaged (37ms)
			SetLoadedEditorAssemblies (5ms)
			RefreshPlugins (0ms)
			BeforeProcessingInitializeOnLoad (151ms)
			ProcessInitializeOnLoadAttributes (2186ms)
			ProcessInitializeOnLoadMethodAttributes (346ms)
			AfterProcessingInitializeOnLoad (8ms)
			EditorAssembliesLoaded (2ms)
		ExecutionOrderSort2 (0ms)
		AwakeInstancesAfterBackupRestoration (30ms)
OnLevelWasLoaded was found on Reporter
This message has been deprecated and will be removed in a later version of Unity.
Add a delegate to SceneManager.sceneLoaded instead to get notifications after scene loading has completed
OnLevelWasLoaded was found on BoxController
This message has been deprecated and will be removed in a later version of Unity.
Add a delegate to SceneManager.sceneLoaded instead to get notifications after scene loading has completed
OnLevelWasLoaded was found on AdmobAds
This message has been deprecated and will be removed in a later version of Unity.
Add a delegate to SceneManager.sceneLoaded instead to get notifications after scene loading has completed
Refreshing native plugins compatible for Editor in 26.27 ms, found 10 plugins.
Preloading 0 native plugins for Editor in 0.00 ms.
Unloading 7072 Unused Serialized files (Serialized files now loaded: 0)
Unloading 341 unused Assets / (1.9 MB). Loaded Objects now: 9702.
Memory consumption went from 360.3 MB to 358.4 MB.
Total: 79.929100 ms (FindLiveObjects: 3.686700 ms CreateObjectMapping: 3.494000 ms MarkObjects: 60.958000 ms  DeleteObjects: 11.785200 ms)

Prepare: number of updated asset objects reloaded= 0
AssetImportParameters requested are different than current active one (requested -> active):
  custom:container-demuxer-ogg: 62fdf1f143b41e24485cea50d1cbac27 -> 
  custom:framework-win-MediaFoundation: 216162199b28c13a410421893ffa2e32 -> 
  custom:container-muxer-webm: aa71ff27fc2769a1b78a27578f13a17b -> 
  custom:video-decoder-webm-vp8: 9c59270c3fd7afecdb556c50c9e8de78 -> 
  custom:SearchIndexIgnoredProperties: e643bd26f0fe6173181afceb89e7c659 -> 
  custom:AudioImporter_EditorPlatform: d09bf68614088b80899f8185d706f6e7 -> 
  custom:audio-decoder-ogg-vorbis: bf7c407c2cedff20999df2af8eb42d56 -> 
  custom:audio-encoder-webm-vorbis: bf7c407c2cedff20999df2af8eb42d56 -> 
  custom:video-decoder-ogg-theora: a1e56fd34408186e4bbccfd4996cb3dc -> 
  custom:CustomObjectIndexerAttribute: 62b5816608c3102f162a1797e29626cf -> 
  custom:container-demuxer-webm: 4f35f7cbe854078d1ac9338744f61a02 -> 
  custom:video-encoder-webm-vp8: eb34c28f22e8b96e1ab97ce403110664 -> 
========================================================================
Received Import Request.
  Time since last request: 1817.672929 seconds.
  path: Assets/GrassPuzzle_01/Texture/Mt_PackBG_Tile_14_TX_Cairo.png
  artifactKey: Guid(068d0e2c23b07b346baec60b83d00f1a) Importer(815301076,1909f56bfc062723c751e8b465ee728b)
Start importing Assets/GrassPuzzle_01/Texture/Mt_PackBG_Tile_14_TX_Cairo.png using Guid(068d0e2c23b07b346baec60b83d00f1a) Importer(815301076,1909f56bfc062723c751e8b465ee728b)  -> (artifact id: '237dc22b75e960bb071fe122a3329910') in 0.069481 seconds
Number of updated asset objects reloaded before import = 0
Number of asset objects unloaded after import = 2
========================================================================
Received Import Request.
  Time since last request: 3.248420 seconds.
  path: Assets/GrassPuzzle_01/Texture/Mt_PackBG_Tile_14_TX_Cairo.png
  artifactKey: Guid(068d0e2c23b07b346baec60b83d00f1a) Importer(815301076,1909f56bfc062723c751e8b465ee728b)
Start importing Assets/GrassPuzzle_01/Texture/Mt_PackBG_Tile_14_TX_Cairo.png using Guid(068d0e2c23b07b346baec60b83d00f1a) Importer(815301076,1909f56bfc062723c751e8b465ee728b)  -> (artifact id: '14b2bd56ef25ddfeba52245ca752bb18') in 0.069533 seconds
Number of updated asset objects reloaded before import = 0
Number of asset objects unloaded after import = 3
========================================================================
Received Import Request.
  Time since last request: 39.366926 seconds.
  path: Assets/GrassPuzzle_01/Texture/Mt_PackBG_Tile_14_TX_Cairo.png
  artifactKey: Guid(068d0e2c23b07b346baec60b83d00f1a) Importer(815301076,1909f56bfc062723c751e8b465ee728b)
Start importing Assets/GrassPuzzle_01/Texture/Mt_PackBG_Tile_14_TX_Cairo.png using Guid(068d0e2c23b07b346baec60b83d00f1a) Importer(815301076,1909f56bfc062723c751e8b465ee728b)  -> (artifact id: '90f25e71d7d351bc01e7c926e9f40c22') in 0.057242 seconds
Number of updated asset objects reloaded before import = 0
Number of asset objects unloaded after import = 3
========================================================================
Received Import Request.
  Time since last request: 21.828776 seconds.
  path: Assets/GrassPuzzle_01/Texture/Mt_PackBG_Tile_14_TX_Cairo.png
  artifactKey: Guid(068d0e2c23b07b346baec60b83d00f1a) Importer(815301076,1909f56bfc062723c751e8b465ee728b)
Start importing Assets/GrassPuzzle_01/Texture/Mt_PackBG_Tile_14_TX_Cairo.png using Guid(068d0e2c23b07b346baec60b83d00f1a) Importer(815301076,1909f56bfc062723c751e8b465ee728b)  -> (artifact id: '5fd69fcfa028a18549f56bd9dab7336d') in 0.044334 seconds
Number of updated asset objects reloaded before import = 0
Number of asset objects unloaded after import = 3
========================================================================
Received Prepare
Begin MonoManager ReloadAssembly
Symbol file LoadedFromMemory is not a mono symbol file
- Loaded All Assemblies, in  0.589 seconds
Refreshing native plugins compatible for Editor in 11.92 ms, found 10 plugins.
Native extension for WindowsStandalone target not found
Native extension for iOS target not found
Native extension for Android target not found
[Package Manager] Server::EnsureServerProcessIsRunning -- launch failed, reason: Unity was launched with the -noUpm command-line argument
[Package Manager] UpmClient::Send -- Unable to send message (not connected to UPM process).
[Package Manager] Cannot connect to Unity Package Manager local server
Mono: successfully reloaded assembly
- Finished resetting the current domain, in  3.026 seconds
Domain Reload Profiling: 3613ms
	BeginReloadAssembly (196ms)
		ExecutionOrderSort (0ms)
		DisableScriptedObjects (9ms)
		BackupInstance (0ms)
		ReleaseScriptingObjects (0ms)
		CreateAndSetChildDomain (88ms)
	RebuildCommonClasses (29ms)
	RebuildNativeTypeToScriptingClass (8ms)
	initialDomainReloadingComplete (29ms)
	LoadAllAssembliesAndSetupDomain (325ms)
		LoadAssemblies (366ms)
		RebuildTransferFunctionScriptingTraits (0ms)
		AnalyzeDomain (26ms)
			TypeCache.Refresh (11ms)
				TypeCache.ScanAssembly (0ms)
			ScanForSourceGeneratedMonoScriptInfo (0ms)
			ResolveRequiredComponents (13ms)
	FinalizeReload (3027ms)
		ReleaseScriptCaches (0ms)
		RebuildScriptCaches (0ms)
		SetupLoadedEditorAssemblies (1804ms)
			LogAssemblyErrors (0ms)
			InitializePlatformSupportModulesInManaged (26ms)
			SetLoadedEditorAssemblies (3ms)
			RefreshPlugins (0ms)
			BeforeProcessingInitializeOnLoad (59ms)
			ProcessInitializeOnLoadAttributes (1405ms)
			ProcessInitializeOnLoadMethodAttributes (301ms)
			AfterProcessingInitializeOnLoad (8ms)
			EditorAssembliesLoaded (2ms)
		ExecutionOrderSort2 (0ms)
		AwakeInstancesAfterBackupRestoration (28ms)
OnLevelWasLoaded was found on Reporter
This message has been deprecated and will be removed in a later version of Unity.
Add a delegate to SceneManager.sceneLoaded instead to get notifications after scene loading has completed
OnLevelWasLoaded was found on BoxController
This message has been deprecated and will be removed in a later version of Unity.
Add a delegate to SceneManager.sceneLoaded instead to get notifications after scene loading has completed
OnLevelWasLoaded was found on AdmobAds
This message has been deprecated and will be removed in a later version of Unity.
Add a delegate to SceneManager.sceneLoaded instead to get notifications after scene loading has completed
Refreshing native plugins compatible for Editor in 10.93 ms, found 10 plugins.
Preloading 0 native plugins for Editor in 0.00 ms.
Unloading 7072 Unused Serialized files (Serialized files now loaded: 0)
Unloading 341 unused Assets / (2.0 MB). Loaded Objects now: 9738.
Memory consumption went from 362.3 MB to 360.3 MB.
Total: 20.376900 ms (FindLiveObjects: 0.749500 ms CreateObjectMapping: 0.478400 ms MarkObjects: 17.321900 ms  DeleteObjects: 1.825200 ms)

Prepare: number of updated asset objects reloaded= 0
AssetImportParameters requested are different than current active one (requested -> active):
  custom:container-demuxer-ogg: 62fdf1f143b41e24485cea50d1cbac27 -> 
  custom:framework-win-MediaFoundation: 216162199b28c13a410421893ffa2e32 -> 
  custom:container-muxer-webm: aa71ff27fc2769a1b78a27578f13a17b -> 
  custom:video-decoder-webm-vp8: 9c59270c3fd7afecdb556c50c9e8de78 -> 
  custom:SearchIndexIgnoredProperties: e643bd26f0fe6173181afceb89e7c659 -> 
  custom:AudioImporter_EditorPlatform: d09bf68614088b80899f8185d706f6e7 -> 
  custom:audio-decoder-ogg-vorbis: bf7c407c2cedff20999df2af8eb42d56 -> 
  custom:audio-encoder-webm-vorbis: bf7c407c2cedff20999df2af8eb42d56 -> 
  custom:video-decoder-ogg-theora: a1e56fd34408186e4bbccfd4996cb3dc -> 
  custom:CustomObjectIndexerAttribute: 62b5816608c3102f162a1797e29626cf -> 
  custom:container-demuxer-webm: 4f35f7cbe854078d1ac9338744f61a02 -> 
  custom:video-encoder-webm-vp8: eb34c28f22e8b96e1ab97ce403110664 -> 
========================================================================
Received Import Request.
  Time since last request: 280.207051 seconds.
  path: Assets/GrassPuzzle_01/Texture/ATL_Common.png
  artifactKey: Guid(eecd683062615bd40be4a703d473499f) Importer(815301076,1909f56bfc062723c751e8b465ee728b)
Start importing Assets/GrassPuzzle_01/Texture/ATL_Common.png using Guid(eecd683062615bd40be4a703d473499f) Importer(815301076,1909f56bfc062723c751e8b465ee728b)  -> (artifact id: 'b0543d48b263d6a2d199317bd14653a4') in 0.141188 seconds
Number of updated asset objects reloaded before import = 0
Number of asset objects unloaded after import = 2
========================================================================
Received Import Request.
  Time since last request: 4.731461 seconds.
  path: Assets/GrassPuzzle_01/Texture/ATL_Common.png
  artifactKey: Guid(eecd683062615bd40be4a703d473499f) Importer(815301076,1909f56bfc062723c751e8b465ee728b)
Start importing Assets/GrassPuzzle_01/Texture/ATL_Common.png using Guid(eecd683062615bd40be4a703d473499f) Importer(815301076,1909f56bfc062723c751e8b465ee728b)  -> (artifact id: '8cf5a708a10ce94082e7b31a7f187cf9') in 0.128921 seconds
Number of updated asset objects reloaded before import = 0
Number of asset objects unloaded after import = 3
========================================================================
Received Import Request.
  Time since last request: 6.116915 seconds.
  path: Assets/GrassPuzzle_01/Texture/ATL_Common.png
  artifactKey: Guid(eecd683062615bd40be4a703d473499f) Importer(815301076,1909f56bfc062723c751e8b465ee728b)
Start importing Assets/GrassPuzzle_01/Texture/ATL_Common.png using Guid(eecd683062615bd40be4a703d473499f) Importer(815301076,1909f56bfc062723c751e8b465ee728b)  -> (artifact id: 'e72ff7ecc357a767e50e00e2c59c1e4c') in 0.125965 seconds
Number of updated asset objects reloaded before import = 0
Number of asset objects unloaded after import = 2
========================================================================
Received Import Request.
  Time since last request: 15.310097 seconds.
  path: Assets/GrassPuzzle_01/Texture/ATL_Common.png
  artifactKey: Guid(eecd683062615bd40be4a703d473499f) Importer(815301076,1909f56bfc062723c751e8b465ee728b)
Start importing Assets/GrassPuzzle_01/Texture/ATL_Common.png using Guid(eecd683062615bd40be4a703d473499f) Importer(815301076,1909f56bfc062723c751e8b465ee728b)  -> (artifact id: 'ef1795d6f6bf9cbc2bf8c9750d434869') in 0.327922 seconds
Number of updated asset objects reloaded before import = 0
Number of asset objects unloaded after import = 86
========================================================================
Received Import Request.
  Time since last request: 205.168930 seconds.
  path: Assets/GrassPuzzle_01/Texture/ATL_Common.png
  artifactKey: Guid(eecd683062615bd40be4a703d473499f) Importer(815301076,1909f56bfc062723c751e8b465ee728b)
Start importing Assets/GrassPuzzle_01/Texture/ATL_Common.png using Guid(eecd683062615bd40be4a703d473499f) Importer(815301076,1909f56bfc062723c751e8b465ee728b)  -> (artifact id: 'fdf042feb8eb20ce5a5b3504e43c129b') in 0.173543 seconds
Number of updated asset objects reloaded before import = 0
Number of asset objects unloaded after import = 86
========================================================================
Received Import Request.
  Time since last request: 45.160198 seconds.
  path: Assets/GrassPuzzle_01/Texture/ATL_Common.png
  artifactKey: Guid(eecd683062615bd40be4a703d473499f) Importer(815301076,1909f56bfc062723c751e8b465ee728b)
Start importing Assets/GrassPuzzle_01/Texture/ATL_Common.png using Guid(eecd683062615bd40be4a703d473499f) Importer(815301076,1909f56bfc062723c751e8b465ee728b)  -> (artifact id: '4935ba2febf56099211c9e6f8fe2ff0f') in 0.270785 seconds
Number of updated asset objects reloaded before import = 0
Number of asset objects unloaded after import = 86
========================================================================
Received Import Request.
  Time since last request: 49.374449 seconds.
  path: Assets/GrassPuzzle_01/Texture/ATL_Common.png
  artifactKey: Guid(eecd683062615bd40be4a703d473499f) Importer(815301076,1909f56bfc062723c751e8b465ee728b)
Start importing Assets/GrassPuzzle_01/Texture/ATL_Common.png using Guid(eecd683062615bd40be4a703d473499f) Importer(815301076,1909f56bfc062723c751e8b465ee728b)  -> (artifact id: 'a035502344b60c681733e92d24e4c4cb') in 0.288194 seconds
Number of updated asset objects reloaded before import = 0
Number of asset objects unloaded after import = 86
========================================================================
Received Import Request.
  Time since last request: 91.499572 seconds.
  path: Assets/GrassPuzzle_01/Texture/ATL_Common.png
  artifactKey: Guid(eecd683062615bd40be4a703d473499f) Importer(815301076,1909f56bfc062723c751e8b465ee728b)
Start importing Assets/GrassPuzzle_01/Texture/ATL_Common.png using Guid(eecd683062615bd40be4a703d473499f) Importer(815301076,1909f56bfc062723c751e8b465ee728b)  -> (artifact id: '6cdd4c4ce8ee6772bada736da72475f5') in 0.175689 seconds
Number of updated asset objects reloaded before import = 0
Number of asset objects unloaded after import = 86
========================================================================
Received Import Request.
  Time since last request: 169.612827 seconds.
  path: Assets/TextMesh Pro/Resources/Fonts & Materials/LiberationSans SDF.asset
  artifactKey: Guid(8f586378b4e144a9851e7b34d9b748ee) Importer(815301076,1909f56bfc062723c751e8b465ee728b)
Start importing Assets/TextMesh Pro/Resources/Fonts & Materials/LiberationSans SDF.asset using Guid(8f586378b4e144a9851e7b34d9b748ee) Importer(815301076,1909f56bfc062723c751e8b465ee728b)  -> (artifact id: 'd35ccf882c3081d8c216c2787079f035') in 0.178348 seconds
Number of updated asset objects reloaded before import = 0
Number of asset objects unloaded after import = 9
========================================================================
Received Import Request.
  Time since last request: 103.025815 seconds.
  path: Assets/Base/3Party/NiceVibrations/Demos/_Common/Fonts/RobotoMono-Bold.ttf
  artifactKey: Guid(34202502ade0b824f87ab4b85049f0c4) Importer(815301076,1909f56bfc062723c751e8b465ee728b)
Start importing Assets/Base/3Party/NiceVibrations/Demos/_Common/Fonts/RobotoMono-Bold.ttf using Guid(34202502ade0b824f87ab4b85049f0c4) Importer(815301076,1909f56bfc062723c751e8b465ee728b)  -> (artifact id: '9341a39f0a976f1fc5ba71a75d047797') in 0.054604 seconds
Number of updated asset objects reloaded before import = 0
Number of asset objects unloaded after import = 4
========================================================================
Received Import Request.
  Time since last request: 0.000035 seconds.
  path: Assets/Base/3Party/NiceVibrations/Demos/_Common/Fonts/RobotoMono-Medium.ttf
  artifactKey: Guid(6c4b3165b37dc7046901fc3d4a0fcce5) Importer(815301076,1909f56bfc062723c751e8b465ee728b)
Start importing Assets/Base/3Party/NiceVibrations/Demos/_Common/Fonts/RobotoMono-Medium.ttf using Guid(6c4b3165b37dc7046901fc3d4a0fcce5) Importer(815301076,1909f56bfc062723c751e8b465ee728b)  -> (artifact id: 'f44cbb9d54121e61472dfc98ce022e09') in 0.023910 seconds
Number of updated asset objects reloaded before import = 0
Number of asset objects unloaded after import = 4
========================================================================
Received Import Request.
  Time since last request: 0.000093 seconds.
  path: Assets/Base/00_BaseCode/Fonts/Super Corn.ttf
  artifactKey: Guid(5098de79da6144846a54f6de710c367a) Importer(815301076,1909f56bfc062723c751e8b465ee728b)
Start importing Assets/Base/00_BaseCode/Fonts/Super Corn.ttf using Guid(5098de79da6144846a54f6de710c367a) Importer(815301076,1909f56bfc062723c751e8b465ee728b)  -> (artifact id: 'e64ac76f6bad2559c893ed83bf4ec1d4') in 0.026595 seconds
Number of updated asset objects reloaded before import = 0
Number of asset objects unloaded after import = 4
========================================================================
Received Import Request.
  Time since last request: 0.000031 seconds.
  path: Assets/Base/3Party/NiceVibrations/Demos/_Common/Fonts/RobotoMono-Regular.ttf
  artifactKey: Guid(aa35aec7f2cbcf44a8eb564cd037f319) Importer(815301076,1909f56bfc062723c751e8b465ee728b)
Start importing Assets/Base/3Party/NiceVibrations/Demos/_Common/Fonts/RobotoMono-Regular.ttf using Guid(aa35aec7f2cbcf44a8eb564cd037f319) Importer(815301076,1909f56bfc062723c751e8b465ee728b)  -> (artifact id: '695fd3fba049ac1f816abea864cffc57') in 0.020676 seconds
Number of updated asset objects reloaded before import = 0
Number of asset objects unloaded after import = 4
========================================================================
Received Import Request.
  Time since last request: 1.582267 seconds.
  path: Assets/Base/00_BaseCode/Fonts/FredokaOne-Regular.ttf
  artifactKey: Guid(31163bd21f29352498642f0c1c5c6b5e) Importer(815301076,1909f56bfc062723c751e8b465ee728b)
Start importing Assets/Base/00_BaseCode/Fonts/FredokaOne-Regular.ttf using Guid(31163bd21f29352498642f0c1c5c6b5e) Importer(815301076,1909f56bfc062723c751e8b465ee728b)  -> (artifact id: 'b92e14b76039a011fe904e7a1ee90e4a') in 0.032386 seconds
Number of updated asset objects reloaded before import = 0
Number of asset objects unloaded after import = 4
========================================================================
Received Import Request.
  Time since last request: 0.016342 seconds.
  path: Assets/Base/3Party/NiceVibrations/Demos/_Common/Fonts/BIG JOHN.otf
  artifactKey: Guid(7015f2d2ce595844e9fe6e0c3bd8d27b) Importer(815301076,1909f56bfc062723c751e8b465ee728b)
Start importing Assets/Base/3Party/NiceVibrations/Demos/_Common/Fonts/BIG JOHN.otf using Guid(7015f2d2ce595844e9fe6e0c3bd8d27b) Importer(815301076,1909f56bfc062723c751e8b465ee728b)  -> (artifact id: '4592512b6bf5e271631818777082cc15') in 0.018566 seconds
Number of updated asset objects reloaded before import = 0
Number of asset objects unloaded after import = 4
========================================================================
Received Prepare
Begin MonoManager ReloadAssembly
Symbol file LoadedFromMemory is not a mono symbol file
- Loaded All Assemblies, in  0.598 seconds
Refreshing native plugins compatible for Editor in 11.32 ms, found 10 plugins.
Native extension for WindowsStandalone target not found
Native extension for iOS target not found
Native extension for Android target not found
[Package Manager] Server::EnsureServerProcessIsRunning -- launch failed, reason: Unity was launched with the -noUpm command-line argument
[Package Manager] UpmClient::Send -- Unable to send message (not connected to UPM process).
[Package Manager] Cannot connect to Unity Package Manager local server
Mono: successfully reloaded assembly
- Finished resetting the current domain, in  1.164 seconds
Domain Reload Profiling: 1761ms
	BeginReloadAssembly (208ms)
		ExecutionOrderSort (0ms)
		DisableScriptedObjects (8ms)
		BackupInstance (0ms)
		ReleaseScriptingObjects (0ms)
		CreateAndSetChildDomain (84ms)
	RebuildCommonClasses (27ms)
	RebuildNativeTypeToScriptingClass (11ms)
	initialDomainReloadingComplete (29ms)
	LoadAllAssembliesAndSetupDomain (320ms)
		LoadAssemblies (377ms)
		RebuildTransferFunctionScriptingTraits (0ms)
		AnalyzeDomain (23ms)
			TypeCache.Refresh (8ms)
				TypeCache.ScanAssembly (0ms)
			ScanForSourceGeneratedMonoScriptInfo (0ms)
			ResolveRequiredComponents (13ms)
	FinalizeReload (1165ms)
		ReleaseScriptCaches (0ms)
		RebuildScriptCaches (0ms)
		SetupLoadedEditorAssemblies (769ms)
			LogAssemblyErrors (0ms)
			InitializePlatformSupportModulesInManaged (34ms)
			SetLoadedEditorAssemblies (6ms)
			RefreshPlugins (0ms)
			BeforeProcessingInitializeOnLoad (64ms)
			ProcessInitializeOnLoadAttributes (561ms)
			ProcessInitializeOnLoadMethodAttributes (99ms)
			AfterProcessingInitializeOnLoad (4ms)
			EditorAssembliesLoaded (0ms)
		ExecutionOrderSort2 (0ms)
		AwakeInstancesAfterBackupRestoration (9ms)
OnLevelWasLoaded was found on Reporter
This message has been deprecated and will be removed in a later version of Unity.
Add a delegate to SceneManager.sceneLoaded instead to get notifications after scene loading has completed
OnLevelWasLoaded was found on BoxController
This message has been deprecated and will be removed in a later version of Unity.
Add a delegate to SceneManager.sceneLoaded instead to get notifications after scene loading has completed
OnLevelWasLoaded was found on AdmobAds
This message has been deprecated and will be removed in a later version of Unity.
Add a delegate to SceneManager.sceneLoaded instead to get notifications after scene loading has completed
Refreshing native plugins compatible for Editor in 19.10 ms, found 10 plugins.
Preloading 0 native plugins for Editor in 0.00 ms.
Unloading 7072 Unused Serialized files (Serialized files now loaded: 0)
Unloading 341 unused Assets / (2.0 MB). Loaded Objects now: 9936.
Memory consumption went from 364.7 MB to 362.6 MB.
Total: 30.577600 ms (FindLiveObjects: 1.077000 ms CreateObjectMapping: 1.134900 ms MarkObjects: 25.621100 ms  DeleteObjects: 2.742100 ms)

Prepare: number of updated asset objects reloaded= 0
AssetImportParameters requested are different than current active one (requested -> active):
  custom:container-demuxer-ogg: 62fdf1f143b41e24485cea50d1cbac27 -> 
  custom:framework-win-MediaFoundation: 216162199b28c13a410421893ffa2e32 -> 
  custom:container-muxer-webm: aa71ff27fc2769a1b78a27578f13a17b -> 
  custom:video-decoder-webm-vp8: 9c59270c3fd7afecdb556c50c9e8de78 -> 
  custom:SearchIndexIgnoredProperties: e643bd26f0fe6173181afceb89e7c659 -> 
  custom:AudioImporter_EditorPlatform: d09bf68614088b80899f8185d706f6e7 -> 
  custom:audio-decoder-ogg-vorbis: bf7c407c2cedff20999df2af8eb42d56 -> 
  custom:audio-encoder-webm-vorbis: bf7c407c2cedff20999df2af8eb42d56 -> 
  custom:video-decoder-ogg-theora: a1e56fd34408186e4bbccfd4996cb3dc -> 
  custom:CustomObjectIndexerAttribute: 62b5816608c3102f162a1797e29626cf -> 
  custom:container-demuxer-webm: 4f35f7cbe854078d1ac9338744f61a02 -> 
  custom:video-encoder-webm-vp8: eb34c28f22e8b96e1ab97ce403110664 -> 
