Using pre-set license
Built from '2022.3/release' branch; Version is '2022.3.20f1 (61c2feb0970d) revision 6406910'; Using compiler version '192829333'; Build Type 'Release'
OS: 'Windows 10  (10.0.19045) 64bit Professional' Language: 'en' Physical Memory: 16154 MB
BatchMode: 1, IsHumanControllingUs: 0, StartBugReporterOnCrash: 0, Is64bit: 1, IsPro: 1

COMMAND LINE ARGUMENTS:
C:\Program Files\Unity\Hub\Editor\2022.3.20f1\Editor\Unity.exe
-adb2
-batchMode
-noUpm
-name
AssetImportWorker1
-projectPath
D:/UnityProject/BonceMonney
-logFile
Logs/AssetImportWorker1.log
-srvPort
52041
Successfully changed project path to: D:/UnityProject/BonceMonney
D:/UnityProject/BonceMonney
[UnityMemory] Configuration Parameters - Can be set up in boot.config
    "memorysetup-bucket-allocator-granularity=16"
    "memorysetup-bucket-allocator-bucket-count=8"
    "memorysetup-bucket-allocator-block-size=33554432"
    "memorysetup-bucket-allocator-block-count=8"
    "memorysetup-main-allocator-block-size=16777216"
    "memorysetup-thread-allocator-block-size=16777216"
    "memorysetup-gfx-main-allocator-block-size=16777216"
    "memorysetup-gfx-thread-allocator-block-size=16777216"
    "memorysetup-cache-allocator-block-size=4194304"
    "memorysetup-typetree-allocator-block-size=2097152"
    "memorysetup-profiler-bucket-allocator-granularity=16"
    "memorysetup-profiler-bucket-allocator-bucket-count=8"
    "memorysetup-profiler-bucket-allocator-block-size=33554432"
    "memorysetup-profiler-bucket-allocator-block-count=8"
    "memorysetup-profiler-allocator-block-size=16777216"
    "memorysetup-profiler-editor-allocator-block-size=1048576"
    "memorysetup-temp-allocator-size-main=16777216"
    "memorysetup-job-temp-allocator-block-size=2097152"
    "memorysetup-job-temp-allocator-block-size-background=1048576"
    "memorysetup-job-temp-allocator-reduction-small-platforms=262144"
    "memorysetup-allocator-temp-initial-block-size-main=262144"
    "memorysetup-allocator-temp-initial-block-size-worker=262144"
    "memorysetup-temp-allocator-size-background-worker=32768"
    "memorysetup-temp-allocator-size-job-worker=262144"
    "memorysetup-temp-allocator-size-preload-manager=33554432"
    "memorysetup-temp-allocator-size-nav-mesh-worker=65536"
    "memorysetup-temp-allocator-size-audio-worker=65536"
    "memorysetup-temp-allocator-size-cloud-worker=32768"
    "memorysetup-temp-allocator-size-gi-baking-worker=262144"
    "memorysetup-temp-allocator-size-gfx=262144"
Player connection [13268] Host "[IP] 192.168.1.2 [Port] 0 [Flags] 2 [Guid] 2507188933 [EditorId] 2507188933 [Version] 1048832 [Id] WindowsEditor(7,DESKTOP-USG9QUT) [Debug] 1 [PackageName] WindowsEditor [ProjectName] Editor" joined multi-casting on [225.0.0.222:54997]...

Player connection [13268] Host "[IP] 192.168.1.2 [Port] 0 [Flags] 2 [Guid] 2507188933 [EditorId] 2507188933 [Version] 1048832 [Id] WindowsEditor(7,DESKTOP-USG9QUT) [Debug] 1 [PackageName] WindowsEditor [ProjectName] Editor" joined alternative multi-casting on [225.0.0.222:34997]...

[Physics::Module] Initialized MultithreadedJobDispatcher with 11 workers.
Refreshing native plugins compatible for Editor in 21.55 ms, found 10 plugins.
Preloading 0 native plugins for Editor in 0.00 ms.
Initialize engine version: 2022.3.20f1 (61c2feb0970d)
[Subsystems] Discovering subsystems at path C:/Program Files/Unity/Hub/Editor/2022.3.20f1/Editor/Data/Resources/UnitySubsystems
[Subsystems] Discovering subsystems at path D:/UnityProject/BonceMonney/Assets
GfxDevice: creating device client; threaded=0; jobified=0
Direct3D:
    Version:  Direct3D 11.0 [level 11.1]
    Renderer: Intel(R) UHD Graphics 730 (ID=0x4692)
    Vendor:   Intel
    VRAM:     8077 MB
    Driver:   32.0.101.6129
Initialize mono
Mono path[0] = 'C:/Program Files/Unity/Hub/Editor/2022.3.20f1/Editor/Data/Managed'
Mono path[1] = 'C:/Program Files/Unity/Hub/Editor/2022.3.20f1/Editor/Data/MonoBleedingEdge/lib/mono/unityjit-win32'
Mono config path = 'C:/Program Files/Unity/Hub/Editor/2022.3.20f1/Editor/Data/MonoBleedingEdge/etc'
Using monoOptions --debugger-agent=transport=dt_socket,embedding=1,server=y,suspend=n,address=127.0.0.1:56944
Begin MonoManager ReloadAssembly
Registering precompiled unity dll's ...
Register platform support module: C:/Program Files/Unity/Hub/Editor/2022.3.20f1/Editor/Data/PlaybackEngines/AndroidPlayer/UnityEditor.Android.Extensions.dll
Register platform support module: C:/Program Files/Unity/Hub/Editor/2022.3.20f1/Editor/Data/PlaybackEngines/iOSSupport/UnityEditor.iOS.Extensions.dll
Register platform support module: C:/Program Files/Unity/Hub/Editor/2022.3.20f1/Editor/Data/PlaybackEngines/WindowsStandaloneSupport/UnityEditor.WindowsStandalone.Extensions.dll
Registered in 0.006867 seconds.
- Loaded All Assemblies, in  0.265 seconds
Native extension for WindowsStandalone target not found
[usbmuxd] Start listen thread
[usbmuxd] Listen thread started
Native extension for iOS target not found
Native extension for Android target not found
Android Extension - Scanning For ADB Devices 168 ms
Mono: successfully reloaded assembly
- Finished resetting the current domain, in  0.466 seconds
Domain Reload Profiling: 731ms
	BeginReloadAssembly (84ms)
		ExecutionOrderSort (0ms)
		DisableScriptedObjects (0ms)
		BackupInstance (0ms)
		ReleaseScriptingObjects (0ms)
		CreateAndSetChildDomain (1ms)
	RebuildCommonClasses (24ms)
	RebuildNativeTypeToScriptingClass (7ms)
	initialDomainReloadingComplete (43ms)
	LoadAllAssembliesAndSetupDomain (106ms)
		LoadAssemblies (83ms)
		RebuildTransferFunctionScriptingTraits (0ms)
		AnalyzeDomain (104ms)
			TypeCache.Refresh (103ms)
				TypeCache.ScanAssembly (92ms)
			ScanForSourceGeneratedMonoScriptInfo (0ms)
			ResolveRequiredComponents (0ms)
	FinalizeReload (467ms)
		ReleaseScriptCaches (0ms)
		RebuildScriptCaches (0ms)
		SetupLoadedEditorAssemblies (425ms)
			LogAssemblyErrors (0ms)
			InitializePlatformSupportModulesInManaged (255ms)
			SetLoadedEditorAssemblies (3ms)
			RefreshPlugins (0ms)
			BeforeProcessingInitializeOnLoad (2ms)
			ProcessInitializeOnLoadAttributes (128ms)
			ProcessInitializeOnLoadMethodAttributes (38ms)
			AfterProcessingInitializeOnLoad (0ms)
			EditorAssembliesLoaded (0ms)
		ExecutionOrderSort2 (0ms)
		AwakeInstancesAfterBackupRestoration (0ms)
========================================================================
Worker process is ready to serve import requests
Begin MonoManager ReloadAssembly
Symbol file LoadedFromMemory is not a mono symbol file
- Loaded All Assemblies, in  0.868 seconds
Refreshing native plugins compatible for Editor in 11.06 ms, found 10 plugins.
OnLevelWasLoaded was found on Reporter
This message has been deprecated and will be removed in a later version of Unity.
Add a delegate to SceneManager.sceneLoaded instead to get notifications after scene loading has completed
OnLevelWasLoaded was found on AdmobAds
This message has been deprecated and will be removed in a later version of Unity.
Add a delegate to SceneManager.sceneLoaded instead to get notifications after scene loading has completed
OnLevelWasLoaded was found on BoxController
This message has been deprecated and will be removed in a later version of Unity.
Add a delegate to SceneManager.sceneLoaded instead to get notifications after scene loading has completed
Native extension for WindowsStandalone target not found
Native extension for iOS target not found
Native extension for Android target not found
Package Manager log level set to [2]
[Package Manager] Server::EnsureServerProcessIsRunning -- launch failed, reason: Unity was launched with the -noUpm command-line argument
[Package Manager] UpmClient::Send -- Unable to send message (not connected to UPM process).
[Package Manager] Cannot connect to Unity Package Manager local server
Debug [AppLovin MAX] Deleting obsolete network AdColony from path Assets\MaxSdk/Mediation/AdColony...
UnityEngine.StackTraceUtility:ExtractStackTrace ()
UnityEngine.DebugLogHandler:LogFormat (UnityEngine.LogType,UnityEngine.Object,string,object[])
UnityEngine.Logger:Log (UnityEngine.LogType,object)
UnityEngine.Debug:Log (object)
MaxSdkLogger:UserDebug (string) (at Assets/MaxSdk/Scripts/MaxSdkLogger.cs:13)
AppLovinMax.Scripts.IntegrationManager.Editor.AppLovinInitialize:.cctor () (at Assets/MaxSdk/Scripts/IntegrationManager/Editor/AppLovinInitialize.cs:118)
System.Runtime.CompilerServices.RuntimeHelpers:RunClassConstructor (System.RuntimeTypeHandle)
UnityEditor.EditorAssemblies:ProcessInitializeOnLoadAttributes (System.Type[])

(Filename: Assets/MaxSdk/Scripts/MaxSdkLogger.cs Line: 13)

Debug [AppLovin MAX] AppLovin MAX Migration completed
UnityEngine.StackTraceUtility:ExtractStackTrace ()
UnityEngine.DebugLogHandler:LogFormat (UnityEngine.LogType,UnityEngine.Object,string,object[])
UnityEngine.Logger:Log (UnityEngine.LogType,object)
UnityEngine.Debug:Log (object)
MaxSdkLogger:UserDebug (string) (at Assets/MaxSdk/Scripts/MaxSdkLogger.cs:13)
AppLovinMax.Scripts.IntegrationManager.Editor.AppLovinInitialize:.cctor () (at Assets/MaxSdk/Scripts/IntegrationManager/Editor/AppLovinInitialize.cs:128)
System.Runtime.CompilerServices.RuntimeHelpers:RunClassConstructor (System.RuntimeTypeHandle)
UnityEditor.EditorAssemblies:ProcessInitializeOnLoadAttributes (System.Type[])

(Filename: Assets/MaxSdk/Scripts/MaxSdkLogger.cs Line: 13)

Unable to write to 'ProjectSettings\GvhProjectSettings.xml' (System.IO.IOException: Sharing violation on path D:\UnityProject\BonceMonney\ProjectSettings\GvhProjectSettings.xml
  at System.IO.FileStream..ctor (System.String path, System.IO.FileMode mode, System.IO.FileAccess access, System.IO.FileShare share, System.Int32 bufferSize, System.Boolean anonymous, System.IO.FileOptions options) [0x0019e] in <dc753a1061284f8e971ee88ee4826eee>:0 
  at System.IO.FileStream..ctor (System.String path, System.IO.FileMode mode, System.IO.FileAccess access, System.IO.FileShare share, System.Int32 bufferSize, System.IO.FileOptions options) [0x00000] in <dc753a1061284f8e971ee88ee4826eee>:0 
  at System.IO.FileStream..ctor (System.String path, System.IO.FileMode mode, System.IO.FileAccess access, System.IO.FileShare share, System.Int32 bufferSize, System.Boolean useAsync) [0x00000] in <dc753a1061284f8e971ee88ee4826eee>:0 
  at (wrapper remoting-invoke-with-check) System.IO.FileStream..ctor(string,System.IO.FileMode,System.IO.FileAccess,System.IO.FileShare,int,bool)
  at System.Xml.XmlWriterSettings.CreateWriter (System.String outputFileName) [0x00051] in <ae5badc4ec594809bfbe24220ad62e9b>:0 
  at System.Xml.XmlWriter.Create (System.String outputFileName, System.Xml.XmlWriterSettings settings) [0x0000a] in <ae5badc4ec594809bfbe24220ad62e9b>:0 
  at Google.ProjectSettings.Save () [0x00079] in /Users/amaurice/Documents/GitHub/unity-jar-resolver/source/VersionHandlerImpl/src/ProjectSettings.cs:821 , Project settings were not saved!
UnityEngine.StackTraceUtility:ExtractStackTrace ()
UnityEngine.DebugLogHandler:LogFormat (UnityEngine.LogType,UnityEngine.Object,string,object[])
UnityEngine.Logger:Log (UnityEngine.LogType,object)
UnityEngine.Debug:LogError (object)
Google.Logger:Log (string,Google.LogLevel) (at /Users/amaurice/Documents/GitHub/unity-jar-resolver/source/VersionHandlerImpl/src/Logger.cs:136)
Google.ProjectSettings:Save () (at /Users/amaurice/Documents/GitHub/unity-jar-resolver/source/VersionHandlerImpl/src/ProjectSettings.cs:844)
Google.ProjectSettings:SetBool (string,bool,Google.SettingsLocation) (at /Users/amaurice/Documents/GitHub/unity-jar-resolver/source/VersionHandlerImpl/src/ProjectSettings.cs:485)
Google.ProjectSettings:SetBool (string,bool) (at /Users/amaurice/Documents/GitHub/unity-jar-resolver/source/VersionHandlerImpl/src/ProjectSettings.cs:497)
Google.IOSResolver:set_VerboseLoggingEnabled (bool) (at /Users/amaurice/Documents/GitHub/unity-jar-resolver/source/IOSResolver/src/IOSResolver.cs:1041)
Google.IOSResolver:.cctor () (at /Users/amaurice/Documents/GitHub/unity-jar-resolver/source/IOSResolver/src/IOSResolver.cs:727)
System.Runtime.CompilerServices.RuntimeHelpers:RunClassConstructor (System.RuntimeTypeHandle)
UnityEditor.EditorAssemblies:ProcessInitializeOnLoadAttributes (System.Type[])

(Filename: /Users/amaurice/Documents/GitHub/unity-jar-resolver/source/VersionHandlerImpl/src/ProjectSettings.cs Line: 844)

Launched and connected shader compiler UnityShaderCompiler.exe after 0.04 seconds
Mono: successfully reloaded assembly
- Finished resetting the current domain, in  1.204 seconds
Domain Reload Profiling: 2071ms
	BeginReloadAssembly (134ms)
		ExecutionOrderSort (0ms)
		DisableScriptedObjects (4ms)
		BackupInstance (0ms)
		ReleaseScriptingObjects (0ms)
		CreateAndSetChildDomain (22ms)
	RebuildCommonClasses (32ms)
	RebuildNativeTypeToScriptingClass (15ms)
	initialDomainReloadingComplete (57ms)
	LoadAllAssembliesAndSetupDomain (628ms)
		LoadAssemblies (436ms)
		RebuildTransferFunctionScriptingTraits (0ms)
		AnalyzeDomain (273ms)
			TypeCache.Refresh (220ms)
				TypeCache.ScanAssembly (194ms)
			ScanForSourceGeneratedMonoScriptInfo (37ms)
			ResolveRequiredComponents (14ms)
	FinalizeReload (1205ms)
		ReleaseScriptCaches (0ms)
		RebuildScriptCaches (0ms)
		SetupLoadedEditorAssemblies (1037ms)
			LogAssemblyErrors (0ms)
			InitializePlatformSupportModulesInManaged (29ms)
			SetLoadedEditorAssemblies (4ms)
			RefreshPlugins (0ms)
			BeforeProcessingInitializeOnLoad (71ms)
			ProcessInitializeOnLoadAttributes (490ms)
			ProcessInitializeOnLoadMethodAttributes (439ms)
			AfterProcessingInitializeOnLoad (4ms)
			EditorAssembliesLoaded (0ms)
		ExecutionOrderSort2 (0ms)
		AwakeInstancesAfterBackupRestoration (5ms)
Refreshing native plugins compatible for Editor in 11.33 ms, found 10 plugins.
Preloading 0 native plugins for Editor in 0.00 ms.
Unloading 7215 Unused Serialized files (Serialized files now loaded: 0)
Unloading 263 unused Assets / (1.8 MB). Loaded Objects now: 7632.
Memory consumption went from 287.9 MB to 286.1 MB.
Total: 21.622800 ms (FindLiveObjects: 0.548300 ms CreateObjectMapping: 0.405300 ms MarkObjects: 19.295800 ms  DeleteObjects: 1.371700 ms)

AssetImportParameters requested are different than current active one (requested -> active):
  custom:container-demuxer-ogg: 62fdf1f143b41e24485cea50d1cbac27 -> 
  custom:framework-win-MediaFoundation: 216162199b28c13a410421893ffa2e32 -> 
  custom:container-muxer-webm: aa71ff27fc2769a1b78a27578f13a17b -> 
  custom:video-decoder-webm-vp8: 9c59270c3fd7afecdb556c50c9e8de78 -> 
  custom:SearchIndexIgnoredProperties: e643bd26f0fe6173181afceb89e7c659 -> 
  custom:AudioImporter_EditorPlatform: d09bf68614088b80899f8185d706f6e7 -> 
  custom:audio-decoder-ogg-vorbis: bf7c407c2cedff20999df2af8eb42d56 -> 
  custom:audio-encoder-webm-vorbis: bf7c407c2cedff20999df2af8eb42d56 -> 
  custom:video-decoder-ogg-theora: a1e56fd34408186e4bbccfd4996cb3dc -> 
  custom:CustomObjectIndexerAttribute: 62b5816608c3102f162a1797e29626cf -> 
  custom:container-demuxer-webm: 4f35f7cbe854078d1ac9338744f61a02 -> 
  custom:video-encoder-webm-vp8: eb34c28f22e8b96e1ab97ce403110664 -> 
========================================================================
Received Import Request.
  Time since last request: 848639.516005 seconds.
  path: Assets
  artifactKey: Guid(00000000000000001000000000000000) Importer(815301076,1909f56bfc062723c751e8b465ee728b)
Start importing Assets using Guid(00000000000000001000000000000000) Importer(815301076,1909f56bfc062723c751e8b465ee728b)  -> (artifact id: '8a4fe85251aa2e89732c359432baa2c3') in 0.002171 seconds
Number of updated asset objects reloaded before import = 0
Number of asset objects unloaded after import = 0
========================================================================
Received Prepare
Begin MonoManager ReloadAssembly
Symbol file LoadedFromMemory is not a mono symbol file
- Loaded All Assemblies, in  2.240 seconds
Refreshing native plugins compatible for Editor in 14.24 ms, found 10 plugins.
Native extension for WindowsStandalone target not found
Native extension for iOS target not found
Native extension for Android target not found
[Package Manager] Server::EnsureServerProcessIsRunning -- launch failed, reason: Unity was launched with the -noUpm command-line argument
[Package Manager] UpmClient::Send -- Unable to send message (not connected to UPM process).
[Package Manager] Cannot connect to Unity Package Manager local server
Debug [AppLovin MAX] Deleting obsolete network AdColony from path Assets\MaxSdk/Mediation/AdColony...
UnityEngine.StackTraceUtility:ExtractStackTrace ()
UnityEngine.DebugLogHandler:LogFormat (UnityEngine.LogType,UnityEngine.Object,string,object[])
UnityEngine.Logger:Log (UnityEngine.LogType,object)
UnityEngine.Debug:Log (object)
MaxSdkLogger:UserDebug (string) (at Assets/MaxSdk/Scripts/MaxSdkLogger.cs:13)
AppLovinMax.Scripts.IntegrationManager.Editor.AppLovinInitialize:.cctor () (at Assets/MaxSdk/Scripts/IntegrationManager/Editor/AppLovinInitialize.cs:118)
System.Runtime.CompilerServices.RuntimeHelpers:RunClassConstructor (System.RuntimeTypeHandle)
UnityEditor.EditorAssemblies:ProcessInitializeOnLoadAttributes (System.Type[])

(Filename: Assets/MaxSdk/Scripts/MaxSdkLogger.cs Line: 13)

Debug [AppLovin MAX] AppLovin MAX Migration completed
UnityEngine.StackTraceUtility:ExtractStackTrace ()
UnityEngine.DebugLogHandler:LogFormat (UnityEngine.LogType,UnityEngine.Object,string,object[])
UnityEngine.Logger:Log (UnityEngine.LogType,object)
UnityEngine.Debug:Log (object)
MaxSdkLogger:UserDebug (string) (at Assets/MaxSdk/Scripts/MaxSdkLogger.cs:13)
AppLovinMax.Scripts.IntegrationManager.Editor.AppLovinInitialize:.cctor () (at Assets/MaxSdk/Scripts/IntegrationManager/Editor/AppLovinInitialize.cs:128)
System.Runtime.CompilerServices.RuntimeHelpers:RunClassConstructor (System.RuntimeTypeHandle)
UnityEditor.EditorAssemblies:ProcessInitializeOnLoadAttributes (System.Type[])

(Filename: Assets/MaxSdk/Scripts/MaxSdkLogger.cs Line: 13)

Unable to write to 'ProjectSettings\GvhProjectSettings.xml' (System.IO.IOException: Sharing violation on path D:\UnityProject\BonceMonney\ProjectSettings\GvhProjectSettings.xml
  at System.IO.FileStream..ctor (System.String path, System.IO.FileMode mode, System.IO.FileAccess access, System.IO.FileShare share, System.Int32 bufferSize, System.Boolean anonymous, System.IO.FileOptions options) [0x0019e] in <dc753a1061284f8e971ee88ee4826eee>:0 
  at System.IO.FileStream..ctor (System.String path, System.IO.FileMode mode, System.IO.FileAccess access, System.IO.FileShare share, System.Int32 bufferSize, System.IO.FileOptions options) [0x00000] in <dc753a1061284f8e971ee88ee4826eee>:0 
  at System.IO.FileStream..ctor (System.String path, System.IO.FileMode mode, System.IO.FileAccess access, System.IO.FileShare share, System.Int32 bufferSize, System.Boolean useAsync) [0x00000] in <dc753a1061284f8e971ee88ee4826eee>:0 
  at (wrapper remoting-invoke-with-check) System.IO.FileStream..ctor(string,System.IO.FileMode,System.IO.FileAccess,System.IO.FileShare,int,bool)
  at System.Xml.XmlWriterSettings.CreateWriter (System.String outputFileName) [0x00051] in <ae5badc4ec594809bfbe24220ad62e9b>:0 
  at System.Xml.XmlWriter.Create (System.String outputFileName, System.Xml.XmlWriterSettings settings) [0x0000a] in <ae5badc4ec594809bfbe24220ad62e9b>:0 
  at Google.ProjectSettings.Save () [0x00079] in /Users/amaurice/Documents/GitHub/unity-jar-resolver/source/VersionHandlerImpl/src/ProjectSettings.cs:821 , Project settings were not saved!
UnityEngine.StackTraceUtility:ExtractStackTrace ()
UnityEngine.DebugLogHandler:LogFormat (UnityEngine.LogType,UnityEngine.Object,string,object[])
UnityEngine.Logger:Log (UnityEngine.LogType,object)
UnityEngine.Debug:LogError (object)
Google.Logger:Log (string,Google.LogLevel) (at /Users/amaurice/Documents/GitHub/unity-jar-resolver/source/VersionHandlerImpl/src/Logger.cs:136)
Google.ProjectSettings:Save () (at /Users/amaurice/Documents/GitHub/unity-jar-resolver/source/VersionHandlerImpl/src/ProjectSettings.cs:844)
Google.ProjectSettings:SetBool (string,bool,Google.SettingsLocation) (at /Users/amaurice/Documents/GitHub/unity-jar-resolver/source/VersionHandlerImpl/src/ProjectSettings.cs:485)
Google.ProjectSettings:SetBool (string,bool) (at /Users/amaurice/Documents/GitHub/unity-jar-resolver/source/VersionHandlerImpl/src/ProjectSettings.cs:497)
Google.IOSResolver:set_VerboseLoggingEnabled (bool) (at /Users/amaurice/Documents/GitHub/unity-jar-resolver/source/IOSResolver/src/IOSResolver.cs:1041)
Google.IOSResolver:.cctor () (at /Users/amaurice/Documents/GitHub/unity-jar-resolver/source/IOSResolver/src/IOSResolver.cs:727)
System.Runtime.CompilerServices.RuntimeHelpers:RunClassConstructor (System.RuntimeTypeHandle)
UnityEditor.EditorAssemblies:ProcessInitializeOnLoadAttributes (System.Type[])

(Filename: /Users/amaurice/Documents/GitHub/unity-jar-resolver/source/VersionHandlerImpl/src/ProjectSettings.cs Line: 844)

Mono: successfully reloaded assembly
- Finished resetting the current domain, in 14.363 seconds
Domain Reload Profiling: 16602ms
	BeginReloadAssembly (957ms)
		ExecutionOrderSort (0ms)
		DisableScriptedObjects (121ms)
		BackupInstance (0ms)
		ReleaseScriptingObjects (0ms)
		CreateAndSetChildDomain (515ms)
	RebuildCommonClasses (29ms)
	RebuildNativeTypeToScriptingClass (9ms)
	initialDomainReloadingComplete (35ms)
	LoadAllAssembliesAndSetupDomain (1209ms)
		LoadAssemblies (1194ms)
		RebuildTransferFunctionScriptingTraits (0ms)
		AnalyzeDomain (136ms)
			TypeCache.Refresh (85ms)
				TypeCache.ScanAssembly (14ms)
			ScanForSourceGeneratedMonoScriptInfo (35ms)
			ResolveRequiredComponents (15ms)
	FinalizeReload (14364ms)
		ReleaseScriptCaches (0ms)
		RebuildScriptCaches (0ms)
		SetupLoadedEditorAssemblies (1125ms)
			LogAssemblyErrors (0ms)
			InitializePlatformSupportModulesInManaged (42ms)
			SetLoadedEditorAssemblies (4ms)
			RefreshPlugins (0ms)
			BeforeProcessingInitializeOnLoad (68ms)
			ProcessInitializeOnLoadAttributes (612ms)
			ProcessInitializeOnLoadMethodAttributes (394ms)
			AfterProcessingInitializeOnLoad (5ms)
			EditorAssembliesLoaded (1ms)
		ExecutionOrderSort2 (0ms)
		AwakeInstancesAfterBackupRestoration (11ms)
OnLevelWasLoaded was found on Reporter
This message has been deprecated and will be removed in a later version of Unity.
Add a delegate to SceneManager.sceneLoaded instead to get notifications after scene loading has completed
OnLevelWasLoaded was found on BoxController
This message has been deprecated and will be removed in a later version of Unity.
Add a delegate to SceneManager.sceneLoaded instead to get notifications after scene loading has completed
OnLevelWasLoaded was found on AdmobAds
This message has been deprecated and will be removed in a later version of Unity.
Add a delegate to SceneManager.sceneLoaded instead to get notifications after scene loading has completed
Refreshing native plugins compatible for Editor in 23.78 ms, found 10 plugins.
Preloading 0 native plugins for Editor in 0.00 ms.
Unloading 7064 Unused Serialized files (Serialized files now loaded: 0)
Unloading 338 unused Assets / (1.9 MB). Loaded Objects now: 7670.
Memory consumption went from 253.1 MB to 251.2 MB.
Total: 29.002300 ms (FindLiveObjects: 0.843600 ms CreateObjectMapping: 0.300400 ms MarkObjects: 24.572300 ms  DeleteObjects: 3.283300 ms)

Prepare: number of updated asset objects reloaded= 0
AssetImportParameters requested are different than current active one (requested -> active):
  custom:container-demuxer-ogg: 62fdf1f143b41e24485cea50d1cbac27 -> 
  custom:framework-win-MediaFoundation: 216162199b28c13a410421893ffa2e32 -> 
  custom:container-muxer-webm: aa71ff27fc2769a1b78a27578f13a17b -> 
  custom:video-decoder-webm-vp8: 9c59270c3fd7afecdb556c50c9e8de78 -> 
  custom:SearchIndexIgnoredProperties: e643bd26f0fe6173181afceb89e7c659 -> 
  custom:AudioImporter_EditorPlatform: d09bf68614088b80899f8185d706f6e7 -> 
  custom:audio-decoder-ogg-vorbis: bf7c407c2cedff20999df2af8eb42d56 -> 
  custom:audio-encoder-webm-vorbis: bf7c407c2cedff20999df2af8eb42d56 -> 
  custom:video-decoder-ogg-theora: a1e56fd34408186e4bbccfd4996cb3dc -> 
  custom:CustomObjectIndexerAttribute: 62b5816608c3102f162a1797e29626cf -> 
  custom:container-demuxer-webm: 4f35f7cbe854078d1ac9338744f61a02 -> 
  custom:video-encoder-webm-vp8: eb34c28f22e8b96e1ab97ce403110664 -> 
========================================================================
Received Import Request.
  Time since last request: 5709.994547 seconds.
  path: Assets/Base/3Party/CodeStage/AntiCheatToolkit/Examples/API Examples/Prefabs/ACTk Detectors Flat.prefab
  artifactKey: Guid(60b6c172f7c2a1f4abacc848f7547d63) Importer(815301076,1909f56bfc062723c751e8b465ee728b)
Start importing Assets/Base/3Party/CodeStage/AntiCheatToolkit/Examples/API Examples/Prefabs/ACTk Detectors Flat.prefab using Guid(60b6c172f7c2a1f4abacc848f7547d63) Importer(815301076,1909f56bfc062723c751e8b465ee728b)  -> (artifact id: '22b026a148b8ebd80f830ef4a8ccfc53') in 0.035849 seconds
Number of updated asset objects reloaded before import = 0
Number of asset objects unloaded after import = 9
========================================================================
Received Import Request.
  Time since last request: 0.000016 seconds.
  path: Assets/Base/00_BaseCode/VFX/Fire/CFX2_DoubleFireBall A.prefab
  artifactKey: Guid(c0e4a8b5a1b77ac4399a21a64fdda60a) Importer(815301076,1909f56bfc062723c751e8b465ee728b)
Start importing Assets/Base/00_BaseCode/VFX/Fire/CFX2_DoubleFireBall A.prefab using Guid(c0e4a8b5a1b77ac4399a21a64fdda60a) Importer(815301076,1909f56bfc062723c751e8b465ee728b)  -> (artifact id: '7593a83e04c58e36c5c5bff59a418f5d') in 0.165288 seconds
Number of updated asset objects reloaded before import = 0
Number of asset objects unloaded after import = 19
========================================================================
Received Import Request.
  Time since last request: 0.000042 seconds.
  path: Packages/com.unity.render-pipelines.core/Runtime/Debugging/Prefabs/Widgets/DebugUIMessageBox.prefab
  artifactKey: Guid(10a25524b0986f9488b430e2829bbbe8) Importer(815301076,1909f56bfc062723c751e8b465ee728b)
Start importing Packages/com.unity.render-pipelines.core/Runtime/Debugging/Prefabs/Widgets/DebugUIMessageBox.prefab using Guid(10a25524b0986f9488b430e2829bbbe8) Importer(815301076,1909f56bfc062723c751e8b465ee728b)  -> (artifact id: '37b6ed764561efcfbe80c1036a5ed997') in 0.013465 seconds
Number of updated asset objects reloaded before import = 0
Number of asset objects unloaded after import = 15
========================================================================
Received Import Request.
  Time since last request: 0.000059 seconds.
  path: Assets/Base/00_BaseCode/VFX/Rock/COL Small Rocks 2.prefab
  artifactKey: Guid(2acc487d73d1f6a4f8f202abe5548e77) Importer(815301076,1909f56bfc062723c751e8b465ee728b)
Start importing Assets/Base/00_BaseCode/VFX/Rock/COL Small Rocks 2.prefab using Guid(2acc487d73d1f6a4f8f202abe5548e77) Importer(815301076,1909f56bfc062723c751e8b465ee728b)  -> (artifact id: '6a8b93201d88bc45726059f3e37c33e7') in 0.074126 seconds
Number of updated asset objects reloaded before import = 0
Number of asset objects unloaded after import = 8
========================================================================
Received Import Request.
  Time since last request: 0.000018 seconds.
  path: Assets/Base/00_BaseCode/VFX/Rock/COL Small Rocks.prefab
  artifactKey: Guid(d4f4b7fdb5f280349a527ea77014bd8a) Importer(815301076,1909f56bfc062723c751e8b465ee728b)
Start importing Assets/Base/00_BaseCode/VFX/Rock/COL Small Rocks.prefab using Guid(d4f4b7fdb5f280349a527ea77014bd8a) Importer(815301076,1909f56bfc062723c751e8b465ee728b)  -> (artifact id: '7f31aa9eae8be76c173122ad429335cd') in 0.025441 seconds
Number of updated asset objects reloaded before import = 0
Number of asset objects unloaded after import = 8
========================================================================
Received Import Request.
  Time since last request: 0.000032 seconds.
  path: Packages/com.unity.2d.spriteshape/Editor/ObjectMenuCreation/DefaultAssets/Sprite Shapes/Closed Sprite Shape.prefab
  artifactKey: Guid(c0583b4e855c74b8c82e7b9b5efb5ce9) Importer(815301076,1909f56bfc062723c751e8b465ee728b)
Start importing Packages/com.unity.2d.spriteshape/Editor/ObjectMenuCreation/DefaultAssets/Sprite Shapes/Closed Sprite Shape.prefab using Guid(c0583b4e855c74b8c82e7b9b5efb5ce9) Importer(815301076,1909f56bfc062723c751e8b465ee728b)  -> (artifact id: 'e3aa7902d41cfaa664c366eca36979e8') in 0.127077 seconds
Number of updated asset objects reloaded before import = 0
Number of asset objects unloaded after import = 14
========================================================================
Received Import Request.
  Time since last request: 0.000029 seconds.
  path: Packages/com.unity.render-pipelines.core/Runtime/Debugging/Prefabs/Widgets/DebugUIButton.prefab
  artifactKey: Guid(f6ce33b91f6ffe54cadacbf4bb112440) Importer(815301076,1909f56bfc062723c751e8b465ee728b)
Start importing Packages/com.unity.render-pipelines.core/Runtime/Debugging/Prefabs/Widgets/DebugUIButton.prefab using Guid(f6ce33b91f6ffe54cadacbf4bb112440) Importer(815301076,1909f56bfc062723c751e8b465ee728b)  -> (artifact id: '735ebef9ec19fd9ce181fb16d1fe15d5') in 0.018295 seconds
Number of updated asset objects reloaded before import = 0
Number of asset objects unloaded after import = 15
========================================================================
Received Import Request.
  Time since last request: 0.000055 seconds.
  path: Packages/com.unity.render-pipelines.core/Runtime/Debugging/Prefabs/Widgets/DebugUIIntField.prefab
  artifactKey: Guid(ae00bb75e0cd5b04b8fe7fb4ab662629) Importer(815301076,1909f56bfc062723c751e8b465ee728b)
Start importing Packages/com.unity.render-pipelines.core/Runtime/Debugging/Prefabs/Widgets/DebugUIIntField.prefab using Guid(ae00bb75e0cd5b04b8fe7fb4ab662629) Importer(815301076,1909f56bfc062723c751e8b465ee728b)  -> (artifact id: '3e3133678d6e5c20eca02efb070af1ff') in 0.011042 seconds
Number of updated asset objects reloaded before import = 0
Number of asset objects unloaded after import = 37
========================================================================
Received Import Request.
  Time since last request: 0.000020 seconds.
  path: Packages/com.unity.render-pipelines.core/Runtime/Debugging/Prefabs/Widgets/DebugUIEnumField.prefab
  artifactKey: Guid(988db55689193434fb0b3b89538f978f) Importer(815301076,1909f56bfc062723c751e8b465ee728b)
Start importing Packages/com.unity.render-pipelines.core/Runtime/Debugging/Prefabs/Widgets/DebugUIEnumField.prefab using Guid(988db55689193434fb0b3b89538f978f) Importer(815301076,1909f56bfc062723c751e8b465ee728b)  -> (artifact id: '9fabfb588014ce1d2b084e23d2fd9b80') in 0.006871 seconds
Number of updated asset objects reloaded before import = 0
Number of asset objects unloaded after import = 27
========================================================================
Received Import Request.
  Time since last request: 0.000020 seconds.
  path: Assets/Base/00_BaseCode/VFX/Rock/COL Small Rocks 1.prefab
  artifactKey: Guid(b76ee426628546b469eafa5cab6f964d) Importer(815301076,1909f56bfc062723c751e8b465ee728b)
Start importing Assets/Base/00_BaseCode/VFX/Rock/COL Small Rocks 1.prefab using Guid(b76ee426628546b469eafa5cab6f964d) Importer(815301076,1909f56bfc062723c751e8b465ee728b)  -> (artifact id: 'b6f0540e495d22c7de47f7df578c0135') in 0.024662 seconds
Number of updated asset objects reloaded before import = 0
Number of asset objects unloaded after import = 8
========================================================================
Received Import Request.
  Time since last request: 0.000026 seconds.
  path: Packages/com.unity.render-pipelines.core/Runtime/Debugging/Prefabs/Widgets/DebugUIBitField.prefab
  artifactKey: Guid(7c78b588b2e1f7c4a86ca4a985cf6e4a) Importer(815301076,1909f56bfc062723c751e8b465ee728b)
Start importing Packages/com.unity.render-pipelines.core/Runtime/Debugging/Prefabs/Widgets/DebugUIBitField.prefab using Guid(7c78b588b2e1f7c4a86ca4a985cf6e4a) Importer(815301076,1909f56bfc062723c751e8b465ee728b)  -> (artifact id: '2bfb0e9e480382276f27314ffcd6aa95') in 0.032817 seconds
Number of updated asset objects reloaded before import = 0
Number of asset objects unloaded after import = 612
========================================================================
Received Import Request.
  Time since last request: 0.000025 seconds.
  path: Assets/Base/00_BaseCode/VFX/Wood/COL Wood 1.prefab
  artifactKey: Guid(d3fac31f7eeb09f4aa31150ceb7b9f0d) Importer(815301076,1909f56bfc062723c751e8b465ee728b)
Start importing Assets/Base/00_BaseCode/VFX/Wood/COL Wood 1.prefab using Guid(d3fac31f7eeb09f4aa31150ceb7b9f0d) Importer(815301076,1909f56bfc062723c751e8b465ee728b)  -> (artifact id: '5636153a6173d1ce35178284f751d7b7') in 0.016206 seconds
Number of updated asset objects reloaded before import = 0
Number of asset objects unloaded after import = 8
========================================================================
Received Import Request.
  Time since last request: 0.000020 seconds.
  path: Packages/com.unity.render-pipelines.core/Runtime/Debugging/Prefabs/Resources/DebugUICanvas.prefab
  artifactKey: Guid(cf6cbdd672089a84796e55a21fed1cbe) Importer(815301076,1909f56bfc062723c751e8b465ee728b)
Start importing Packages/com.unity.render-pipelines.core/Runtime/Debugging/Prefabs/Resources/DebugUICanvas.prefab using Guid(cf6cbdd672089a84796e55a21fed1cbe) Importer(815301076,1909f56bfc062723c751e8b465ee728b)  -> (artifact id: 'f367077e97659078b63a666975119270') in 0.201626 seconds
Number of updated asset objects reloaded before import = 0
Number of asset objects unloaded after import = 1361
========================================================================
Received Import Request.
  Time since last request: 183.136777 seconds.
  path: Assets/Base/3Party/NiceVibrations/Demos/_OLD/v1Demo/Sprites/icon-nice-vibrations.png
  artifactKey: Guid(39eb8e0b300976e438ed4122994ed6e8) Importer(815301076,1909f56bfc062723c751e8b465ee728b)
Start importing Assets/Base/3Party/NiceVibrations/Demos/_OLD/v1Demo/Sprites/icon-nice-vibrations.png using Guid(39eb8e0b300976e438ed4122994ed6e8) Importer(815301076,1909f56bfc062723c751e8b465ee728b)  -> (artifact id: 'a375d40d678a2d88a50a3ce630e115f6') in 0.037504 seconds
Number of updated asset objects reloaded before import = 0
Number of asset objects unloaded after import = 3
========================================================================
Received Import Request.
  Time since last request: 0.000033 seconds.
  path: Assets/Base/00_BaseCode/Texture2D/OldAsset/image 284.png
  artifactKey: Guid(a1d07ac4da66102498beab1f07cda668) Importer(815301076,1909f56bfc062723c751e8b465ee728b)
Start importing Assets/Base/00_BaseCode/Texture2D/OldAsset/image 284.png using Guid(a1d07ac4da66102498beab1f07cda668) Importer(815301076,1909f56bfc062723c751e8b465ee728b)  -> (artifact id: 'fd06ce56e20bcc49f00962b8ac867ce0') in 0.040173 seconds
Number of updated asset objects reloaded before import = 0
Number of asset objects unloaded after import = 3
========================================================================
Received Import Request.
  Time since last request: 0.000079 seconds.
  path: Assets/Base/00_BaseCode/Texture2D/OldAsset/Layer 63.png
  artifactKey: Guid(b2fc6a213ed15d44fb5186ed0f62ebcc) Importer(815301076,1909f56bfc062723c751e8b465ee728b)
Start importing Assets/Base/00_BaseCode/Texture2D/OldAsset/Layer 63.png using Guid(b2fc6a213ed15d44fb5186ed0f62ebcc) Importer(815301076,1909f56bfc062723c751e8b465ee728b)  -> (artifact id: '067c12fa9187190c4ffc87a3cdb67ea1') in 0.035033 seconds
Number of updated asset objects reloaded before import = 0
Number of asset objects unloaded after import = 3
========================================================================
Received Import Request.
  Time since last request: 0.000044 seconds.
  path: Assets/Base/00_BaseCode/Texture2D/OldAsset/Layer 59.png
  artifactKey: Guid(60210b4634539e64c9725a6b4b2578cb) Importer(815301076,1909f56bfc062723c751e8b465ee728b)
Start importing Assets/Base/00_BaseCode/Texture2D/OldAsset/Layer 59.png using Guid(60210b4634539e64c9725a6b4b2578cb) Importer(815301076,1909f56bfc062723c751e8b465ee728b)  -> (artifact id: 'bb41067c8c30bae3278ca78537215b41') in 0.025361 seconds
Number of updated asset objects reloaded before import = 0
Number of asset objects unloaded after import = 3
========================================================================
Received Import Request.
  Time since last request: 6.166399 seconds.
  path: Assets/Base/00_BaseCode/Texture2D/OldAsset/Subtract 1.png
  artifactKey: Guid(c53719b7af4f59f4aa10e82a19568e25) Importer(815301076,1909f56bfc062723c751e8b465ee728b)
Start importing Assets/Base/00_BaseCode/Texture2D/OldAsset/Subtract 1.png using Guid(c53719b7af4f59f4aa10e82a19568e25) Importer(815301076,1909f56bfc062723c751e8b465ee728b)  -> (artifact id: '024204dac898045500eeab77ed96d3dc') in 0.060734 seconds
Number of updated asset objects reloaded before import = 0
Number of asset objects unloaded after import = 3
========================================================================
Received Import Request.
  Time since last request: 0.000023 seconds.
  path: Assets/Base/00_BaseCode/Texture2D/OldAsset/turnoffmusic.png
  artifactKey: Guid(979f9132ae3571a4aae6203c79d30725) Importer(815301076,1909f56bfc062723c751e8b465ee728b)
Start importing Assets/Base/00_BaseCode/Texture2D/OldAsset/turnoffmusic.png using Guid(979f9132ae3571a4aae6203c79d30725) Importer(815301076,1909f56bfc062723c751e8b465ee728b)  -> (artifact id: '1094a3cd8b44368eb7f9e810fe2cb45f') in 0.033323 seconds
Number of updated asset objects reloaded before import = 0
Number of asset objects unloaded after import = 3
========================================================================
Received Import Request.
  Time since last request: 1.808716 seconds.
  path: Assets/Base/00_BaseCode/Texture2D/OldAsset/fast-forward-double-right-arrows-symbol copy.png
  artifactKey: Guid(fee81a9f453cb9f4a9b5c3da023c36ee) Importer(815301076,1909f56bfc062723c751e8b465ee728b)
Start importing Assets/Base/00_BaseCode/Texture2D/OldAsset/fast-forward-double-right-arrows-symbol copy.png using Guid(fee81a9f453cb9f4a9b5c3da023c36ee) Importer(815301076,1909f56bfc062723c751e8b465ee728b)  -> (artifact id: '7c39a1e1758c26e5d6ee375c1eeeaafc') in 0.018280 seconds
Number of updated asset objects reloaded before import = 0
Number of asset objects unloaded after import = 3
========================================================================
Received Import Request.
  Time since last request: 0.000017 seconds.
  path: Assets/Base/00_BaseCode/Texture2D/OldAsset/Hand_cursor.png
  artifactKey: Guid(203785d26a223e04c8a5d78e6bd25339) Importer(815301076,1909f56bfc062723c751e8b465ee728b)
Start importing Assets/Base/00_BaseCode/Texture2D/OldAsset/Hand_cursor.png using Guid(203785d26a223e04c8a5d78e6bd25339) Importer(815301076,1909f56bfc062723c751e8b465ee728b)  -> (artifact id: '389e670b613f6f04cfc8cc68381d78b4') in 0.027823 seconds
Number of updated asset objects reloaded before import = 0
Number of asset objects unloaded after import = 3
========================================================================
Received Import Request.
  Time since last request: 0.000024 seconds.
  path: Assets/Base/3Party/NiceVibrations/Demos/_OLD/v1Demo/Sprites/MoreMountainsLogo.png
  artifactKey: Guid(c390b244a9c964975a16094cbc703dc5) Importer(815301076,1909f56bfc062723c751e8b465ee728b)
Start importing Assets/Base/3Party/NiceVibrations/Demos/_OLD/v1Demo/Sprites/MoreMountainsLogo.png using Guid(c390b244a9c964975a16094cbc703dc5) Importer(815301076,1909f56bfc062723c751e8b465ee728b)  -> (artifact id: 'a50d85aa6493ded3a1d639c24b4f42ae') in 0.080606 seconds
Number of updated asset objects reloaded before import = 0
Number of asset objects unloaded after import = 3
========================================================================
Received Import Request.
  Time since last request: 1.172998 seconds.
  path: Assets/Base/3Party/NiceVibrations/Demos/_OLD/v1Demo/Sprites/NiceVibrationsIcon.png
  artifactKey: Guid(e476cabf3fcccca4f9b16d5fd396b04b) Importer(815301076,1909f56bfc062723c751e8b465ee728b)
Start importing Assets/Base/3Party/NiceVibrations/Demos/_OLD/v1Demo/Sprites/NiceVibrationsIcon.png using Guid(e476cabf3fcccca4f9b16d5fd396b04b) Importer(815301076,1909f56bfc062723c751e8b465ee728b)  -> (artifact id: '433e26ef69b2b2c773a92edc3a0c9939') in 0.039592 seconds
Number of updated asset objects reloaded before import = 0
Number of asset objects unloaded after import = 3
========================================================================
Received Import Request.
  Time since last request: 0.040117 seconds.
  path: Assets/Base/3Party/NiceVibrations/Demos/_Common/Sprites/NV3Cols.png
  artifactKey: Guid(5e7828fe329b7c44da7a14782d96a96d) Importer(815301076,1909f56bfc062723c751e8b465ee728b)
Start importing Assets/Base/3Party/NiceVibrations/Demos/_Common/Sprites/NV3Cols.png using Guid(5e7828fe329b7c44da7a14782d96a96d) Importer(815301076,1909f56bfc062723c751e8b465ee728b)  -> (artifact id: '03e3e01201c4b1a239b0336027950439') in 0.019786 seconds
Number of updated asset objects reloaded before import = 0
Number of asset objects unloaded after import = 3
========================================================================
Received Import Request.
  Time since last request: 0.059009 seconds.
  path: Assets/Base/3Party/NiceVibrations/Demos/_Common/Sprites/NV7Dots.png
  artifactKey: Guid(4f5279e4af3c4234b8aa5937637aeabd) Importer(815301076,1909f56bfc062723c751e8b465ee728b)
Start importing Assets/Base/3Party/NiceVibrations/Demos/_Common/Sprites/NV7Dots.png using Guid(4f5279e4af3c4234b8aa5937637aeabd) Importer(815301076,1909f56bfc062723c751e8b465ee728b)  -> (artifact id: 'af087a81c0d8728b7ee97bd307015499') in 0.019412 seconds
Number of updated asset objects reloaded before import = 0
Number of asset objects unloaded after import = 3
========================================================================
Received Import Request.
  Time since last request: 5.853675 seconds.
  path: Assets/Base/00_BaseCode/Texture2D/OldAsset/10-1024.png
  artifactKey: Guid(609b97aa189682a4b83b3aa6bc654349) Importer(815301076,1909f56bfc062723c751e8b465ee728b)
Start importing Assets/Base/00_BaseCode/Texture2D/OldAsset/10-1024.png using Guid(609b97aa189682a4b83b3aa6bc654349) Importer(815301076,1909f56bfc062723c751e8b465ee728b)  -> (artifact id: '1c3083d90b871f822d3705baf64e31b3') in 0.033899 seconds
Number of updated asset objects reloaded before import = 0
Number of asset objects unloaded after import = 3
========================================================================
Received Import Request.
  Time since last request: 0.000024 seconds.
  path: Assets/Base/3Party/Joker2X/AppIcons/Assets.xcassets/AppIcon.appiconset/40.png
  artifactKey: Guid(1d9589446b2db86448a5226f3e7c992a) Importer(815301076,1909f56bfc062723c751e8b465ee728b)
Start importing Assets/Base/3Party/Joker2X/AppIcons/Assets.xcassets/AppIcon.appiconset/40.png using Guid(1d9589446b2db86448a5226f3e7c992a) Importer(815301076,1909f56bfc062723c751e8b465ee728b)  -> (artifact id: '432babcb32725ce4cd65199a6cd3b664') in 0.041234 seconds
Number of updated asset objects reloaded before import = 0
Number of asset objects unloaded after import = 3
========================================================================
Received Import Request.
  Time since last request: 0.000038 seconds.
  path: Assets/Base/3Party/Joker2X/AppIcons/Assets.xcassets/AppIcon.appiconset/58.png
  artifactKey: Guid(f0593c0f862084147847dd713924892e) Importer(815301076,1909f56bfc062723c751e8b465ee728b)
Start importing Assets/Base/3Party/Joker2X/AppIcons/Assets.xcassets/AppIcon.appiconset/58.png using Guid(f0593c0f862084147847dd713924892e) Importer(815301076,1909f56bfc062723c751e8b465ee728b)  -> (artifact id: '5025d809cd583c9a5f88802966f16017') in 0.027732 seconds
Number of updated asset objects reloaded before import = 0
Number of asset objects unloaded after import = 3
========================================================================
Received Import Request.
  Time since last request: 0.000020 seconds.
  path: Assets/Base/3Party/Joker2X/AppIcons/Assets.xcassets/AppIcon.appiconset/57.png
  artifactKey: Guid(2a72d20d19212e748a7ebb6818bfd2c8) Importer(815301076,1909f56bfc062723c751e8b465ee728b)
Start importing Assets/Base/3Party/Joker2X/AppIcons/Assets.xcassets/AppIcon.appiconset/57.png using Guid(2a72d20d19212e748a7ebb6818bfd2c8) Importer(815301076,1909f56bfc062723c751e8b465ee728b)  -> (artifact id: 'bfde780de35447dd154ec86c6ed7ff15') in 0.025480 seconds
Number of updated asset objects reloaded before import = 0
Number of asset objects unloaded after import = 3
========================================================================
Received Import Request.
  Time since last request: 2.531909 seconds.
  path: Assets/Base/3Party/Joker2X/AppIcons/Assets.xcassets/AppIcon.appiconset/72.png
  artifactKey: Guid(3c9eb3c8b090f814082573b09b799c70) Importer(815301076,1909f56bfc062723c751e8b465ee728b)
Start importing Assets/Base/3Party/Joker2X/AppIcons/Assets.xcassets/AppIcon.appiconset/72.png using Guid(3c9eb3c8b090f814082573b09b799c70) Importer(815301076,1909f56bfc062723c751e8b465ee728b)  -> (artifact id: '509d06f38321f7d28b5403ae80a0278d') in 0.021479 seconds
Number of updated asset objects reloaded before import = 0
Number of asset objects unloaded after import = 3
========================================================================
Received Import Request.
  Time since last request: 0.005463 seconds.
  path: Assets/Base/3Party/Joker2X/AppIcons/Assets.xcassets/AppIcon.appiconset/80.png
  artifactKey: Guid(6cab96c98a2e8e148ba40c25de53f51b) Importer(815301076,1909f56bfc062723c751e8b465ee728b)
Start importing Assets/Base/3Party/Joker2X/AppIcons/Assets.xcassets/AppIcon.appiconset/80.png using Guid(6cab96c98a2e8e148ba40c25de53f51b) Importer(815301076,1909f56bfc062723c751e8b465ee728b)  -> (artifact id: '748494b0c67ba1a434afdb3d55dda985') in 0.039889 seconds
Number of updated asset objects reloaded before import = 0
Number of asset objects unloaded after import = 3
========================================================================
Received Import Request.
  Time since last request: 0.000049 seconds.
  path: Assets/Base/3Party/Joker2X/AppIcons/Assets.xcassets/AppIcon.appiconset/87.png
  artifactKey: Guid(a3fd0d74f0ca61b45a265d0b1f0fab70) Importer(815301076,1909f56bfc062723c751e8b465ee728b)
Start importing Assets/Base/3Party/Joker2X/AppIcons/Assets.xcassets/AppIcon.appiconset/87.png using Guid(a3fd0d74f0ca61b45a265d0b1f0fab70) Importer(815301076,1909f56bfc062723c751e8b465ee728b)  -> (artifact id: 'ccf067e1bd3d8c1c968fa59b3e8e6273') in 0.030452 seconds
Number of updated asset objects reloaded before import = 0
Number of asset objects unloaded after import = 3
========================================================================
Received Import Request.
  Time since last request: 0.254802 seconds.
  path: Assets/Base/3Party/Joker2X/AppIcons/Assets.xcassets/AppIcon.appiconset/120.png
  artifactKey: Guid(4b03b6c13a76d1348b3a8e2698ce267c) Importer(815301076,1909f56bfc062723c751e8b465ee728b)
Start importing Assets/Base/3Party/Joker2X/AppIcons/Assets.xcassets/AppIcon.appiconset/120.png using Guid(4b03b6c13a76d1348b3a8e2698ce267c) Importer(815301076,1909f56bfc062723c751e8b465ee728b)  -> (artifact id: '0059cbd979202d43ac00609985850e8a') in 0.019684 seconds
Number of updated asset objects reloaded before import = 0
Number of asset objects unloaded after import = 3
========================================================================
Received Import Request.
  Time since last request: 0.006020 seconds.
  path: Assets/Base/3Party/Joker2X/AppIcons/Assets.xcassets/AppIcon.appiconset/152.png
  artifactKey: Guid(304c8f97bd17b3d46b5d0bdffcfdade8) Importer(815301076,1909f56bfc062723c751e8b465ee728b)
Start importing Assets/Base/3Party/Joker2X/AppIcons/Assets.xcassets/AppIcon.appiconset/152.png using Guid(304c8f97bd17b3d46b5d0bdffcfdade8) Importer(815301076,1909f56bfc062723c751e8b465ee728b)  -> (artifact id: '8ce53344e1582832680ae7626d5cb42f') in 0.040423 seconds
Number of updated asset objects reloaded before import = 0
Number of asset objects unloaded after import = 3
========================================================================
Received Import Request.
  Time since last request: 7.283225 seconds.
  path: Packages/com.unity.2d.sprite/Editor/Assets/d_SpriteEditor@2x.png
  artifactKey: Guid(74d9036aa1bb14ccfafb89d639870288) Importer(815301076,1909f56bfc062723c751e8b465ee728b)
Start importing Packages/com.unity.2d.sprite/Editor/Assets/d_SpriteEditor@2x.png using Guid(74d9036aa1bb14ccfafb89d639870288) Importer(815301076,1909f56bfc062723c751e8b465ee728b)  -> (artifact id: '7903a1c56f6cf9d7eb8bb612e94cfce1') in 0.014660 seconds
Number of updated asset objects reloaded before import = 0
Number of asset objects unloaded after import = 2
========================================================================
Received Import Request.
  Time since last request: 0.000017 seconds.
  path: Packages/com.unity.2d.sprite/Editor/Assets/SpriteEditorOn.png
  artifactKey: Guid(476369828d55a4032beead7444495b69) Importer(815301076,1909f56bfc062723c751e8b465ee728b)
Start importing Packages/com.unity.2d.sprite/Editor/Assets/SpriteEditorOn.png using Guid(476369828d55a4032beead7444495b69) Importer(815301076,1909f56bfc062723c751e8b465ee728b)  -> (artifact id: 'e3b8cf56cf50f2d605f48e28e1cbee75') in 0.038710 seconds
Number of updated asset objects reloaded before import = 0
Number of asset objects unloaded after import = 2
========================================================================
Received Import Request.
  Time since last request: 0.000050 seconds.
  path: Packages/com.unity.2d.sprite/Editor/Assets/SpriteEditor.png
  artifactKey: Guid(9b243bd8491a24b2cbe5231468a93813) Importer(815301076,1909f56bfc062723c751e8b465ee728b)
Start importing Packages/com.unity.2d.sprite/Editor/Assets/SpriteEditor.png using Guid(9b243bd8491a24b2cbe5231468a93813) Importer(815301076,1909f56bfc062723c751e8b465ee728b)  -> (artifact id: '3ac3b57fe20fd14975afac244324211c') in 0.029218 seconds
Number of updated asset objects reloaded before import = 0
Number of asset objects unloaded after import = 2
========================================================================
Received Import Request.
  Time since last request: 3.371964 seconds.
  path: Packages/com.unity.2d.sprite/Editor/UI/SpriteEditor/SpriteEditor.uss
  artifactKey: Guid(fd3d7c275a0958b4fa0f26a0ee9b8481) Importer(815301076,1909f56bfc062723c751e8b465ee728b)
Start importing Packages/com.unity.2d.sprite/Editor/UI/SpriteEditor/SpriteEditor.uss using Guid(fd3d7c275a0958b4fa0f26a0ee9b8481) Importer(815301076,1909f56bfc062723c751e8b465ee728b)  -> (artifact id: '6f59e69743261f716ae7902288e84601') in 0.012617 seconds
Number of updated asset objects reloaded before import = 0
Number of asset objects unloaded after import = 1
========================================================================
Received Import Request.
  Time since last request: 14.415435 seconds.
  path: Packages/com.unity.2d.spriteshape/Editor/Icons/SpriteShapeController@64.png
  artifactKey: Guid(d1508e1dc42abb745b24c8891a614d2a) Importer(815301076,1909f56bfc062723c751e8b465ee728b)
Start importing Packages/com.unity.2d.spriteshape/Editor/Icons/SpriteShapeController@64.png using Guid(d1508e1dc42abb745b24c8891a614d2a) Importer(815301076,1909f56bfc062723c751e8b465ee728b)  -> (artifact id: 'c2f706520072cbb8109de08f56e8193c') in 0.030621 seconds
Number of updated asset objects reloaded before import = 0
Number of asset objects unloaded after import = 2
========================================================================
Received Import Request.
  Time since last request: 9.102877 seconds.
  path: Assets/Base/00_BaseCode/Texture2D/OldAsset/circle100.png
  artifactKey: Guid(1e7207d99b584714c8776594e5f0bd34) Importer(815301076,1909f56bfc062723c751e8b465ee728b)
Start importing Assets/Base/00_BaseCode/Texture2D/OldAsset/circle100.png using Guid(1e7207d99b584714c8776594e5f0bd34) Importer(815301076,1909f56bfc062723c751e8b465ee728b)  -> (artifact id: '57a42dcc85f71868013bcb0e3b0490ed') in 0.017780 seconds
Number of updated asset objects reloaded before import = 0
Number of asset objects unloaded after import = 3
========================================================================
Received Import Request.
  Time since last request: 0.000024 seconds.
  path: Assets/Base/00_BaseCode/VFX/Star 1/confetti.png
  artifactKey: Guid(7f963e6d2c68e0b4d8f966ace923dec5) Importer(815301076,1909f56bfc062723c751e8b465ee728b)
Start importing Assets/Base/00_BaseCode/VFX/Star 1/confetti.png using Guid(7f963e6d2c68e0b4d8f966ace923dec5) Importer(815301076,1909f56bfc062723c751e8b465ee728b)  -> (artifact id: 'cd460d7d9cb80bacb70f5e3280f6ed8d') in 0.030617 seconds
Number of updated asset objects reloaded before import = 0
Number of asset objects unloaded after import = 3
========================================================================
Received Import Request.
  Time since last request: 0.000020 seconds.
  path: Assets/Base/00_BaseCode/Texture2D/OldAsset/Group 1 copy 3.png
  artifactKey: Guid(f4232485ef02bc547b6928b2d9e6c996) Importer(815301076,1909f56bfc062723c751e8b465ee728b)
Start importing Assets/Base/00_BaseCode/Texture2D/OldAsset/Group 1 copy 3.png using Guid(f4232485ef02bc547b6928b2d9e6c996) Importer(815301076,1909f56bfc062723c751e8b465ee728b)  -> (artifact id: 'c87bc56705b64d5ee38ddb6db9fb26dc') in 0.050221 seconds
Number of updated asset objects reloaded before import = 0
Number of asset objects unloaded after import = 3
========================================================================
Received Import Request.
  Time since last request: 4.338426 seconds.
  path: Assets/Base/00_BaseCode/Texture2D/OldAsset/aura 1.png
  artifactKey: Guid(218b03ed0946a0640855f1e4fad843fd) Importer(815301076,1909f56bfc062723c751e8b465ee728b)
Start importing Assets/Base/00_BaseCode/Texture2D/OldAsset/aura 1.png using Guid(218b03ed0946a0640855f1e4fad843fd) Importer(815301076,1909f56bfc062723c751e8b465ee728b)  -> (artifact id: 'b9e9d40ebe2d47a8961e26e91b443720') in 0.018917 seconds
Number of updated asset objects reloaded before import = 0
Number of asset objects unloaded after import = 3
========================================================================
Received Import Request.
  Time since last request: 0.000022 seconds.
  path: Assets/Base/00_BaseCode/Texture2D/OldAsset/Group 5.png
  artifactKey: Guid(a26ac9e74cefdc348bd112605b4abbce) Importer(815301076,1909f56bfc062723c751e8b465ee728b)
Start importing Assets/Base/00_BaseCode/Texture2D/OldAsset/Group 5.png using Guid(a26ac9e74cefdc348bd112605b4abbce) Importer(815301076,1909f56bfc062723c751e8b465ee728b)  -> (artifact id: '447c9f14faeefcec1435c203d2ae5eae') in 0.018828 seconds
Number of updated asset objects reloaded before import = 0
Number of asset objects unloaded after import = 3
========================================================================
Received Import Request.
  Time since last request: 0.000027 seconds.
  path: Assets/Base/00_BaseCode/Texture2D/OldAsset/Group 4 copy 4.png
  artifactKey: Guid(84bbbffdc0c246949ac2153181bc6d85) Importer(815301076,1909f56bfc062723c751e8b465ee728b)
Start importing Assets/Base/00_BaseCode/Texture2D/OldAsset/Group 4 copy 4.png using Guid(84bbbffdc0c246949ac2153181bc6d85) Importer(815301076,1909f56bfc062723c751e8b465ee728b)  -> (artifact id: 'e6496b1e1d87b6a07123215bb747b67f') in 0.027609 seconds
Number of updated asset objects reloaded before import = 0
Number of asset objects unloaded after import = 3
========================================================================
Received Import Request.
  Time since last request: 0.000034 seconds.
  path: Assets/Base/00_BaseCode/Texture2D/OldAsset/Group 627.png
  artifactKey: Guid(723b00d7dc54d274ebc85fda77477382) Importer(815301076,1909f56bfc062723c751e8b465ee728b)
Start importing Assets/Base/00_BaseCode/Texture2D/OldAsset/Group 627.png using Guid(723b00d7dc54d274ebc85fda77477382) Importer(815301076,1909f56bfc062723c751e8b465ee728b)  -> (artifact id: 'fad59a651f177facceb56d98b4190581') in 0.030174 seconds
Number of updated asset objects reloaded before import = 0
Number of asset objects unloaded after import = 3
========================================================================
Received Import Request.
  Time since last request: 0.000025 seconds.
  path: Assets/Base/00_BaseCode/Texture2D/OldAsset/Group 626.png
  artifactKey: Guid(4ec25b8c2a3406a44a7ce00f79c0ae65) Importer(815301076,1909f56bfc062723c751e8b465ee728b)
Start importing Assets/Base/00_BaseCode/Texture2D/OldAsset/Group 626.png using Guid(4ec25b8c2a3406a44a7ce00f79c0ae65) Importer(815301076,1909f56bfc062723c751e8b465ee728b)  -> (artifact id: '49e23399f3f17d382d7a2ea6b8bcd761') in 0.041162 seconds
Number of updated asset objects reloaded before import = 0
Number of asset objects unloaded after import = 3
========================================================================
Received Import Request.
  Time since last request: 0.000069 seconds.
  path: Assets/Base/00_BaseCode/Texture2D/OldAsset/Group 4 (1).png
  artifactKey: Guid(6a854134b9d3c174b861940bb41a1420) Importer(815301076,1909f56bfc062723c751e8b465ee728b)
Start importing Assets/Base/00_BaseCode/Texture2D/OldAsset/Group 4 (1).png using Guid(6a854134b9d3c174b861940bb41a1420) Importer(815301076,1909f56bfc062723c751e8b465ee728b)  -> (artifact id: '7052678ece86ad1599fe5499aaee6592') in 0.028566 seconds
Number of updated asset objects reloaded before import = 0
Number of asset objects unloaded after import = 3
========================================================================
Received Import Request.
  Time since last request: 0.000029 seconds.
  path: Assets/Base/00_BaseCode/Texture2D/OldAsset/Group 94.png
  artifactKey: Guid(874bc420a1060d746b882f3db51b622c) Importer(815301076,1909f56bfc062723c751e8b465ee728b)
Start importing Assets/Base/00_BaseCode/Texture2D/OldAsset/Group 94.png using Guid(874bc420a1060d746b882f3db51b622c) Importer(815301076,1909f56bfc062723c751e8b465ee728b)  -> (artifact id: 'bfed81dc27061d78387aeb96fb50eac8') in 0.034760 seconds
Number of updated asset objects reloaded before import = 0
Number of asset objects unloaded after import = 3
========================================================================
Received Import Request.
  Time since last request: 0.000051 seconds.
  path: Assets/Base/00_BaseCode/Texture2D/OldAsset/Group 12 copy.png
  artifactKey: Guid(db74132ab2052cb4a8f29c7a21d2ec53) Importer(815301076,1909f56bfc062723c751e8b465ee728b)
Start importing Assets/Base/00_BaseCode/Texture2D/OldAsset/Group 12 copy.png using Guid(db74132ab2052cb4a8f29c7a21d2ec53) Importer(815301076,1909f56bfc062723c751e8b465ee728b)  -> (artifact id: 'cd4d71e3d032222de896897092dc8047') in 0.049509 seconds
Number of updated asset objects reloaded before import = 0
Number of asset objects unloaded after import = 3
========================================================================
Received Import Request.
  Time since last request: 2.843068 seconds.
  path: Assets/Base/00_BaseCode/Texture2D/OldAsset/qua.png
  artifactKey: Guid(d203c0f318ae5d14997e516e2159d314) Importer(815301076,1909f56bfc062723c751e8b465ee728b)
Start importing Assets/Base/00_BaseCode/Texture2D/OldAsset/qua.png using Guid(d203c0f318ae5d14997e516e2159d314) Importer(815301076,1909f56bfc062723c751e8b465ee728b)  -> (artifact id: 'f078d729421297723f0d7fa752e825ce') in 0.019153 seconds
Number of updated asset objects reloaded before import = 0
Number of asset objects unloaded after import = 3
========================================================================
Received Import Request.
  Time since last request: 0.000018 seconds.
  path: Assets/Base/00_BaseCode/Texture2D/OldAsset/sound_off.png
  artifactKey: Guid(71af744b19ab0f649874f1944df36672) Importer(815301076,1909f56bfc062723c751e8b465ee728b)
Start importing Assets/Base/00_BaseCode/Texture2D/OldAsset/sound_off.png using Guid(71af744b19ab0f649874f1944df36672) Importer(815301076,1909f56bfc062723c751e8b465ee728b)  -> (artifact id: 'c379d168f90866c4b9d98486b035ac79') in 0.048379 seconds
Number of updated asset objects reloaded before import = 0
Number of asset objects unloaded after import = 3
========================================================================
Received Import Request.
  Time since last request: 0.001160 seconds.
  path: Assets/Base/00_BaseCode/Texture2D/OldAsset/sound_on.png
  artifactKey: Guid(74a978ddb8b501d49aa3903cb6f38772) Importer(815301076,1909f56bfc062723c751e8b465ee728b)
Start importing Assets/Base/00_BaseCode/Texture2D/OldAsset/sound_on.png using Guid(74a978ddb8b501d49aa3903cb6f38772) Importer(815301076,1909f56bfc062723c751e8b465ee728b)  -> (artifact id: '071dac62b55540236dc23978575c6f42') in 0.042727 seconds
Number of updated asset objects reloaded before import = 0
Number of asset objects unloaded after import = 3
========================================================================
Received Import Request.
  Time since last request: 0.189925 seconds.
  path: Assets/Base/00_BaseCode/Texture2D/OldAsset/vib_off.png
  artifactKey: Guid(e251b861850b44f4a8e3130df894f5c6) Importer(815301076,1909f56bfc062723c751e8b465ee728b)
Start importing Assets/Base/00_BaseCode/Texture2D/OldAsset/vib_off.png using Guid(e251b861850b44f4a8e3130df894f5c6) Importer(815301076,1909f56bfc062723c751e8b465ee728b)  -> (artifact id: '8615645c278886ea7680552236ae7ef0') in 0.029324 seconds
Number of updated asset objects reloaded before import = 0
Number of asset objects unloaded after import = 3
========================================================================
Received Import Request.
  Time since last request: 0.000015 seconds.
  path: Assets/Base/00_BaseCode/Texture2D/OldAsset/video.png
  artifactKey: Guid(d562f8640d86ae44488f49893aea9189) Importer(815301076,1909f56bfc062723c751e8b465ee728b)
Start importing Assets/Base/00_BaseCode/Texture2D/OldAsset/video.png using Guid(d562f8640d86ae44488f49893aea9189) Importer(815301076,1909f56bfc062723c751e8b465ee728b)  -> (artifact id: '316f0dad53dcec674241c7dbe049873a') in 0.032632 seconds
Number of updated asset objects reloaded before import = 0
Number of asset objects unloaded after import = 3
========================================================================
Received Import Request.
  Time since last request: 302.949373 seconds.
  path: Assets/TextMesh Pro/Resources/Fonts & Materials/LiberationSans SDF.asset
  artifactKey: Guid(8f586378b4e144a9851e7b34d9b748ee) Importer(815301076,1909f56bfc062723c751e8b465ee728b)
Start importing Assets/TextMesh Pro/Resources/Fonts & Materials/LiberationSans SDF.asset using Guid(8f586378b4e144a9851e7b34d9b748ee) Importer(815301076,1909f56bfc062723c751e8b465ee728b)  -> (artifact id: 'fb055b6ca1bed878a5bfa8f73d86231c') in 0.108957 seconds
Number of updated asset objects reloaded before import = 0
Number of asset objects unloaded after import = 9
========================================================================
Received Import Request.
  Time since last request: 0.000023 seconds.
  path: Assets/TextMesh Pro/Resources/Fonts & Materials/LiberationSans SDF - Fallback.asset
  artifactKey: Guid(2e498d1c8094910479dc3e1b768306a4) Importer(815301076,1909f56bfc062723c751e8b465ee728b)
Start importing Assets/TextMesh Pro/Resources/Fonts & Materials/LiberationSans SDF - Fallback.asset using Guid(2e498d1c8094910479dc3e1b768306a4) Importer(815301076,1909f56bfc062723c751e8b465ee728b)  -> (artifact id: '0da555759b13c497f5f22b7b30178f2b') in 0.041131 seconds
Number of updated asset objects reloaded before import = 0
Number of asset objects unloaded after import = 6
========================================================================
Received Prepare
Begin MonoManager ReloadAssembly
Symbol file LoadedFromMemory is not a mono symbol file
- Loaded All Assemblies, in  0.724 seconds
Refreshing native plugins compatible for Editor in 11.35 ms, found 10 plugins.
Native extension for WindowsStandalone target not found
Native extension for iOS target not found
Native extension for Android target not found
[Package Manager] Server::EnsureServerProcessIsRunning -- launch failed, reason: Unity was launched with the -noUpm command-line argument
[Package Manager] UpmClient::Send -- Unable to send message (not connected to UPM process).
[Package Manager] Cannot connect to Unity Package Manager local server
Debug [AppLovin MAX] Deleting obsolete network AdColony from path Assets\MaxSdk/Mediation/AdColony...
UnityEngine.StackTraceUtility:ExtractStackTrace ()
UnityEngine.DebugLogHandler:LogFormat (UnityEngine.LogType,UnityEngine.Object,string,object[])
UnityEngine.Logger:Log (UnityEngine.LogType,object)
UnityEngine.Debug:Log (object)
MaxSdkLogger:UserDebug (string) (at Assets/MaxSdk/Scripts/MaxSdkLogger.cs:13)
AppLovinMax.Scripts.IntegrationManager.Editor.AppLovinInitialize:.cctor () (at Assets/MaxSdk/Scripts/IntegrationManager/Editor/AppLovinInitialize.cs:118)
System.Runtime.CompilerServices.RuntimeHelpers:RunClassConstructor (System.RuntimeTypeHandle)
UnityEditor.EditorAssemblies:ProcessInitializeOnLoadAttributes (System.Type[])

(Filename: Assets/MaxSdk/Scripts/MaxSdkLogger.cs Line: 13)

Debug [AppLovin MAX] AppLovin MAX Migration completed
UnityEngine.StackTraceUtility:ExtractStackTrace ()
UnityEngine.DebugLogHandler:LogFormat (UnityEngine.LogType,UnityEngine.Object,string,object[])
UnityEngine.Logger:Log (UnityEngine.LogType,object)
UnityEngine.Debug:Log (object)
MaxSdkLogger:UserDebug (string) (at Assets/MaxSdk/Scripts/MaxSdkLogger.cs:13)
AppLovinMax.Scripts.IntegrationManager.Editor.AppLovinInitialize:.cctor () (at Assets/MaxSdk/Scripts/IntegrationManager/Editor/AppLovinInitialize.cs:128)
System.Runtime.CompilerServices.RuntimeHelpers:RunClassConstructor (System.RuntimeTypeHandle)
UnityEditor.EditorAssemblies:ProcessInitializeOnLoadAttributes (System.Type[])

(Filename: Assets/MaxSdk/Scripts/MaxSdkLogger.cs Line: 13)

Unable to write to 'ProjectSettings\GvhProjectSettings.xml' (System.IO.IOException: Sharing violation on path D:\UnityProject\BonceMonney\ProjectSettings\GvhProjectSettings.xml
  at System.IO.FileStream..ctor (System.String path, System.IO.FileMode mode, System.IO.FileAccess access, System.IO.FileShare share, System.Int32 bufferSize, System.Boolean anonymous, System.IO.FileOptions options) [0x0019e] in <dc753a1061284f8e971ee88ee4826eee>:0 
  at System.IO.FileStream..ctor (System.String path, System.IO.FileMode mode, System.IO.FileAccess access, System.IO.FileShare share, System.Int32 bufferSize, System.IO.FileOptions options) [0x00000] in <dc753a1061284f8e971ee88ee4826eee>:0 
  at System.IO.FileStream..ctor (System.String path, System.IO.FileMode mode, System.IO.FileAccess access, System.IO.FileShare share, System.Int32 bufferSize, System.Boolean useAsync) [0x00000] in <dc753a1061284f8e971ee88ee4826eee>:0 
  at (wrapper remoting-invoke-with-check) System.IO.FileStream..ctor(string,System.IO.FileMode,System.IO.FileAccess,System.IO.FileShare,int,bool)
  at System.Xml.XmlWriterSettings.CreateWriter (System.String outputFileName) [0x00051] in <ae5badc4ec594809bfbe24220ad62e9b>:0 
  at System.Xml.XmlWriter.Create (System.String outputFileName, System.Xml.XmlWriterSettings settings) [0x0000a] in <ae5badc4ec594809bfbe24220ad62e9b>:0 
  at Google.ProjectSettings.Save () [0x00079] in /Users/amaurice/Documents/GitHub/unity-jar-resolver/source/VersionHandlerImpl/src/ProjectSettings.cs:821 , Project settings were not saved!
UnityEngine.StackTraceUtility:ExtractStackTrace ()
UnityEngine.DebugLogHandler:LogFormat (UnityEngine.LogType,UnityEngine.Object,string,object[])
UnityEngine.Logger:Log (UnityEngine.LogType,object)
UnityEngine.Debug:LogError (object)
Google.Logger:Log (string,Google.LogLevel) (at /Users/amaurice/Documents/GitHub/unity-jar-resolver/source/VersionHandlerImpl/src/Logger.cs:136)
Google.ProjectSettings:Save () (at /Users/amaurice/Documents/GitHub/unity-jar-resolver/source/VersionHandlerImpl/src/ProjectSettings.cs:844)
Google.ProjectSettings:SetBool (string,bool,Google.SettingsLocation) (at /Users/amaurice/Documents/GitHub/unity-jar-resolver/source/VersionHandlerImpl/src/ProjectSettings.cs:485)
Google.ProjectSettings:SetBool (string,bool) (at /Users/amaurice/Documents/GitHub/unity-jar-resolver/source/VersionHandlerImpl/src/ProjectSettings.cs:497)
Google.IOSResolver:set_VerboseLoggingEnabled (bool) (at /Users/amaurice/Documents/GitHub/unity-jar-resolver/source/IOSResolver/src/IOSResolver.cs:1041)
Google.IOSResolver:.cctor () (at /Users/amaurice/Documents/GitHub/unity-jar-resolver/source/IOSResolver/src/IOSResolver.cs:727)
System.Runtime.CompilerServices.RuntimeHelpers:RunClassConstructor (System.RuntimeTypeHandle)
UnityEditor.EditorAssemblies:ProcessInitializeOnLoadAttributes (System.Type[])

(Filename: /Users/amaurice/Documents/GitHub/unity-jar-resolver/source/VersionHandlerImpl/src/ProjectSettings.cs Line: 844)

Mono: successfully reloaded assembly
- Finished resetting the current domain, in 28.218 seconds
Domain Reload Profiling: 28940ms
	BeginReloadAssembly (176ms)
		ExecutionOrderSort (0ms)
		DisableScriptedObjects (9ms)
		BackupInstance (0ms)
		ReleaseScriptingObjects (0ms)
		CreateAndSetChildDomain (62ms)
	RebuildCommonClasses (25ms)
	RebuildNativeTypeToScriptingClass (9ms)
	initialDomainReloadingComplete (32ms)
	LoadAllAssembliesAndSetupDomain (479ms)
		LoadAssemblies (490ms)
		RebuildTransferFunctionScriptingTraits (0ms)
		AnalyzeDomain (68ms)
			TypeCache.Refresh (33ms)
				TypeCache.ScanAssembly (14ms)
			ScanForSourceGeneratedMonoScriptInfo (21ms)
			ResolveRequiredComponents (12ms)
	FinalizeReload (28219ms)
		ReleaseScriptCaches (0ms)
		RebuildScriptCaches (0ms)
		SetupLoadedEditorAssemblies (1531ms)
			LogAssemblyErrors (0ms)
			InitializePlatformSupportModulesInManaged (37ms)
			SetLoadedEditorAssemblies (3ms)
			RefreshPlugins (0ms)
			BeforeProcessingInitializeOnLoad (82ms)
			ProcessInitializeOnLoadAttributes (767ms)
			ProcessInitializeOnLoadMethodAttributes (634ms)
			AfterProcessingInitializeOnLoad (6ms)
			EditorAssembliesLoaded (1ms)
		ExecutionOrderSort2 (0ms)
		AwakeInstancesAfterBackupRestoration (17ms)
OnLevelWasLoaded was found on Reporter
This message has been deprecated and will be removed in a later version of Unity.
Add a delegate to SceneManager.sceneLoaded instead to get notifications after scene loading has completed
OnLevelWasLoaded was found on BoxController
This message has been deprecated and will be removed in a later version of Unity.
Add a delegate to SceneManager.sceneLoaded instead to get notifications after scene loading has completed
OnLevelWasLoaded was found on AdmobAds
This message has been deprecated and will be removed in a later version of Unity.
Add a delegate to SceneManager.sceneLoaded instead to get notifications after scene loading has completed
Refreshing native plugins compatible for Editor in 12.78 ms, found 10 plugins.
Preloading 0 native plugins for Editor in 0.00 ms.
Unloading 7064 Unused Serialized files (Serialized files now loaded: 0)
Unloading 338 unused Assets / (1.9 MB). Loaded Objects now: 7810.
Memory consumption went from 255.4 MB to 253.5 MB.
Total: 26.228000 ms (FindLiveObjects: 0.788900 ms CreateObjectMapping: 0.467100 ms MarkObjects: 22.181500 ms  DeleteObjects: 2.785300 ms)

Prepare: number of updated asset objects reloaded= 0
AssetImportParameters requested are different than current active one (requested -> active):
  custom:container-demuxer-ogg: 62fdf1f143b41e24485cea50d1cbac27 -> 
  custom:framework-win-MediaFoundation: 216162199b28c13a410421893ffa2e32 -> 
  custom:container-muxer-webm: aa71ff27fc2769a1b78a27578f13a17b -> 
  custom:video-decoder-webm-vp8: 9c59270c3fd7afecdb556c50c9e8de78 -> 
  custom:SearchIndexIgnoredProperties: e643bd26f0fe6173181afceb89e7c659 -> 
  custom:AudioImporter_EditorPlatform: d09bf68614088b80899f8185d706f6e7 -> 
  custom:audio-decoder-ogg-vorbis: bf7c407c2cedff20999df2af8eb42d56 -> 
  custom:audio-encoder-webm-vorbis: bf7c407c2cedff20999df2af8eb42d56 -> 
  custom:video-decoder-ogg-theora: a1e56fd34408186e4bbccfd4996cb3dc -> 
  custom:CustomObjectIndexerAttribute: 62b5816608c3102f162a1797e29626cf -> 
  custom:container-demuxer-webm: 4f35f7cbe854078d1ac9338744f61a02 -> 
  custom:video-encoder-webm-vp8: eb34c28f22e8b96e1ab97ce403110664 -> 
========================================================================
Received Prepare
Begin MonoManager ReloadAssembly
Symbol file LoadedFromMemory is not a mono symbol file
- Loaded All Assemblies, in  0.794 seconds
Refreshing native plugins compatible for Editor in 26.35 ms, found 10 plugins.
Native extension for WindowsStandalone target not found
Native extension for iOS target not found
Native extension for Android target not found
[Package Manager] Server::EnsureServerProcessIsRunning -- launch failed, reason: Unity was launched with the -noUpm command-line argument
[Package Manager] UpmClient::Send -- Unable to send message (not connected to UPM process).
[Package Manager] Cannot connect to Unity Package Manager local server
Unable to write to 'ProjectSettings\GvhProjectSettings.xml' (System.IO.IOException: Sharing violation on path D:\UnityProject\BonceMonney\ProjectSettings\GvhProjectSettings.xml
  at System.IO.FileStream..ctor (System.String path, System.IO.FileMode mode, System.IO.FileAccess access, System.IO.FileShare share, System.Int32 bufferSize, System.Boolean anonymous, System.IO.FileOptions options) [0x0019e] in <dc753a1061284f8e971ee88ee4826eee>:0 
  at System.IO.FileStream..ctor (System.String path, System.IO.FileMode mode, System.IO.FileAccess access, System.IO.FileShare share, System.Int32 bufferSize, System.IO.FileOptions options) [0x00000] in <dc753a1061284f8e971ee88ee4826eee>:0 
  at System.IO.FileStream..ctor (System.String path, System.IO.FileMode mode, System.IO.FileAccess access, System.IO.FileShare share, System.Int32 bufferSize, System.Boolean useAsync) [0x00000] in <dc753a1061284f8e971ee88ee4826eee>:0 
  at (wrapper remoting-invoke-with-check) System.IO.FileStream..ctor(string,System.IO.FileMode,System.IO.FileAccess,System.IO.FileShare,int,bool)
  at System.Xml.XmlWriterSettings.CreateWriter (System.String outputFileName) [0x00051] in <ae5badc4ec594809bfbe24220ad62e9b>:0 
  at System.Xml.XmlWriter.Create (System.String outputFileName, System.Xml.XmlWriterSettings settings) [0x0000a] in <ae5badc4ec594809bfbe24220ad62e9b>:0 
  at Google.ProjectSettings.Save () [0x00079] in /Users/amaurice/Documents/GitHub/unity-jar-resolver/source/VersionHandlerImpl/src/ProjectSettings.cs:821 , Project settings were not saved!
UnityEngine.StackTraceUtility:ExtractStackTrace ()
UnityEngine.DebugLogHandler:LogFormat (UnityEngine.LogType,UnityEngine.Object,string,object[])
UnityEngine.Logger:Log (UnityEngine.LogType,object)
UnityEngine.Debug:LogError (object)
Google.Logger:Log (string,Google.LogLevel) (at /Users/amaurice/Documents/GitHub/unity-jar-resolver/source/VersionHandlerImpl/src/Logger.cs:136)
Google.ProjectSettings:Save () (at /Users/amaurice/Documents/GitHub/unity-jar-resolver/source/VersionHandlerImpl/src/ProjectSettings.cs:844)
Google.ProjectSettings:SetBool (string,bool,Google.SettingsLocation) (at /Users/amaurice/Documents/GitHub/unity-jar-resolver/source/VersionHandlerImpl/src/ProjectSettings.cs:485)
Google.ProjectSettings:SetBool (string,bool) (at /Users/amaurice/Documents/GitHub/unity-jar-resolver/source/VersionHandlerImpl/src/ProjectSettings.cs:497)
Google.IOSResolver:set_VerboseLoggingEnabled (bool) (at /Users/amaurice/Documents/GitHub/unity-jar-resolver/source/IOSResolver/src/IOSResolver.cs:1041)
Google.IOSResolver:.cctor () (at /Users/amaurice/Documents/GitHub/unity-jar-resolver/source/IOSResolver/src/IOSResolver.cs:727)
System.Runtime.CompilerServices.RuntimeHelpers:RunClassConstructor (System.RuntimeTypeHandle)
UnityEditor.EditorAssemblies:ProcessInitializeOnLoadAttributes (System.Type[])

(Filename: /Users/amaurice/Documents/GitHub/unity-jar-resolver/source/VersionHandlerImpl/src/ProjectSettings.cs Line: 844)

Mono: successfully reloaded assembly
- Finished resetting the current domain, in  3.019 seconds
Domain Reload Profiling: 3812ms
	BeginReloadAssembly (192ms)
		ExecutionOrderSort (0ms)
		DisableScriptedObjects (9ms)
		BackupInstance (0ms)
		ReleaseScriptingObjects (0ms)
		CreateAndSetChildDomain (66ms)
	RebuildCommonClasses (28ms)
	RebuildNativeTypeToScriptingClass (9ms)
	initialDomainReloadingComplete (30ms)
	LoadAllAssembliesAndSetupDomain (534ms)
		LoadAssemblies (507ms)
		RebuildTransferFunctionScriptingTraits (0ms)
		AnalyzeDomain (107ms)
			TypeCache.Refresh (46ms)
				TypeCache.ScanAssembly (17ms)
			ScanForSourceGeneratedMonoScriptInfo (37ms)
			ResolveRequiredComponents (21ms)
	FinalizeReload (3019ms)
		ReleaseScriptCaches (0ms)
		RebuildScriptCaches (0ms)
		SetupLoadedEditorAssemblies (1272ms)
			LogAssemblyErrors (0ms)
			InitializePlatformSupportModulesInManaged (33ms)
			SetLoadedEditorAssemblies (5ms)
			RefreshPlugins (0ms)
			BeforeProcessingInitializeOnLoad (74ms)
			ProcessInitializeOnLoadAttributes (671ms)
			ProcessInitializeOnLoadMethodAttributes (485ms)
			AfterProcessingInitializeOnLoad (4ms)
			EditorAssembliesLoaded (0ms)
		ExecutionOrderSort2 (0ms)
		AwakeInstancesAfterBackupRestoration (12ms)
OnLevelWasLoaded was found on Reporter
This message has been deprecated and will be removed in a later version of Unity.
Add a delegate to SceneManager.sceneLoaded instead to get notifications after scene loading has completed
OnLevelWasLoaded was found on BoxController
This message has been deprecated and will be removed in a later version of Unity.
Add a delegate to SceneManager.sceneLoaded instead to get notifications after scene loading has completed
OnLevelWasLoaded was found on AdmobAds
This message has been deprecated and will be removed in a later version of Unity.
Add a delegate to SceneManager.sceneLoaded instead to get notifications after scene loading has completed
Refreshing native plugins compatible for Editor in 15.66 ms, found 10 plugins.
Preloading 0 native plugins for Editor in 0.00 ms.
Unloading 7064 Unused Serialized files (Serialized files now loaded: 0)
Unloading 337 unused Assets / (2.0 MB). Loaded Objects now: 7846.
Memory consumption went from 257.5 MB to 255.5 MB.
Total: 24.790100 ms (FindLiveObjects: 1.444300 ms CreateObjectMapping: 0.354300 ms MarkObjects: 20.487000 ms  DeleteObjects: 2.500900 ms)

Prepare: number of updated asset objects reloaded= 0
AssetImportParameters requested are different than current active one (requested -> active):
  custom:container-demuxer-ogg: 62fdf1f143b41e24485cea50d1cbac27 -> 
  custom:framework-win-MediaFoundation: 216162199b28c13a410421893ffa2e32 -> 
  custom:container-muxer-webm: aa71ff27fc2769a1b78a27578f13a17b -> 
  custom:video-decoder-webm-vp8: 9c59270c3fd7afecdb556c50c9e8de78 -> 
  custom:SearchIndexIgnoredProperties: e643bd26f0fe6173181afceb89e7c659 -> 
  custom:AudioImporter_EditorPlatform: d09bf68614088b80899f8185d706f6e7 -> 
  custom:audio-decoder-ogg-vorbis: bf7c407c2cedff20999df2af8eb42d56 -> 
  custom:audio-encoder-webm-vorbis: bf7c407c2cedff20999df2af8eb42d56 -> 
  custom:video-decoder-ogg-theora: a1e56fd34408186e4bbccfd4996cb3dc -> 
  custom:CustomObjectIndexerAttribute: 62b5816608c3102f162a1797e29626cf -> 
  custom:container-demuxer-webm: 4f35f7cbe854078d1ac9338744f61a02 -> 
  custom:video-encoder-webm-vp8: eb34c28f22e8b96e1ab97ce403110664 -> 
========================================================================
Received Prepare
Begin MonoManager ReloadAssembly
Symbol file LoadedFromMemory is not a mono symbol file
- Loaded All Assemblies, in  0.624 seconds
Refreshing native plugins compatible for Editor in 13.78 ms, found 10 plugins.
Native extension for WindowsStandalone target not found
Native extension for iOS target not found
Native extension for Android target not found
[Package Manager] Server::EnsureServerProcessIsRunning -- launch failed, reason: Unity was launched with the -noUpm command-line argument
[Package Manager] UpmClient::Send -- Unable to send message (not connected to UPM process).
[Package Manager] Cannot connect to Unity Package Manager local server
Mono: successfully reloaded assembly
- Finished resetting the current domain, in  1.428 seconds
Domain Reload Profiling: 2046ms
	BeginReloadAssembly (166ms)
		ExecutionOrderSort (0ms)
		DisableScriptedObjects (12ms)
		BackupInstance (0ms)
		ReleaseScriptingObjects (0ms)
		CreateAndSetChildDomain (49ms)
	RebuildCommonClasses (35ms)
	RebuildNativeTypeToScriptingClass (12ms)
	initialDomainReloadingComplete (41ms)
	LoadAllAssembliesAndSetupDomain (364ms)
		LoadAssemblies (375ms)
		RebuildTransferFunctionScriptingTraits (0ms)
		AnalyzeDomain (69ms)
			TypeCache.Refresh (27ms)
				TypeCache.ScanAssembly (12ms)
			ScanForSourceGeneratedMonoScriptInfo (26ms)
			ResolveRequiredComponents (14ms)
	FinalizeReload (1428ms)
		ReleaseScriptCaches (0ms)
		RebuildScriptCaches (0ms)
		SetupLoadedEditorAssemblies (971ms)
			LogAssemblyErrors (0ms)
			InitializePlatformSupportModulesInManaged (26ms)
			SetLoadedEditorAssemblies (3ms)
			RefreshPlugins (0ms)
			BeforeProcessingInitializeOnLoad (63ms)
			ProcessInitializeOnLoadAttributes (565ms)
			ProcessInitializeOnLoadMethodAttributes (310ms)
			AfterProcessingInitializeOnLoad (4ms)
			EditorAssembliesLoaded (0ms)
		ExecutionOrderSort2 (0ms)
		AwakeInstancesAfterBackupRestoration (9ms)
OnLevelWasLoaded was found on Reporter
This message has been deprecated and will be removed in a later version of Unity.
Add a delegate to SceneManager.sceneLoaded instead to get notifications after scene loading has completed
OnLevelWasLoaded was found on BoxController
This message has been deprecated and will be removed in a later version of Unity.
Add a delegate to SceneManager.sceneLoaded instead to get notifications after scene loading has completed
OnLevelWasLoaded was found on AdmobAds
This message has been deprecated and will be removed in a later version of Unity.
Add a delegate to SceneManager.sceneLoaded instead to get notifications after scene loading has completed
Refreshing native plugins compatible for Editor in 9.79 ms, found 10 plugins.
Preloading 0 native plugins for Editor in 0.00 ms.
Unloading 7064 Unused Serialized files (Serialized files now loaded: 0)
Unloading 337 unused Assets / (1.9 MB). Loaded Objects now: 7882.
Memory consumption went from 259.5 MB to 257.5 MB.
Total: 16.281800 ms (FindLiveObjects: 0.397700 ms CreateObjectMapping: 0.208900 ms MarkObjects: 14.469400 ms  DeleteObjects: 1.204300 ms)

Prepare: number of updated asset objects reloaded= 0
AssetImportParameters requested are different than current active one (requested -> active):
  custom:container-demuxer-ogg: 62fdf1f143b41e24485cea50d1cbac27 -> 
  custom:framework-win-MediaFoundation: 216162199b28c13a410421893ffa2e32 -> 
  custom:container-muxer-webm: aa71ff27fc2769a1b78a27578f13a17b -> 
  custom:video-decoder-webm-vp8: 9c59270c3fd7afecdb556c50c9e8de78 -> 
  custom:SearchIndexIgnoredProperties: e643bd26f0fe6173181afceb89e7c659 -> 
  custom:AudioImporter_EditorPlatform: d09bf68614088b80899f8185d706f6e7 -> 
  custom:audio-decoder-ogg-vorbis: bf7c407c2cedff20999df2af8eb42d56 -> 
  custom:audio-encoder-webm-vorbis: bf7c407c2cedff20999df2af8eb42d56 -> 
  custom:video-decoder-ogg-theora: a1e56fd34408186e4bbccfd4996cb3dc -> 
  custom:CustomObjectIndexerAttribute: 62b5816608c3102f162a1797e29626cf -> 
  custom:container-demuxer-webm: 4f35f7cbe854078d1ac9338744f61a02 -> 
  custom:video-encoder-webm-vp8: eb34c28f22e8b96e1ab97ce403110664 -> 
========================================================================
Received Prepare
Begin MonoManager ReloadAssembly
Symbol file LoadedFromMemory is not a mono symbol file
- Loaded All Assemblies, in  0.684 seconds
Refreshing native plugins compatible for Editor in 11.14 ms, found 10 plugins.
Native extension for WindowsStandalone target not found
Native extension for iOS target not found
Native extension for Android target not found
[Package Manager] Server::EnsureServerProcessIsRunning -- launch failed, reason: Unity was launched with the -noUpm command-line argument
[Package Manager] UpmClient::Send -- Unable to send message (not connected to UPM process).
[Package Manager] Cannot connect to Unity Package Manager local server
Unable to write to 'ProjectSettings\GvhProjectSettings.xml' (System.IO.IOException: Sharing violation on path D:\UnityProject\BonceMonney\ProjectSettings\GvhProjectSettings.xml
  at System.IO.FileStream..ctor (System.String path, System.IO.FileMode mode, System.IO.FileAccess access, System.IO.FileShare share, System.Int32 bufferSize, System.Boolean anonymous, System.IO.FileOptions options) [0x0019e] in <dc753a1061284f8e971ee88ee4826eee>:0 
  at System.IO.FileStream..ctor (System.String path, System.IO.FileMode mode, System.IO.FileAccess access, System.IO.FileShare share, System.Int32 bufferSize, System.IO.FileOptions options) [0x00000] in <dc753a1061284f8e971ee88ee4826eee>:0 
  at System.IO.FileStream..ctor (System.String path, System.IO.FileMode mode, System.IO.FileAccess access, System.IO.FileShare share, System.Int32 bufferSize, System.Boolean useAsync) [0x00000] in <dc753a1061284f8e971ee88ee4826eee>:0 
  at (wrapper remoting-invoke-with-check) System.IO.FileStream..ctor(string,System.IO.FileMode,System.IO.FileAccess,System.IO.FileShare,int,bool)
  at System.Xml.XmlWriterSettings.CreateWriter (System.String outputFileName) [0x00051] in <ae5badc4ec594809bfbe24220ad62e9b>:0 
  at System.Xml.XmlWriter.Create (System.String outputFileName, System.Xml.XmlWriterSettings settings) [0x0000a] in <ae5badc4ec594809bfbe24220ad62e9b>:0 
  at Google.ProjectSettings.Save () [0x00079] in /Users/amaurice/Documents/GitHub/unity-jar-resolver/source/VersionHandlerImpl/src/ProjectSettings.cs:821 , Project settings were not saved!
UnityEngine.StackTraceUtility:ExtractStackTrace ()
UnityEngine.DebugLogHandler:LogFormat (UnityEngine.LogType,UnityEngine.Object,string,object[])
UnityEngine.Logger:Log (UnityEngine.LogType,object)
UnityEngine.Debug:LogError (object)
Google.Logger:Log (string,Google.LogLevel) (at /Users/amaurice/Documents/GitHub/unity-jar-resolver/source/VersionHandlerImpl/src/Logger.cs:136)
Google.ProjectSettings:Save () (at /Users/amaurice/Documents/GitHub/unity-jar-resolver/source/VersionHandlerImpl/src/ProjectSettings.cs:844)
Google.ProjectSettings:SetBool (string,bool,Google.SettingsLocation) (at /Users/amaurice/Documents/GitHub/unity-jar-resolver/source/VersionHandlerImpl/src/ProjectSettings.cs:485)
Google.ProjectSettings:SetBool (string,bool) (at /Users/amaurice/Documents/GitHub/unity-jar-resolver/source/VersionHandlerImpl/src/ProjectSettings.cs:497)
Google.IOSResolver:set_VerboseLoggingEnabled (bool) (at /Users/amaurice/Documents/GitHub/unity-jar-resolver/source/IOSResolver/src/IOSResolver.cs:1041)
Google.IOSResolver:.cctor () (at /Users/amaurice/Documents/GitHub/unity-jar-resolver/source/IOSResolver/src/IOSResolver.cs:727)
System.Runtime.CompilerServices.RuntimeHelpers:RunClassConstructor (System.RuntimeTypeHandle)
UnityEditor.EditorAssemblies:ProcessInitializeOnLoadAttributes (System.Type[])

(Filename: /Users/amaurice/Documents/GitHub/unity-jar-resolver/source/VersionHandlerImpl/src/ProjectSettings.cs Line: 844)

Mono: successfully reloaded assembly
- Finished resetting the current domain, in  3.265 seconds
Domain Reload Profiling: 3947ms
	BeginReloadAssembly (166ms)
		ExecutionOrderSort (0ms)
		DisableScriptedObjects (9ms)
		BackupInstance (0ms)
		ReleaseScriptingObjects (0ms)
		CreateAndSetChildDomain (54ms)
	RebuildCommonClasses (29ms)
	RebuildNativeTypeToScriptingClass (9ms)
	initialDomainReloadingComplete (31ms)
	LoadAllAssembliesAndSetupDomain (447ms)
		LoadAssemblies (460ms)
		RebuildTransferFunctionScriptingTraits (0ms)
		AnalyzeDomain (65ms)
			TypeCache.Refresh (29ms)
				TypeCache.ScanAssembly (11ms)
			ScanForSourceGeneratedMonoScriptInfo (22ms)
			ResolveRequiredComponents (13ms)
	FinalizeReload (3266ms)
		ReleaseScriptCaches (0ms)
		RebuildScriptCaches (0ms)
		SetupLoadedEditorAssemblies (1721ms)
			LogAssemblyErrors (0ms)
			InitializePlatformSupportModulesInManaged (36ms)
			SetLoadedEditorAssemblies (6ms)
			RefreshPlugins (0ms)
			BeforeProcessingInitializeOnLoad (83ms)
			ProcessInitializeOnLoadAttributes (705ms)
			ProcessInitializeOnLoadMethodAttributes (886ms)
			AfterProcessingInitializeOnLoad (5ms)
			EditorAssembliesLoaded (1ms)
		ExecutionOrderSort2 (0ms)
		AwakeInstancesAfterBackupRestoration (20ms)
OnLevelWasLoaded was found on Reporter
This message has been deprecated and will be removed in a later version of Unity.
Add a delegate to SceneManager.sceneLoaded instead to get notifications after scene loading has completed
OnLevelWasLoaded was found on BoxController
This message has been deprecated and will be removed in a later version of Unity.
Add a delegate to SceneManager.sceneLoaded instead to get notifications after scene loading has completed
OnLevelWasLoaded was found on AdmobAds
This message has been deprecated and will be removed in a later version of Unity.
Add a delegate to SceneManager.sceneLoaded instead to get notifications after scene loading has completed
Refreshing native plugins compatible for Editor in 17.73 ms, found 10 plugins.
Preloading 0 native plugins for Editor in 0.00 ms.
Unloading 7064 Unused Serialized files (Serialized files now loaded: 0)
Unloading 336 unused Assets / (1.9 MB). Loaded Objects now: 7919.
Memory consumption went from 261.4 MB to 259.5 MB.
Total: 31.230200 ms (FindLiveObjects: 1.003200 ms CreateObjectMapping: 0.803000 ms MarkObjects: 25.828300 ms  DeleteObjects: 3.591000 ms)

Prepare: number of updated asset objects reloaded= 0
AssetImportParameters requested are different than current active one (requested -> active):
  custom:container-demuxer-ogg: 62fdf1f143b41e24485cea50d1cbac27 -> 
  custom:framework-win-MediaFoundation: 216162199b28c13a410421893ffa2e32 -> 
  custom:container-muxer-webm: aa71ff27fc2769a1b78a27578f13a17b -> 
  custom:video-decoder-webm-vp8: 9c59270c3fd7afecdb556c50c9e8de78 -> 
  custom:SearchIndexIgnoredProperties: e643bd26f0fe6173181afceb89e7c659 -> 
  custom:AudioImporter_EditorPlatform: d09bf68614088b80899f8185d706f6e7 -> 
  custom:audio-decoder-ogg-vorbis: bf7c407c2cedff20999df2af8eb42d56 -> 
  custom:audio-encoder-webm-vorbis: bf7c407c2cedff20999df2af8eb42d56 -> 
  custom:video-decoder-ogg-theora: a1e56fd34408186e4bbccfd4996cb3dc -> 
  custom:CustomObjectIndexerAttribute: 62b5816608c3102f162a1797e29626cf -> 
  custom:container-demuxer-webm: 4f35f7cbe854078d1ac9338744f61a02 -> 
  custom:video-encoder-webm-vp8: eb34c28f22e8b96e1ab97ce403110664 -> 
========================================================================
Received Import Request.
  Time since last request: 470.273907 seconds.
  path: Assets/GrassPuzzle_01/Script/InputController.cs
  artifactKey: Guid(52be01c202db8e746ae79e832fddc34a) Importer(815301076,1909f56bfc062723c751e8b465ee728b)
Start importing Assets/GrassPuzzle_01/Script/InputController.cs using Guid(52be01c202db8e746ae79e832fddc34a) Importer(815301076,1909f56bfc062723c751e8b465ee728b)  -> (artifact id: 'c049cd0e5320a990d885e965121b3bd2') in 0.004814 seconds
Number of updated asset objects reloaded before import = 0
Number of asset objects unloaded after import = 0
========================================================================
Received Prepare
Begin MonoManager ReloadAssembly
Symbol file LoadedFromMemory is not a mono symbol file
- Loaded All Assemblies, in  0.607 seconds
Refreshing native plugins compatible for Editor in 11.30 ms, found 10 plugins.
Native extension for WindowsStandalone target not found
Native extension for iOS target not found
Native extension for Android target not found
[Package Manager] Server::EnsureServerProcessIsRunning -- launch failed, reason: Unity was launched with the -noUpm command-line argument
[Package Manager] UpmClient::Send -- Unable to send message (not connected to UPM process).
[Package Manager] Cannot connect to Unity Package Manager local server
Debug [AppLovin MAX] Deleting obsolete network AdColony from path Assets\MaxSdk/Mediation/AdColony...
UnityEngine.StackTraceUtility:ExtractStackTrace ()
UnityEngine.DebugLogHandler:LogFormat (UnityEngine.LogType,UnityEngine.Object,string,object[])
UnityEngine.Logger:Log (UnityEngine.LogType,object)
UnityEngine.Debug:Log (object)
MaxSdkLogger:UserDebug (string) (at Assets/MaxSdk/Scripts/MaxSdkLogger.cs:13)
AppLovinMax.Scripts.IntegrationManager.Editor.AppLovinInitialize:.cctor () (at Assets/MaxSdk/Scripts/IntegrationManager/Editor/AppLovinInitialize.cs:118)
System.Runtime.CompilerServices.RuntimeHelpers:RunClassConstructor (System.RuntimeTypeHandle)
UnityEditor.EditorAssemblies:ProcessInitializeOnLoadAttributes (System.Type[])

(Filename: Assets/MaxSdk/Scripts/MaxSdkLogger.cs Line: 13)

Debug [AppLovin MAX] AppLovin MAX Migration completed
UnityEngine.StackTraceUtility:ExtractStackTrace ()
UnityEngine.DebugLogHandler:LogFormat (UnityEngine.LogType,UnityEngine.Object,string,object[])
UnityEngine.Logger:Log (UnityEngine.LogType,object)
UnityEngine.Debug:Log (object)
MaxSdkLogger:UserDebug (string) (at Assets/MaxSdk/Scripts/MaxSdkLogger.cs:13)
AppLovinMax.Scripts.IntegrationManager.Editor.AppLovinInitialize:.cctor () (at Assets/MaxSdk/Scripts/IntegrationManager/Editor/AppLovinInitialize.cs:128)
System.Runtime.CompilerServices.RuntimeHelpers:RunClassConstructor (System.RuntimeTypeHandle)
UnityEditor.EditorAssemblies:ProcessInitializeOnLoadAttributes (System.Type[])

(Filename: Assets/MaxSdk/Scripts/MaxSdkLogger.cs Line: 13)

Unable to write to 'ProjectSettings\GvhProjectSettings.xml' (System.IO.IOException: Sharing violation on path D:\UnityProject\BonceMonney\ProjectSettings\GvhProjectSettings.xml
  at System.IO.FileStream..ctor (System.String path, System.IO.FileMode mode, System.IO.FileAccess access, System.IO.FileShare share, System.Int32 bufferSize, System.Boolean anonymous, System.IO.FileOptions options) [0x0019e] in <dc753a1061284f8e971ee88ee4826eee>:0 
  at System.IO.FileStream..ctor (System.String path, System.IO.FileMode mode, System.IO.FileAccess access, System.IO.FileShare share, System.Int32 bufferSize, System.IO.FileOptions options) [0x00000] in <dc753a1061284f8e971ee88ee4826eee>:0 
  at System.IO.FileStream..ctor (System.String path, System.IO.FileMode mode, System.IO.FileAccess access, System.IO.FileShare share, System.Int32 bufferSize, System.Boolean useAsync) [0x00000] in <dc753a1061284f8e971ee88ee4826eee>:0 
  at (wrapper remoting-invoke-with-check) System.IO.FileStream..ctor(string,System.IO.FileMode,System.IO.FileAccess,System.IO.FileShare,int,bool)
  at System.Xml.XmlWriterSettings.CreateWriter (System.String outputFileName) [0x00051] in <ae5badc4ec594809bfbe24220ad62e9b>:0 
  at System.Xml.XmlWriter.Create (System.String outputFileName, System.Xml.XmlWriterSettings settings) [0x0000a] in <ae5badc4ec594809bfbe24220ad62e9b>:0 
  at Google.ProjectSettings.Save () [0x00079] in /Users/amaurice/Documents/GitHub/unity-jar-resolver/source/VersionHandlerImpl/src/ProjectSettings.cs:821 , Project settings were not saved!
UnityEngine.StackTraceUtility:ExtractStackTrace ()
UnityEngine.DebugLogHandler:LogFormat (UnityEngine.LogType,UnityEngine.Object,string,object[])
UnityEngine.Logger:Log (UnityEngine.LogType,object)
UnityEngine.Debug:LogError (object)
Google.Logger:Log (string,Google.LogLevel) (at /Users/amaurice/Documents/GitHub/unity-jar-resolver/source/VersionHandlerImpl/src/Logger.cs:136)
Google.ProjectSettings:Save () (at /Users/amaurice/Documents/GitHub/unity-jar-resolver/source/VersionHandlerImpl/src/ProjectSettings.cs:844)
Google.ProjectSettings:SetBool (string,bool,Google.SettingsLocation) (at /Users/amaurice/Documents/GitHub/unity-jar-resolver/source/VersionHandlerImpl/src/ProjectSettings.cs:485)
Google.ProjectSettings:SetBool (string,bool) (at /Users/amaurice/Documents/GitHub/unity-jar-resolver/source/VersionHandlerImpl/src/ProjectSettings.cs:497)
Google.IOSResolver:set_VerboseLoggingEnabled (bool) (at /Users/amaurice/Documents/GitHub/unity-jar-resolver/source/IOSResolver/src/IOSResolver.cs:1041)
Google.IOSResolver:.cctor () (at /Users/amaurice/Documents/GitHub/unity-jar-resolver/source/IOSResolver/src/IOSResolver.cs:727)
System.Runtime.CompilerServices.RuntimeHelpers:RunClassConstructor (System.RuntimeTypeHandle)
UnityEditor.EditorAssemblies:ProcessInitializeOnLoadAttributes (System.Type[])

(Filename: /Users/amaurice/Documents/GitHub/unity-jar-resolver/source/VersionHandlerImpl/src/ProjectSettings.cs Line: 844)

Mono: successfully reloaded assembly
- Finished resetting the current domain, in  1.269 seconds
Domain Reload Profiling: 1874ms
	BeginReloadAssembly (160ms)
		ExecutionOrderSort (0ms)
		DisableScriptedObjects (7ms)
		BackupInstance (0ms)
		ReleaseScriptingObjects (0ms)
		CreateAndSetChildDomain (48ms)
	RebuildCommonClasses (28ms)
	RebuildNativeTypeToScriptingClass (10ms)
	initialDomainReloadingComplete (32ms)
	LoadAllAssembliesAndSetupDomain (375ms)
		LoadAssemblies (393ms)
		RebuildTransferFunctionScriptingTraits (0ms)
		AnalyzeDomain (62ms)
			TypeCache.Refresh (27ms)
				TypeCache.ScanAssembly (11ms)
			ScanForSourceGeneratedMonoScriptInfo (22ms)
			ResolveRequiredComponents (12ms)
	FinalizeReload (1269ms)
		ReleaseScriptCaches (0ms)
		RebuildScriptCaches (0ms)
		SetupLoadedEditorAssemblies (889ms)
			LogAssemblyErrors (0ms)
			InitializePlatformSupportModulesInManaged (29ms)
			SetLoadedEditorAssemblies (4ms)
			RefreshPlugins (0ms)
			BeforeProcessingInitializeOnLoad (61ms)
			ProcessInitializeOnLoadAttributes (456ms)
			ProcessInitializeOnLoadMethodAttributes (336ms)
			AfterProcessingInitializeOnLoad (4ms)
			EditorAssembliesLoaded (0ms)
		ExecutionOrderSort2 (0ms)
		AwakeInstancesAfterBackupRestoration (8ms)
OnLevelWasLoaded was found on Reporter
This message has been deprecated and will be removed in a later version of Unity.
Add a delegate to SceneManager.sceneLoaded instead to get notifications after scene loading has completed
OnLevelWasLoaded was found on BoxController
This message has been deprecated and will be removed in a later version of Unity.
Add a delegate to SceneManager.sceneLoaded instead to get notifications after scene loading has completed
OnLevelWasLoaded was found on AdmobAds
This message has been deprecated and will be removed in a later version of Unity.
Add a delegate to SceneManager.sceneLoaded instead to get notifications after scene loading has completed
Refreshing native plugins compatible for Editor in 10.34 ms, found 10 plugins.
Preloading 0 native plugins for Editor in 0.00 ms.
Unloading 7065 Unused Serialized files (Serialized files now loaded: 0)
Unloading 337 unused Assets / (1.9 MB). Loaded Objects now: 7955.
Memory consumption went from 263.4 MB to 261.5 MB.
Total: 19.720500 ms (FindLiveObjects: 0.493000 ms CreateObjectMapping: 0.369200 ms MarkObjects: 17.069900 ms  DeleteObjects: 1.786900 ms)

Prepare: number of updated asset objects reloaded= 0
AssetImportParameters requested are different than current active one (requested -> active):
  custom:container-demuxer-ogg: 62fdf1f143b41e24485cea50d1cbac27 -> 
  custom:framework-win-MediaFoundation: 216162199b28c13a410421893ffa2e32 -> 
  custom:container-muxer-webm: aa71ff27fc2769a1b78a27578f13a17b -> 
  custom:video-decoder-webm-vp8: 9c59270c3fd7afecdb556c50c9e8de78 -> 
  custom:SearchIndexIgnoredProperties: e643bd26f0fe6173181afceb89e7c659 -> 
  custom:AudioImporter_EditorPlatform: d09bf68614088b80899f8185d706f6e7 -> 
  custom:audio-decoder-ogg-vorbis: bf7c407c2cedff20999df2af8eb42d56 -> 
  custom:audio-encoder-webm-vorbis: bf7c407c2cedff20999df2af8eb42d56 -> 
  custom:video-decoder-ogg-theora: a1e56fd34408186e4bbccfd4996cb3dc -> 
  custom:CustomObjectIndexerAttribute: 62b5816608c3102f162a1797e29626cf -> 
  custom:container-demuxer-webm: 4f35f7cbe854078d1ac9338744f61a02 -> 
  custom:video-encoder-webm-vp8: eb34c28f22e8b96e1ab97ce403110664 -> 
========================================================================
Received Prepare
Begin MonoManager ReloadAssembly
Symbol file LoadedFromMemory is not a mono symbol file
- Loaded All Assemblies, in  0.856 seconds
Refreshing native plugins compatible for Editor in 12.80 ms, found 10 plugins.
Native extension for WindowsStandalone target not found
Native extension for iOS target not found
Native extension for Android target not found
[Package Manager] Server::EnsureServerProcessIsRunning -- launch failed, reason: Unity was launched with the -noUpm command-line argument
[Package Manager] UpmClient::Send -- Unable to send message (not connected to UPM process).
[Package Manager] Cannot connect to Unity Package Manager local server
Debug [AppLovin MAX] Deleting obsolete network AdColony from path Assets\MaxSdk/Mediation/AdColony...
UnityEngine.StackTraceUtility:ExtractStackTrace ()
UnityEngine.DebugLogHandler:LogFormat (UnityEngine.LogType,UnityEngine.Object,string,object[])
UnityEngine.Logger:Log (UnityEngine.LogType,object)
UnityEngine.Debug:Log (object)
MaxSdkLogger:UserDebug (string) (at Assets/MaxSdk/Scripts/MaxSdkLogger.cs:13)
AppLovinMax.Scripts.IntegrationManager.Editor.AppLovinInitialize:.cctor () (at Assets/MaxSdk/Scripts/IntegrationManager/Editor/AppLovinInitialize.cs:118)
System.Runtime.CompilerServices.RuntimeHelpers:RunClassConstructor (System.RuntimeTypeHandle)
UnityEditor.EditorAssemblies:ProcessInitializeOnLoadAttributes (System.Type[])

(Filename: Assets/MaxSdk/Scripts/MaxSdkLogger.cs Line: 13)

Debug [AppLovin MAX] AppLovin MAX Migration completed
UnityEngine.StackTraceUtility:ExtractStackTrace ()
UnityEngine.DebugLogHandler:LogFormat (UnityEngine.LogType,UnityEngine.Object,string,object[])
UnityEngine.Logger:Log (UnityEngine.LogType,object)
UnityEngine.Debug:Log (object)
MaxSdkLogger:UserDebug (string) (at Assets/MaxSdk/Scripts/MaxSdkLogger.cs:13)
AppLovinMax.Scripts.IntegrationManager.Editor.AppLovinInitialize:.cctor () (at Assets/MaxSdk/Scripts/IntegrationManager/Editor/AppLovinInitialize.cs:128)
System.Runtime.CompilerServices.RuntimeHelpers:RunClassConstructor (System.RuntimeTypeHandle)
UnityEditor.EditorAssemblies:ProcessInitializeOnLoadAttributes (System.Type[])

(Filename: Assets/MaxSdk/Scripts/MaxSdkLogger.cs Line: 13)

Unable to write to 'ProjectSettings\GvhProjectSettings.xml' (System.IO.IOException: Sharing violation on path D:\UnityProject\BonceMonney\ProjectSettings\GvhProjectSettings.xml
  at System.IO.FileStream..ctor (System.String path, System.IO.FileMode mode, System.IO.FileAccess access, System.IO.FileShare share, System.Int32 bufferSize, System.Boolean anonymous, System.IO.FileOptions options) [0x0019e] in <dc753a1061284f8e971ee88ee4826eee>:0 
  at System.IO.FileStream..ctor (System.String path, System.IO.FileMode mode, System.IO.FileAccess access, System.IO.FileShare share, System.Int32 bufferSize, System.IO.FileOptions options) [0x00000] in <dc753a1061284f8e971ee88ee4826eee>:0 
  at System.IO.FileStream..ctor (System.String path, System.IO.FileMode mode, System.IO.FileAccess access, System.IO.FileShare share, System.Int32 bufferSize, System.Boolean useAsync) [0x00000] in <dc753a1061284f8e971ee88ee4826eee>:0 
  at (wrapper remoting-invoke-with-check) System.IO.FileStream..ctor(string,System.IO.FileMode,System.IO.FileAccess,System.IO.FileShare,int,bool)
  at System.Xml.XmlWriterSettings.CreateWriter (System.String outputFileName) [0x00051] in <ae5badc4ec594809bfbe24220ad62e9b>:0 
  at System.Xml.XmlWriter.Create (System.String outputFileName, System.Xml.XmlWriterSettings settings) [0x0000a] in <ae5badc4ec594809bfbe24220ad62e9b>:0 
  at Google.ProjectSettings.Save () [0x00079] in /Users/amaurice/Documents/GitHub/unity-jar-resolver/source/VersionHandlerImpl/src/ProjectSettings.cs:821 , Project settings were not saved!
UnityEngine.StackTraceUtility:ExtractStackTrace ()
UnityEngine.DebugLogHandler:LogFormat (UnityEngine.LogType,UnityEngine.Object,string,object[])
UnityEngine.Logger:Log (UnityEngine.LogType,object)
UnityEngine.Debug:LogError (object)
Google.Logger:Log (string,Google.LogLevel) (at /Users/amaurice/Documents/GitHub/unity-jar-resolver/source/VersionHandlerImpl/src/Logger.cs:136)
Google.ProjectSettings:Save () (at /Users/amaurice/Documents/GitHub/unity-jar-resolver/source/VersionHandlerImpl/src/ProjectSettings.cs:844)
Google.ProjectSettings:SetBool (string,bool,Google.SettingsLocation) (at /Users/amaurice/Documents/GitHub/unity-jar-resolver/source/VersionHandlerImpl/src/ProjectSettings.cs:485)
Google.ProjectSettings:SetBool (string,bool) (at /Users/amaurice/Documents/GitHub/unity-jar-resolver/source/VersionHandlerImpl/src/ProjectSettings.cs:497)
Google.IOSResolver:set_VerboseLoggingEnabled (bool) (at /Users/amaurice/Documents/GitHub/unity-jar-resolver/source/IOSResolver/src/IOSResolver.cs:1041)
Google.IOSResolver:.cctor () (at /Users/amaurice/Documents/GitHub/unity-jar-resolver/source/IOSResolver/src/IOSResolver.cs:727)
System.Runtime.CompilerServices.RuntimeHelpers:RunClassConstructor (System.RuntimeTypeHandle)
UnityEditor.EditorAssemblies:ProcessInitializeOnLoadAttributes (System.Type[])

(Filename: /Users/amaurice/Documents/GitHub/unity-jar-resolver/source/VersionHandlerImpl/src/ProjectSettings.cs Line: 844)

Mono: successfully reloaded assembly
- Finished resetting the current domain, in  2.907 seconds
Domain Reload Profiling: 3762ms
	BeginReloadAssembly (176ms)
		ExecutionOrderSort (0ms)
		DisableScriptedObjects (8ms)
		BackupInstance (0ms)
		ReleaseScriptingObjects (0ms)
		CreateAndSetChildDomain (59ms)
	RebuildCommonClasses (30ms)
	RebuildNativeTypeToScriptingClass (10ms)
	initialDomainReloadingComplete (27ms)
	LoadAllAssembliesAndSetupDomain (612ms)
		LoadAssemblies (625ms)
		RebuildTransferFunctionScriptingTraits (0ms)
		AnalyzeDomain (68ms)
			TypeCache.Refresh (31ms)
				TypeCache.ScanAssembly (12ms)
			ScanForSourceGeneratedMonoScriptInfo (23ms)
			ResolveRequiredComponents (12ms)
	FinalizeReload (2908ms)
		ReleaseScriptCaches (0ms)
		RebuildScriptCaches (0ms)
		SetupLoadedEditorAssemblies (922ms)
			LogAssemblyErrors (0ms)
			InitializePlatformSupportModulesInManaged (27ms)
			SetLoadedEditorAssemblies (3ms)
			RefreshPlugins (0ms)
			BeforeProcessingInitializeOnLoad (69ms)
			ProcessInitializeOnLoadAttributes (482ms)
			ProcessInitializeOnLoadMethodAttributes (337ms)
			AfterProcessingInitializeOnLoad (4ms)
			EditorAssembliesLoaded (0ms)
		ExecutionOrderSort2 (0ms)
		AwakeInstancesAfterBackupRestoration (9ms)
OnLevelWasLoaded was found on Reporter
This message has been deprecated and will be removed in a later version of Unity.
Add a delegate to SceneManager.sceneLoaded instead to get notifications after scene loading has completed
OnLevelWasLoaded was found on BoxController
This message has been deprecated and will be removed in a later version of Unity.
Add a delegate to SceneManager.sceneLoaded instead to get notifications after scene loading has completed
OnLevelWasLoaded was found on AdmobAds
This message has been deprecated and will be removed in a later version of Unity.
Add a delegate to SceneManager.sceneLoaded instead to get notifications after scene loading has completed
Refreshing native plugins compatible for Editor in 10.48 ms, found 10 plugins.
Preloading 0 native plugins for Editor in 0.00 ms.
Unloading 7065 Unused Serialized files (Serialized files now loaded: 0)
Unloading 338 unused Assets / (1.9 MB). Loaded Objects now: 7991.
Memory consumption went from 265.4 MB to 263.5 MB.
Total: 18.688800 ms (FindLiveObjects: 0.796900 ms CreateObjectMapping: 0.349800 ms MarkObjects: 15.237900 ms  DeleteObjects: 2.302400 ms)

Prepare: number of updated asset objects reloaded= 0
AssetImportParameters requested are different than current active one (requested -> active):
  custom:container-demuxer-ogg: 62fdf1f143b41e24485cea50d1cbac27 -> 
  custom:framework-win-MediaFoundation: 216162199b28c13a410421893ffa2e32 -> 
  custom:container-muxer-webm: aa71ff27fc2769a1b78a27578f13a17b -> 
  custom:video-decoder-webm-vp8: 9c59270c3fd7afecdb556c50c9e8de78 -> 
  custom:SearchIndexIgnoredProperties: e643bd26f0fe6173181afceb89e7c659 -> 
  custom:AudioImporter_EditorPlatform: d09bf68614088b80899f8185d706f6e7 -> 
  custom:audio-decoder-ogg-vorbis: bf7c407c2cedff20999df2af8eb42d56 -> 
  custom:audio-encoder-webm-vorbis: bf7c407c2cedff20999df2af8eb42d56 -> 
  custom:video-decoder-ogg-theora: a1e56fd34408186e4bbccfd4996cb3dc -> 
  custom:CustomObjectIndexerAttribute: 62b5816608c3102f162a1797e29626cf -> 
  custom:container-demuxer-webm: 4f35f7cbe854078d1ac9338744f61a02 -> 
  custom:video-encoder-webm-vp8: eb34c28f22e8b96e1ab97ce403110664 -> 
========================================================================
Received Prepare
Begin MonoManager ReloadAssembly
Symbol file LoadedFromMemory is not a mono symbol file
- Loaded All Assemblies, in  4.290 seconds
Refreshing native plugins compatible for Editor in 10.37 ms, found 10 plugins.
Native extension for WindowsStandalone target not found
Native extension for iOS target not found
Native extension for Android target not found
[Package Manager] Server::EnsureServerProcessIsRunning -- launch failed, reason: Unity was launched with the -noUpm command-line argument
[Package Manager] UpmClient::Send -- Unable to send message (not connected to UPM process).
[Package Manager] Cannot connect to Unity Package Manager local server
Debug [AppLovin MAX] Deleting obsolete network AdColony from path Assets\MaxSdk/Mediation/AdColony...
UnityEngine.StackTraceUtility:ExtractStackTrace ()
UnityEngine.DebugLogHandler:LogFormat (UnityEngine.LogType,UnityEngine.Object,string,object[])
UnityEngine.Logger:Log (UnityEngine.LogType,object)
UnityEngine.Debug:Log (object)
MaxSdkLogger:UserDebug (string) (at Assets/MaxSdk/Scripts/MaxSdkLogger.cs:13)
AppLovinMax.Scripts.IntegrationManager.Editor.AppLovinInitialize:.cctor () (at Assets/MaxSdk/Scripts/IntegrationManager/Editor/AppLovinInitialize.cs:118)
System.Runtime.CompilerServices.RuntimeHelpers:RunClassConstructor (System.RuntimeTypeHandle)
UnityEditor.EditorAssemblies:ProcessInitializeOnLoadAttributes (System.Type[])

(Filename: Assets/MaxSdk/Scripts/MaxSdkLogger.cs Line: 13)

Debug [AppLovin MAX] AppLovin MAX Migration completed
UnityEngine.StackTraceUtility:ExtractStackTrace ()
UnityEngine.DebugLogHandler:LogFormat (UnityEngine.LogType,UnityEngine.Object,string,object[])
UnityEngine.Logger:Log (UnityEngine.LogType,object)
UnityEngine.Debug:Log (object)
MaxSdkLogger:UserDebug (string) (at Assets/MaxSdk/Scripts/MaxSdkLogger.cs:13)
AppLovinMax.Scripts.IntegrationManager.Editor.AppLovinInitialize:.cctor () (at Assets/MaxSdk/Scripts/IntegrationManager/Editor/AppLovinInitialize.cs:128)
System.Runtime.CompilerServices.RuntimeHelpers:RunClassConstructor (System.RuntimeTypeHandle)
UnityEditor.EditorAssemblies:ProcessInitializeOnLoadAttributes (System.Type[])

(Filename: Assets/MaxSdk/Scripts/MaxSdkLogger.cs Line: 13)

Mono: successfully reloaded assembly
- Finished resetting the current domain, in 13.048 seconds
Domain Reload Profiling: 17336ms
	BeginReloadAssembly (242ms)
		ExecutionOrderSort (0ms)
		DisableScriptedObjects (10ms)
		BackupInstance (0ms)
		ReleaseScriptingObjects (0ms)
		CreateAndSetChildDomain (104ms)
	RebuildCommonClasses (141ms)
	RebuildNativeTypeToScriptingClass (11ms)
	initialDomainReloadingComplete (40ms)
	LoadAllAssembliesAndSetupDomain (3853ms)
		LoadAssemblies (3885ms)
		RebuildTransferFunctionScriptingTraits (0ms)
		AnalyzeDomain (65ms)
			TypeCache.Refresh (26ms)
				TypeCache.ScanAssembly (10ms)
			ScanForSourceGeneratedMonoScriptInfo (24ms)
			ResolveRequiredComponents (14ms)
	FinalizeReload (13048ms)
		ReleaseScriptCaches (0ms)
		RebuildScriptCaches (0ms)
		SetupLoadedEditorAssemblies (997ms)
			LogAssemblyErrors (0ms)
			InitializePlatformSupportModulesInManaged (26ms)
			SetLoadedEditorAssemblies (3ms)
			RefreshPlugins (0ms)
			BeforeProcessingInitializeOnLoad (59ms)
			ProcessInitializeOnLoadAttributes (596ms)
			ProcessInitializeOnLoadMethodAttributes (309ms)
			AfterProcessingInitializeOnLoad (4ms)
			EditorAssembliesLoaded (0ms)
		ExecutionOrderSort2 (0ms)
		AwakeInstancesAfterBackupRestoration (9ms)
OnLevelWasLoaded was found on Reporter
This message has been deprecated and will be removed in a later version of Unity.
Add a delegate to SceneManager.sceneLoaded instead to get notifications after scene loading has completed
OnLevelWasLoaded was found on BoxController
This message has been deprecated and will be removed in a later version of Unity.
Add a delegate to SceneManager.sceneLoaded instead to get notifications after scene loading has completed
OnLevelWasLoaded was found on AdmobAds
This message has been deprecated and will be removed in a later version of Unity.
Add a delegate to SceneManager.sceneLoaded instead to get notifications after scene loading has completed
Refreshing native plugins compatible for Editor in 11.25 ms, found 10 plugins.
Preloading 0 native plugins for Editor in 0.00 ms.
Unloading 7065 Unused Serialized files (Serialized files now loaded: 0)
Unloading 337 unused Assets / (1.9 MB). Loaded Objects now: 8027.
Memory consumption went from 267.4 MB to 265.5 MB.
Total: 17.525100 ms (FindLiveObjects: 0.543400 ms CreateObjectMapping: 0.308600 ms MarkObjects: 15.052700 ms  DeleteObjects: 1.619100 ms)

Prepare: number of updated asset objects reloaded= 0
AssetImportParameters requested are different than current active one (requested -> active):
  custom:container-demuxer-ogg: 62fdf1f143b41e24485cea50d1cbac27 -> 
  custom:framework-win-MediaFoundation: 216162199b28c13a410421893ffa2e32 -> 
  custom:container-muxer-webm: aa71ff27fc2769a1b78a27578f13a17b -> 
  custom:video-decoder-webm-vp8: 9c59270c3fd7afecdb556c50c9e8de78 -> 
  custom:SearchIndexIgnoredProperties: e643bd26f0fe6173181afceb89e7c659 -> 
  custom:AudioImporter_EditorPlatform: d09bf68614088b80899f8185d706f6e7 -> 
  custom:audio-decoder-ogg-vorbis: bf7c407c2cedff20999df2af8eb42d56 -> 
  custom:audio-encoder-webm-vorbis: bf7c407c2cedff20999df2af8eb42d56 -> 
  custom:video-decoder-ogg-theora: a1e56fd34408186e4bbccfd4996cb3dc -> 
  custom:CustomObjectIndexerAttribute: 62b5816608c3102f162a1797e29626cf -> 
  custom:container-demuxer-webm: 4f35f7cbe854078d1ac9338744f61a02 -> 
  custom:video-encoder-webm-vp8: eb34c28f22e8b96e1ab97ce403110664 -> 
========================================================================
Received Prepare
Begin MonoManager ReloadAssembly
Symbol file LoadedFromMemory is not a mono symbol file
- Loaded All Assemblies, in  2.084 seconds
Refreshing native plugins compatible for Editor in 42.98 ms, found 10 plugins.
Native extension for WindowsStandalone target not found
Native extension for iOS target not found
Native extension for Android target not found
[Package Manager] Server::EnsureServerProcessIsRunning -- launch failed, reason: Unity was launched with the -noUpm command-line argument
[Package Manager] UpmClient::Send -- Unable to send message (not connected to UPM process).
[Package Manager] Cannot connect to Unity Package Manager local server
Debug [AppLovin MAX] Deleting obsolete network AdColony from path Assets\MaxSdk/Mediation/AdColony...
UnityEngine.StackTraceUtility:ExtractStackTrace ()
UnityEngine.DebugLogHandler:LogFormat (UnityEngine.LogType,UnityEngine.Object,string,object[])
UnityEngine.Logger:Log (UnityEngine.LogType,object)
UnityEngine.Debug:Log (object)
MaxSdkLogger:UserDebug (string) (at Assets/MaxSdk/Scripts/MaxSdkLogger.cs:13)
AppLovinMax.Scripts.IntegrationManager.Editor.AppLovinInitialize:.cctor () (at Assets/MaxSdk/Scripts/IntegrationManager/Editor/AppLovinInitialize.cs:118)
System.Runtime.CompilerServices.RuntimeHelpers:RunClassConstructor (System.RuntimeTypeHandle)
UnityEditor.EditorAssemblies:ProcessInitializeOnLoadAttributes (System.Type[])

(Filename: Assets/MaxSdk/Scripts/MaxSdkLogger.cs Line: 13)

Debug [AppLovin MAX] AppLovin MAX Migration completed
UnityEngine.StackTraceUtility:ExtractStackTrace ()
UnityEngine.DebugLogHandler:LogFormat (UnityEngine.LogType,UnityEngine.Object,string,object[])
UnityEngine.Logger:Log (UnityEngine.LogType,object)
UnityEngine.Debug:Log (object)
MaxSdkLogger:UserDebug (string) (at Assets/MaxSdk/Scripts/MaxSdkLogger.cs:13)
AppLovinMax.Scripts.IntegrationManager.Editor.AppLovinInitialize:.cctor () (at Assets/MaxSdk/Scripts/IntegrationManager/Editor/AppLovinInitialize.cs:128)
System.Runtime.CompilerServices.RuntimeHelpers:RunClassConstructor (System.RuntimeTypeHandle)
UnityEditor.EditorAssemblies:ProcessInitializeOnLoadAttributes (System.Type[])

(Filename: Assets/MaxSdk/Scripts/MaxSdkLogger.cs Line: 13)

Mono: successfully reloaded assembly
- Finished resetting the current domain, in 27.951 seconds
Domain Reload Profiling: 30037ms
	BeginReloadAssembly (364ms)
		ExecutionOrderSort (0ms)
		DisableScriptedObjects (10ms)
		BackupInstance (0ms)
		ReleaseScriptingObjects (0ms)
		CreateAndSetChildDomain (123ms)
	RebuildCommonClasses (62ms)
	RebuildNativeTypeToScriptingClass (12ms)
	initialDomainReloadingComplete (61ms)
	LoadAllAssembliesAndSetupDomain (1586ms)
		LoadAssemblies (1524ms)
		RebuildTransferFunctionScriptingTraits (0ms)
		AnalyzeDomain (239ms)
			TypeCache.Refresh (82ms)
				TypeCache.ScanAssembly (41ms)
			ScanForSourceGeneratedMonoScriptInfo (101ms)
			ResolveRequiredComponents (44ms)
	FinalizeReload (27952ms)
		ReleaseScriptCaches (0ms)
		RebuildScriptCaches (0ms)
		SetupLoadedEditorAssemblies (2110ms)
			LogAssemblyErrors (0ms)
			InitializePlatformSupportModulesInManaged (31ms)
			SetLoadedEditorAssemblies (5ms)
			RefreshPlugins (0ms)
			BeforeProcessingInitializeOnLoad (90ms)
			ProcessInitializeOnLoadAttributes (1294ms)
			ProcessInitializeOnLoadMethodAttributes (681ms)
			AfterProcessingInitializeOnLoad (7ms)
			EditorAssembliesLoaded (2ms)
		ExecutionOrderSort2 (0ms)
		AwakeInstancesAfterBackupRestoration (32ms)
OnLevelWasLoaded was found on Reporter
This message has been deprecated and will be removed in a later version of Unity.
Add a delegate to SceneManager.sceneLoaded instead to get notifications after scene loading has completed
OnLevelWasLoaded was found on BoxController
This message has been deprecated and will be removed in a later version of Unity.
Add a delegate to SceneManager.sceneLoaded instead to get notifications after scene loading has completed
OnLevelWasLoaded was found on AdmobAds
This message has been deprecated and will be removed in a later version of Unity.
Add a delegate to SceneManager.sceneLoaded instead to get notifications after scene loading has completed
Refreshing native plugins compatible for Editor in 11.91 ms, found 10 plugins.
Preloading 0 native plugins for Editor in 0.00 ms.
Unloading 7065 Unused Serialized files (Serialized files now loaded: 0)
Unloading 337 unused Assets / (2.0 MB). Loaded Objects now: 8063.
Memory consumption went from 269.4 MB to 267.4 MB.
Total: 24.406500 ms (FindLiveObjects: 0.639600 ms CreateObjectMapping: 0.409800 ms MarkObjects: 19.037100 ms  DeleteObjects: 4.317200 ms)

Prepare: number of updated asset objects reloaded= 0
AssetImportParameters requested are different than current active one (requested -> active):
  custom:container-demuxer-ogg: 62fdf1f143b41e24485cea50d1cbac27 -> 
  custom:framework-win-MediaFoundation: 216162199b28c13a410421893ffa2e32 -> 
  custom:container-muxer-webm: aa71ff27fc2769a1b78a27578f13a17b -> 
  custom:video-decoder-webm-vp8: 9c59270c3fd7afecdb556c50c9e8de78 -> 
  custom:SearchIndexIgnoredProperties: e643bd26f0fe6173181afceb89e7c659 -> 
  custom:AudioImporter_EditorPlatform: d09bf68614088b80899f8185d706f6e7 -> 
  custom:audio-decoder-ogg-vorbis: bf7c407c2cedff20999df2af8eb42d56 -> 
  custom:audio-encoder-webm-vorbis: bf7c407c2cedff20999df2af8eb42d56 -> 
  custom:video-decoder-ogg-theora: a1e56fd34408186e4bbccfd4996cb3dc -> 
  custom:CustomObjectIndexerAttribute: 62b5816608c3102f162a1797e29626cf -> 
  custom:container-demuxer-webm: 4f35f7cbe854078d1ac9338744f61a02 -> 
  custom:video-encoder-webm-vp8: eb34c28f22e8b96e1ab97ce403110664 -> 
========================================================================
Received Prepare
Begin MonoManager ReloadAssembly
Symbol file LoadedFromMemory is not a mono symbol file
- Loaded All Assemblies, in  0.802 seconds
Refreshing native plugins compatible for Editor in 14.29 ms, found 10 plugins.
Native extension for WindowsStandalone target not found
Native extension for iOS target not found
Native extension for Android target not found
[Package Manager] Server::EnsureServerProcessIsRunning -- launch failed, reason: Unity was launched with the -noUpm command-line argument
[Package Manager] UpmClient::Send -- Unable to send message (not connected to UPM process).
[Package Manager] Cannot connect to Unity Package Manager local server
Unable to write to 'ProjectSettings\GvhProjectSettings.xml' (System.IO.IOException: Sharing violation on path D:\UnityProject\BonceMonney\ProjectSettings\GvhProjectSettings.xml
  at System.IO.FileStream..ctor (System.String path, System.IO.FileMode mode, System.IO.FileAccess access, System.IO.FileShare share, System.Int32 bufferSize, System.Boolean anonymous, System.IO.FileOptions options) [0x0019e] in <dc753a1061284f8e971ee88ee4826eee>:0 
  at System.IO.FileStream..ctor (System.String path, System.IO.FileMode mode, System.IO.FileAccess access, System.IO.FileShare share, System.Int32 bufferSize, System.IO.FileOptions options) [0x00000] in <dc753a1061284f8e971ee88ee4826eee>:0 
  at System.IO.FileStream..ctor (System.String path, System.IO.FileMode mode, System.IO.FileAccess access, System.IO.FileShare share, System.Int32 bufferSize, System.Boolean useAsync) [0x00000] in <dc753a1061284f8e971ee88ee4826eee>:0 
  at (wrapper remoting-invoke-with-check) System.IO.FileStream..ctor(string,System.IO.FileMode,System.IO.FileAccess,System.IO.FileShare,int,bool)
  at System.Xml.XmlWriterSettings.CreateWriter (System.String outputFileName) [0x00051] in <ae5badc4ec594809bfbe24220ad62e9b>:0 
  at System.Xml.XmlWriter.Create (System.String outputFileName, System.Xml.XmlWriterSettings settings) [0x0000a] in <ae5badc4ec594809bfbe24220ad62e9b>:0 
  at Google.ProjectSettings.Save () [0x00079] in /Users/amaurice/Documents/GitHub/unity-jar-resolver/source/VersionHandlerImpl/src/ProjectSettings.cs:821 , Project settings were not saved!
UnityEngine.StackTraceUtility:ExtractStackTrace ()
UnityEngine.DebugLogHandler:LogFormat (UnityEngine.LogType,UnityEngine.Object,string,object[])
UnityEngine.Logger:Log (UnityEngine.LogType,object)
UnityEngine.Debug:LogError (object)
Google.Logger:Log (string,Google.LogLevel) (at /Users/amaurice/Documents/GitHub/unity-jar-resolver/source/VersionHandlerImpl/src/Logger.cs:136)
Google.ProjectSettings:Save () (at /Users/amaurice/Documents/GitHub/unity-jar-resolver/source/VersionHandlerImpl/src/ProjectSettings.cs:844)
Google.ProjectSettings:SetBool (string,bool,Google.SettingsLocation) (at /Users/amaurice/Documents/GitHub/unity-jar-resolver/source/VersionHandlerImpl/src/ProjectSettings.cs:485)
Google.ProjectSettings:SetBool (string,bool) (at /Users/amaurice/Documents/GitHub/unity-jar-resolver/source/VersionHandlerImpl/src/ProjectSettings.cs:497)
Google.IOSResolver:set_VerboseLoggingEnabled (bool) (at /Users/amaurice/Documents/GitHub/unity-jar-resolver/source/IOSResolver/src/IOSResolver.cs:1041)
Google.IOSResolver:.cctor () (at /Users/amaurice/Documents/GitHub/unity-jar-resolver/source/IOSResolver/src/IOSResolver.cs:727)
System.Runtime.CompilerServices.RuntimeHelpers:RunClassConstructor (System.RuntimeTypeHandle)
UnityEditor.EditorAssemblies:ProcessInitializeOnLoadAttributes (System.Type[])

(Filename: /Users/amaurice/Documents/GitHub/unity-jar-resolver/source/VersionHandlerImpl/src/ProjectSettings.cs Line: 844)

Mono: successfully reloaded assembly
- Finished resetting the current domain, in  2.260 seconds
Domain Reload Profiling: 3060ms
	BeginReloadAssembly (254ms)
		ExecutionOrderSort (0ms)
		DisableScriptedObjects (14ms)
		BackupInstance (0ms)
		ReleaseScriptingObjects (0ms)
		CreateAndSetChildDomain (91ms)
	RebuildCommonClasses (54ms)
	RebuildNativeTypeToScriptingClass (10ms)
	initialDomainReloadingComplete (31ms)
	LoadAllAssembliesAndSetupDomain (449ms)
		LoadAssemblies (492ms)
		RebuildTransferFunctionScriptingTraits (0ms)
		AnalyzeDomain (71ms)
			TypeCache.Refresh (31ms)
				TypeCache.ScanAssembly (11ms)
			ScanForSourceGeneratedMonoScriptInfo (24ms)
			ResolveRequiredComponents (14ms)
	FinalizeReload (2261ms)
		ReleaseScriptCaches (0ms)
		RebuildScriptCaches (0ms)
		SetupLoadedEditorAssemblies (984ms)
			LogAssemblyErrors (0ms)
			InitializePlatformSupportModulesInManaged (28ms)
			SetLoadedEditorAssemblies (3ms)
			RefreshPlugins (0ms)
			BeforeProcessingInitializeOnLoad (63ms)
			ProcessInitializeOnLoadAttributes (497ms)
			ProcessInitializeOnLoadMethodAttributes (389ms)
			AfterProcessingInitializeOnLoad (5ms)
			EditorAssembliesLoaded (1ms)
		ExecutionOrderSort2 (0ms)
		AwakeInstancesAfterBackupRestoration (13ms)
OnLevelWasLoaded was found on Reporter
This message has been deprecated and will be removed in a later version of Unity.
Add a delegate to SceneManager.sceneLoaded instead to get notifications after scene loading has completed
OnLevelWasLoaded was found on BoxController
This message has been deprecated and will be removed in a later version of Unity.
Add a delegate to SceneManager.sceneLoaded instead to get notifications after scene loading has completed
OnLevelWasLoaded was found on AdmobAds
This message has been deprecated and will be removed in a later version of Unity.
Add a delegate to SceneManager.sceneLoaded instead to get notifications after scene loading has completed
Refreshing native plugins compatible for Editor in 11.55 ms, found 10 plugins.
Preloading 0 native plugins for Editor in 0.00 ms.
Unloading 7065 Unused Serialized files (Serialized files now loaded: 0)
Unloading 337 unused Assets / (1.9 MB). Loaded Objects now: 8099.
Memory consumption went from 271.4 MB to 269.5 MB.
Total: 18.858400 ms (FindLiveObjects: 0.634000 ms CreateObjectMapping: 0.331300 ms MarkObjects: 16.311700 ms  DeleteObjects: 1.579700 ms)

Prepare: number of updated asset objects reloaded= 0
AssetImportParameters requested are different than current active one (requested -> active):
  custom:container-demuxer-ogg: 62fdf1f143b41e24485cea50d1cbac27 -> 
  custom:framework-win-MediaFoundation: 216162199b28c13a410421893ffa2e32 -> 
  custom:container-muxer-webm: aa71ff27fc2769a1b78a27578f13a17b -> 
  custom:video-decoder-webm-vp8: 9c59270c3fd7afecdb556c50c9e8de78 -> 
  custom:SearchIndexIgnoredProperties: e643bd26f0fe6173181afceb89e7c659 -> 
  custom:AudioImporter_EditorPlatform: d09bf68614088b80899f8185d706f6e7 -> 
  custom:audio-decoder-ogg-vorbis: bf7c407c2cedff20999df2af8eb42d56 -> 
  custom:audio-encoder-webm-vorbis: bf7c407c2cedff20999df2af8eb42d56 -> 
  custom:video-decoder-ogg-theora: a1e56fd34408186e4bbccfd4996cb3dc -> 
  custom:CustomObjectIndexerAttribute: 62b5816608c3102f162a1797e29626cf -> 
  custom:container-demuxer-webm: 4f35f7cbe854078d1ac9338744f61a02 -> 
  custom:video-encoder-webm-vp8: eb34c28f22e8b96e1ab97ce403110664 -> 
========================================================================
Received Prepare
Begin MonoManager ReloadAssembly
Symbol file LoadedFromMemory is not a mono symbol file
- Loaded All Assemblies, in  1.924 seconds
Refreshing native plugins compatible for Editor in 20.29 ms, found 10 plugins.
Native extension for WindowsStandalone target not found
Native extension for iOS target not found
Native extension for Android target not found
[Package Manager] Server::EnsureServerProcessIsRunning -- launch failed, reason: Unity was launched with the -noUpm command-line argument
[Package Manager] UpmClient::Send -- Unable to send message (not connected to UPM process).
[Package Manager] Cannot connect to Unity Package Manager local server
Debug [AppLovin MAX] Deleting obsolete network AdColony from path Assets\MaxSdk/Mediation/AdColony...
UnityEngine.StackTraceUtility:ExtractStackTrace ()
UnityEngine.DebugLogHandler:LogFormat (UnityEngine.LogType,UnityEngine.Object,string,object[])
UnityEngine.Logger:Log (UnityEngine.LogType,object)
UnityEngine.Debug:Log (object)
MaxSdkLogger:UserDebug (string) (at Assets/MaxSdk/Scripts/MaxSdkLogger.cs:13)
AppLovinMax.Scripts.IntegrationManager.Editor.AppLovinInitialize:.cctor () (at Assets/MaxSdk/Scripts/IntegrationManager/Editor/AppLovinInitialize.cs:118)
System.Runtime.CompilerServices.RuntimeHelpers:RunClassConstructor (System.RuntimeTypeHandle)
UnityEditor.EditorAssemblies:ProcessInitializeOnLoadAttributes (System.Type[])

(Filename: Assets/MaxSdk/Scripts/MaxSdkLogger.cs Line: 13)

Debug [AppLovin MAX] AppLovin MAX Migration completed
UnityEngine.StackTraceUtility:ExtractStackTrace ()
UnityEngine.DebugLogHandler:LogFormat (UnityEngine.LogType,UnityEngine.Object,string,object[])
UnityEngine.Logger:Log (UnityEngine.LogType,object)
UnityEngine.Debug:Log (object)
MaxSdkLogger:UserDebug (string) (at Assets/MaxSdk/Scripts/MaxSdkLogger.cs:13)
AppLovinMax.Scripts.IntegrationManager.Editor.AppLovinInitialize:.cctor () (at Assets/MaxSdk/Scripts/IntegrationManager/Editor/AppLovinInitialize.cs:128)
System.Runtime.CompilerServices.RuntimeHelpers:RunClassConstructor (System.RuntimeTypeHandle)
UnityEditor.EditorAssemblies:ProcessInitializeOnLoadAttributes (System.Type[])

(Filename: Assets/MaxSdk/Scripts/MaxSdkLogger.cs Line: 13)

Unable to write to 'ProjectSettings\GvhProjectSettings.xml' (System.IO.IOException: Sharing violation on path D:\UnityProject\BonceMonney\ProjectSettings\GvhProjectSettings.xml
  at System.IO.FileStream..ctor (System.String path, System.IO.FileMode mode, System.IO.FileAccess access, System.IO.FileShare share, System.Int32 bufferSize, System.Boolean anonymous, System.IO.FileOptions options) [0x0019e] in <dc753a1061284f8e971ee88ee4826eee>:0 
  at System.IO.FileStream..ctor (System.String path, System.IO.FileMode mode, System.IO.FileAccess access, System.IO.FileShare share, System.Int32 bufferSize, System.IO.FileOptions options) [0x00000] in <dc753a1061284f8e971ee88ee4826eee>:0 
  at System.IO.FileStream..ctor (System.String path, System.IO.FileMode mode, System.IO.FileAccess access, System.IO.FileShare share, System.Int32 bufferSize, System.Boolean useAsync) [0x00000] in <dc753a1061284f8e971ee88ee4826eee>:0 
  at (wrapper remoting-invoke-with-check) System.IO.FileStream..ctor(string,System.IO.FileMode,System.IO.FileAccess,System.IO.FileShare,int,bool)
  at System.Xml.XmlWriterSettings.CreateWriter (System.String outputFileName) [0x00051] in <ae5badc4ec594809bfbe24220ad62e9b>:0 
  at System.Xml.XmlWriter.Create (System.String outputFileName, System.Xml.XmlWriterSettings settings) [0x0000a] in <ae5badc4ec594809bfbe24220ad62e9b>:0 
  at Google.ProjectSettings.Save () [0x00079] in /Users/amaurice/Documents/GitHub/unity-jar-resolver/source/VersionHandlerImpl/src/ProjectSettings.cs:821 , Project settings were not saved!
UnityEngine.StackTraceUtility:ExtractStackTrace ()
UnityEngine.DebugLogHandler:LogFormat (UnityEngine.LogType,UnityEngine.Object,string,object[])
UnityEngine.Logger:Log (UnityEngine.LogType,object)
UnityEngine.Debug:LogError (object)
Google.Logger:Log (string,Google.LogLevel) (at /Users/amaurice/Documents/GitHub/unity-jar-resolver/source/VersionHandlerImpl/src/Logger.cs:136)
Google.ProjectSettings:Save () (at /Users/amaurice/Documents/GitHub/unity-jar-resolver/source/VersionHandlerImpl/src/ProjectSettings.cs:844)
Google.ProjectSettings:SetBool (string,bool,Google.SettingsLocation) (at /Users/amaurice/Documents/GitHub/unity-jar-resolver/source/VersionHandlerImpl/src/ProjectSettings.cs:485)
Google.ProjectSettings:SetBool (string,bool) (at /Users/amaurice/Documents/GitHub/unity-jar-resolver/source/VersionHandlerImpl/src/ProjectSettings.cs:497)
Google.IOSResolver:set_VerboseLoggingEnabled (bool) (at /Users/amaurice/Documents/GitHub/unity-jar-resolver/source/IOSResolver/src/IOSResolver.cs:1041)
Google.IOSResolver:.cctor () (at /Users/amaurice/Documents/GitHub/unity-jar-resolver/source/IOSResolver/src/IOSResolver.cs:727)
System.Runtime.CompilerServices.RuntimeHelpers:RunClassConstructor (System.RuntimeTypeHandle)
UnityEditor.EditorAssemblies:ProcessInitializeOnLoadAttributes (System.Type[])

(Filename: /Users/amaurice/Documents/GitHub/unity-jar-resolver/source/VersionHandlerImpl/src/ProjectSettings.cs Line: 844)

Mono: successfully reloaded assembly
- Finished resetting the current domain, in 29.567 seconds
Domain Reload Profiling: 31483ms
	BeginReloadAssembly (448ms)
		ExecutionOrderSort (0ms)
		DisableScriptedObjects (13ms)
		BackupInstance (0ms)
		ReleaseScriptingObjects (0ms)
		CreateAndSetChildDomain (250ms)
	RebuildCommonClasses (61ms)
	RebuildNativeTypeToScriptingClass (11ms)
	initialDomainReloadingComplete (63ms)
	LoadAllAssembliesAndSetupDomain (1333ms)
		LoadAssemblies (1387ms)
		RebuildTransferFunctionScriptingTraits (0ms)
		AnalyzeDomain (93ms)
			TypeCache.Refresh (47ms)
				TypeCache.ScanAssembly (18ms)
			ScanForSourceGeneratedMonoScriptInfo (26ms)
			ResolveRequiredComponents (16ms)
	FinalizeReload (29567ms)
		ReleaseScriptCaches (0ms)
		RebuildScriptCaches (0ms)
		SetupLoadedEditorAssemblies (1075ms)
			LogAssemblyErrors (0ms)
			InitializePlatformSupportModulesInManaged (31ms)
			SetLoadedEditorAssemblies (3ms)
			RefreshPlugins (0ms)
			BeforeProcessingInitializeOnLoad (63ms)
			ProcessInitializeOnLoadAttributes (654ms)
			ProcessInitializeOnLoadMethodAttributes (319ms)
			AfterProcessingInitializeOnLoad (4ms)
			EditorAssembliesLoaded (0ms)
		ExecutionOrderSort2 (0ms)
		AwakeInstancesAfterBackupRestoration (9ms)
OnLevelWasLoaded was found on Reporter
This message has been deprecated and will be removed in a later version of Unity.
Add a delegate to SceneManager.sceneLoaded instead to get notifications after scene loading has completed
OnLevelWasLoaded was found on BoxController
This message has been deprecated and will be removed in a later version of Unity.
Add a delegate to SceneManager.sceneLoaded instead to get notifications after scene loading has completed
OnLevelWasLoaded was found on AdmobAds
This message has been deprecated and will be removed in a later version of Unity.
Add a delegate to SceneManager.sceneLoaded instead to get notifications after scene loading has completed
Refreshing native plugins compatible for Editor in 12.02 ms, found 10 plugins.
Preloading 0 native plugins for Editor in 0.00 ms.
Unloading 7066 Unused Serialized files (Serialized files now loaded: 0)
Unloading 337 unused Assets / (2.0 MB). Loaded Objects now: 8136.
Memory consumption went from 273.4 MB to 271.5 MB.
Total: 18.796500 ms (FindLiveObjects: 0.601800 ms CreateObjectMapping: 0.299000 ms MarkObjects: 15.544100 ms  DeleteObjects: 2.349300 ms)

Prepare: number of updated asset objects reloaded= 0
AssetImportParameters requested are different than current active one (requested -> active):
  custom:container-demuxer-ogg: 62fdf1f143b41e24485cea50d1cbac27 -> 
  custom:framework-win-MediaFoundation: 216162199b28c13a410421893ffa2e32 -> 
  custom:container-muxer-webm: aa71ff27fc2769a1b78a27578f13a17b -> 
  custom:video-decoder-webm-vp8: 9c59270c3fd7afecdb556c50c9e8de78 -> 
  custom:SearchIndexIgnoredProperties: e643bd26f0fe6173181afceb89e7c659 -> 
  custom:AudioImporter_EditorPlatform: d09bf68614088b80899f8185d706f6e7 -> 
  custom:audio-decoder-ogg-vorbis: bf7c407c2cedff20999df2af8eb42d56 -> 
  custom:audio-encoder-webm-vorbis: bf7c407c2cedff20999df2af8eb42d56 -> 
  custom:video-decoder-ogg-theora: a1e56fd34408186e4bbccfd4996cb3dc -> 
  custom:CustomObjectIndexerAttribute: 62b5816608c3102f162a1797e29626cf -> 
  custom:container-demuxer-webm: 4f35f7cbe854078d1ac9338744f61a02 -> 
  custom:video-encoder-webm-vp8: eb34c28f22e8b96e1ab97ce403110664 -> 
========================================================================
Received Import Request.
  Time since last request: 7766.435624 seconds.
  path: Assets/GrassPuzzle_01/Script/BlockController.cs
  artifactKey: Guid(2fd50ab728917164fb2fa601069c4198) Importer(815301076,1909f56bfc062723c751e8b465ee728b)
Start importing Assets/GrassPuzzle_01/Script/BlockController.cs using Guid(2fd50ab728917164fb2fa601069c4198) Importer(815301076,1909f56bfc062723c751e8b465ee728b)  -> (artifact id: 'a93102185fd6374f97f6eed2c1c2613b') in 0.002115 seconds
Number of updated asset objects reloaded before import = 0
Number of asset objects unloaded after import = 0
========================================================================
Received Prepare
Begin MonoManager ReloadAssembly
Symbol file LoadedFromMemory is not a mono symbol file
- Loaded All Assemblies, in  1.811 seconds
Refreshing native plugins compatible for Editor in 11.49 ms, found 10 plugins.
Native extension for WindowsStandalone target not found
Native extension for iOS target not found
Native extension for Android target not found
[Package Manager] Server::EnsureServerProcessIsRunning -- launch failed, reason: Unity was launched with the -noUpm command-line argument
[Package Manager] UpmClient::Send -- Unable to send message (not connected to UPM process).
[Package Manager] Cannot connect to Unity Package Manager local server
Debug [AppLovin MAX] Deleting obsolete network AdColony from path Assets\MaxSdk/Mediation/AdColony...
UnityEngine.StackTraceUtility:ExtractStackTrace ()
UnityEngine.DebugLogHandler:LogFormat (UnityEngine.LogType,UnityEngine.Object,string,object[])
UnityEngine.Logger:Log (UnityEngine.LogType,object)
UnityEngine.Debug:Log (object)
MaxSdkLogger:UserDebug (string) (at Assets/MaxSdk/Scripts/MaxSdkLogger.cs:13)
AppLovinMax.Scripts.IntegrationManager.Editor.AppLovinInitialize:.cctor () (at Assets/MaxSdk/Scripts/IntegrationManager/Editor/AppLovinInitialize.cs:118)
System.Runtime.CompilerServices.RuntimeHelpers:RunClassConstructor (System.RuntimeTypeHandle)
UnityEditor.EditorAssemblies:ProcessInitializeOnLoadAttributes (System.Type[])

(Filename: Assets/MaxSdk/Scripts/MaxSdkLogger.cs Line: 13)

Debug [AppLovin MAX] AppLovin MAX Migration completed
UnityEngine.StackTraceUtility:ExtractStackTrace ()
UnityEngine.DebugLogHandler:LogFormat (UnityEngine.LogType,UnityEngine.Object,string,object[])
UnityEngine.Logger:Log (UnityEngine.LogType,object)
UnityEngine.Debug:Log (object)
MaxSdkLogger:UserDebug (string) (at Assets/MaxSdk/Scripts/MaxSdkLogger.cs:13)
AppLovinMax.Scripts.IntegrationManager.Editor.AppLovinInitialize:.cctor () (at Assets/MaxSdk/Scripts/IntegrationManager/Editor/AppLovinInitialize.cs:128)
System.Runtime.CompilerServices.RuntimeHelpers:RunClassConstructor (System.RuntimeTypeHandle)
UnityEditor.EditorAssemblies:ProcessInitializeOnLoadAttributes (System.Type[])

(Filename: Assets/MaxSdk/Scripts/MaxSdkLogger.cs Line: 13)

Mono: successfully reloaded assembly
- Finished resetting the current domain, in 14.731 seconds
Domain Reload Profiling: 16541ms
	BeginReloadAssembly (417ms)
		ExecutionOrderSort (0ms)
		DisableScriptedObjects (40ms)
		BackupInstance (0ms)
		ReleaseScriptingObjects (1ms)
		CreateAndSetChildDomain (197ms)
	RebuildCommonClasses (36ms)
	RebuildNativeTypeToScriptingClass (11ms)
	initialDomainReloadingComplete (34ms)
	LoadAllAssembliesAndSetupDomain (1310ms)
		LoadAssemblies (1346ms)
		RebuildTransferFunctionScriptingTraits (0ms)
		AnalyzeDomain (81ms)
			TypeCache.Refresh (39ms)
				TypeCache.ScanAssembly (13ms)
			ScanForSourceGeneratedMonoScriptInfo (27ms)
			ResolveRequiredComponents (13ms)
	FinalizeReload (14731ms)
		ReleaseScriptCaches (0ms)
		RebuildScriptCaches (0ms)
		SetupLoadedEditorAssemblies (1031ms)
			LogAssemblyErrors (0ms)
			InitializePlatformSupportModulesInManaged (32ms)
			SetLoadedEditorAssemblies (4ms)
			RefreshPlugins (0ms)
			BeforeProcessingInitializeOnLoad (65ms)
			ProcessInitializeOnLoadAttributes (565ms)
			ProcessInitializeOnLoadMethodAttributes (360ms)
			AfterProcessingInitializeOnLoad (4ms)
			EditorAssembliesLoaded (0ms)
		ExecutionOrderSort2 (0ms)
		AwakeInstancesAfterBackupRestoration (9ms)
OnLevelWasLoaded was found on Reporter
This message has been deprecated and will be removed in a later version of Unity.
Add a delegate to SceneManager.sceneLoaded instead to get notifications after scene loading has completed
OnLevelWasLoaded was found on BoxController
This message has been deprecated and will be removed in a later version of Unity.
Add a delegate to SceneManager.sceneLoaded instead to get notifications after scene loading has completed
OnLevelWasLoaded was found on AdmobAds
This message has been deprecated and will be removed in a later version of Unity.
Add a delegate to SceneManager.sceneLoaded instead to get notifications after scene loading has completed
Refreshing native plugins compatible for Editor in 11.38 ms, found 10 plugins.
Preloading 0 native plugins for Editor in 0.00 ms.
Unloading 7066 Unused Serialized files (Serialized files now loaded: 0)
Unloading 337 unused Assets / (1.9 MB). Loaded Objects now: 8172.
Memory consumption went from 275.4 MB to 273.5 MB.
Total: 22.629900 ms (FindLiveObjects: 0.646800 ms CreateObjectMapping: 0.439400 ms MarkObjects: 19.394300 ms  DeleteObjects: 2.146800 ms)

Prepare: number of updated asset objects reloaded= 0
AssetImportParameters requested are different than current active one (requested -> active):
  custom:container-demuxer-ogg: 62fdf1f143b41e24485cea50d1cbac27 -> 
  custom:framework-win-MediaFoundation: 216162199b28c13a410421893ffa2e32 -> 
  custom:container-muxer-webm: aa71ff27fc2769a1b78a27578f13a17b -> 
  custom:video-decoder-webm-vp8: 9c59270c3fd7afecdb556c50c9e8de78 -> 
  custom:SearchIndexIgnoredProperties: e643bd26f0fe6173181afceb89e7c659 -> 
  custom:AudioImporter_EditorPlatform: d09bf68614088b80899f8185d706f6e7 -> 
  custom:audio-decoder-ogg-vorbis: bf7c407c2cedff20999df2af8eb42d56 -> 
  custom:audio-encoder-webm-vorbis: bf7c407c2cedff20999df2af8eb42d56 -> 
  custom:video-decoder-ogg-theora: a1e56fd34408186e4bbccfd4996cb3dc -> 
  custom:CustomObjectIndexerAttribute: 62b5816608c3102f162a1797e29626cf -> 
  custom:container-demuxer-webm: 4f35f7cbe854078d1ac9338744f61a02 -> 
  custom:video-encoder-webm-vp8: eb34c28f22e8b96e1ab97ce403110664 -> 
========================================================================
Received Prepare
Begin MonoManager ReloadAssembly
Symbol file LoadedFromMemory is not a mono symbol file
- Loaded All Assemblies, in  0.582 seconds
Refreshing native plugins compatible for Editor in 11.25 ms, found 10 plugins.
Native extension for WindowsStandalone target not found
Native extension for iOS target not found
Native extension for Android target not found
[Package Manager] Server::EnsureServerProcessIsRunning -- launch failed, reason: Unity was launched with the -noUpm command-line argument
[Package Manager] UpmClient::Send -- Unable to send message (not connected to UPM process).
[Package Manager] Cannot connect to Unity Package Manager local server
Debug [AppLovin MAX] Deleting obsolete network AdColony from path Assets\MaxSdk/Mediation/AdColony...
UnityEngine.StackTraceUtility:ExtractStackTrace ()
UnityEngine.DebugLogHandler:LogFormat (UnityEngine.LogType,UnityEngine.Object,string,object[])
UnityEngine.Logger:Log (UnityEngine.LogType,object)
UnityEngine.Debug:Log (object)
MaxSdkLogger:UserDebug (string) (at Assets/MaxSdk/Scripts/MaxSdkLogger.cs:13)
AppLovinMax.Scripts.IntegrationManager.Editor.AppLovinInitialize:.cctor () (at Assets/MaxSdk/Scripts/IntegrationManager/Editor/AppLovinInitialize.cs:118)
System.Runtime.CompilerServices.RuntimeHelpers:RunClassConstructor (System.RuntimeTypeHandle)
UnityEditor.EditorAssemblies:ProcessInitializeOnLoadAttributes (System.Type[])

(Filename: Assets/MaxSdk/Scripts/MaxSdkLogger.cs Line: 13)

Debug [AppLovin MAX] AppLovin MAX Migration completed
UnityEngine.StackTraceUtility:ExtractStackTrace ()
UnityEngine.DebugLogHandler:LogFormat (UnityEngine.LogType,UnityEngine.Object,string,object[])
UnityEngine.Logger:Log (UnityEngine.LogType,object)
UnityEngine.Debug:Log (object)
MaxSdkLogger:UserDebug (string) (at Assets/MaxSdk/Scripts/MaxSdkLogger.cs:13)
AppLovinMax.Scripts.IntegrationManager.Editor.AppLovinInitialize:.cctor () (at Assets/MaxSdk/Scripts/IntegrationManager/Editor/AppLovinInitialize.cs:128)
System.Runtime.CompilerServices.RuntimeHelpers:RunClassConstructor (System.RuntimeTypeHandle)
UnityEditor.EditorAssemblies:ProcessInitializeOnLoadAttributes (System.Type[])

(Filename: Assets/MaxSdk/Scripts/MaxSdkLogger.cs Line: 13)

Unable to write to 'ProjectSettings\GvhProjectSettings.xml' (System.IO.IOException: Sharing violation on path D:\UnityProject\BonceMonney\ProjectSettings\GvhProjectSettings.xml
  at System.IO.FileStream..ctor (System.String path, System.IO.FileMode mode, System.IO.FileAccess access, System.IO.FileShare share, System.Int32 bufferSize, System.Boolean anonymous, System.IO.FileOptions options) [0x0019e] in <dc753a1061284f8e971ee88ee4826eee>:0 
  at System.IO.FileStream..ctor (System.String path, System.IO.FileMode mode, System.IO.FileAccess access, System.IO.FileShare share, System.Int32 bufferSize, System.IO.FileOptions options) [0x00000] in <dc753a1061284f8e971ee88ee4826eee>:0 
  at System.IO.FileStream..ctor (System.String path, System.IO.FileMode mode, System.IO.FileAccess access, System.IO.FileShare share, System.Int32 bufferSize, System.Boolean useAsync) [0x00000] in <dc753a1061284f8e971ee88ee4826eee>:0 
  at (wrapper remoting-invoke-with-check) System.IO.FileStream..ctor(string,System.IO.FileMode,System.IO.FileAccess,System.IO.FileShare,int,bool)
  at System.Xml.XmlWriterSettings.CreateWriter (System.String outputFileName) [0x00051] in <ae5badc4ec594809bfbe24220ad62e9b>:0 
  at System.Xml.XmlWriter.Create (System.String outputFileName, System.Xml.XmlWriterSettings settings) [0x0000a] in <ae5badc4ec594809bfbe24220ad62e9b>:0 
  at Google.ProjectSettings.Save () [0x00079] in /Users/amaurice/Documents/GitHub/unity-jar-resolver/source/VersionHandlerImpl/src/ProjectSettings.cs:821 , Project settings were not saved!
UnityEngine.StackTraceUtility:ExtractStackTrace ()
UnityEngine.DebugLogHandler:LogFormat (UnityEngine.LogType,UnityEngine.Object,string,object[])
UnityEngine.Logger:Log (UnityEngine.LogType,object)
UnityEngine.Debug:LogError (object)
Google.Logger:Log (string,Google.LogLevel) (at /Users/amaurice/Documents/GitHub/unity-jar-resolver/source/VersionHandlerImpl/src/Logger.cs:136)
Google.ProjectSettings:Save () (at /Users/amaurice/Documents/GitHub/unity-jar-resolver/source/VersionHandlerImpl/src/ProjectSettings.cs:844)
Google.ProjectSettings:SetBool (string,bool,Google.SettingsLocation) (at /Users/amaurice/Documents/GitHub/unity-jar-resolver/source/VersionHandlerImpl/src/ProjectSettings.cs:485)
Google.ProjectSettings:SetBool (string,bool) (at /Users/amaurice/Documents/GitHub/unity-jar-resolver/source/VersionHandlerImpl/src/ProjectSettings.cs:497)
Google.IOSResolver:set_VerboseLoggingEnabled (bool) (at /Users/amaurice/Documents/GitHub/unity-jar-resolver/source/IOSResolver/src/IOSResolver.cs:1041)
Google.IOSResolver:.cctor () (at /Users/amaurice/Documents/GitHub/unity-jar-resolver/source/IOSResolver/src/IOSResolver.cs:727)
System.Runtime.CompilerServices.RuntimeHelpers:RunClassConstructor (System.RuntimeTypeHandle)
UnityEditor.EditorAssemblies:ProcessInitializeOnLoadAttributes (System.Type[])

(Filename: /Users/amaurice/Documents/GitHub/unity-jar-resolver/source/VersionHandlerImpl/src/ProjectSettings.cs Line: 844)

Mono: successfully reloaded assembly
- Finished resetting the current domain, in  1.589 seconds
Domain Reload Profiling: 2169ms
	BeginReloadAssembly (167ms)
		ExecutionOrderSort (0ms)
		DisableScriptedObjects (8ms)
		BackupInstance (0ms)
		ReleaseScriptingObjects (0ms)
		CreateAndSetChildDomain (55ms)
	RebuildCommonClasses (24ms)
	RebuildNativeTypeToScriptingClass (8ms)
	initialDomainReloadingComplete (27ms)
	LoadAllAssembliesAndSetupDomain (354ms)
		LoadAssemblies (367ms)
		RebuildTransferFunctionScriptingTraits (0ms)
		AnalyzeDomain (65ms)
			TypeCache.Refresh (26ms)
				TypeCache.ScanAssembly (11ms)
			ScanForSourceGeneratedMonoScriptInfo (24ms)
			ResolveRequiredComponents (12ms)
	FinalizeReload (1589ms)
		ReleaseScriptCaches (0ms)
		RebuildScriptCaches (0ms)
		SetupLoadedEditorAssemblies (1084ms)
			LogAssemblyErrors (0ms)
			InitializePlatformSupportModulesInManaged (26ms)
			SetLoadedEditorAssemblies (3ms)
			RefreshPlugins (0ms)
			BeforeProcessingInitializeOnLoad (73ms)
			ProcessInitializeOnLoadAttributes (523ms)
			ProcessInitializeOnLoadMethodAttributes (454ms)
			AfterProcessingInitializeOnLoad (4ms)
			EditorAssembliesLoaded (0ms)
		ExecutionOrderSort2 (0ms)
		AwakeInstancesAfterBackupRestoration (10ms)
OnLevelWasLoaded was found on Reporter
This message has been deprecated and will be removed in a later version of Unity.
Add a delegate to SceneManager.sceneLoaded instead to get notifications after scene loading has completed
OnLevelWasLoaded was found on BoxController
This message has been deprecated and will be removed in a later version of Unity.
Add a delegate to SceneManager.sceneLoaded instead to get notifications after scene loading has completed
OnLevelWasLoaded was found on AdmobAds
This message has been deprecated and will be removed in a later version of Unity.
Add a delegate to SceneManager.sceneLoaded instead to get notifications after scene loading has completed
Refreshing native plugins compatible for Editor in 10.59 ms, found 10 plugins.
Preloading 0 native plugins for Editor in 0.00 ms.
Unloading 7066 Unused Serialized files (Serialized files now loaded: 0)
Unloading 337 unused Assets / (1.9 MB). Loaded Objects now: 8208.
Memory consumption went from 277.3 MB to 275.4 MB.
Total: 17.568200 ms (FindLiveObjects: 0.496400 ms CreateObjectMapping: 0.314000 ms MarkObjects: 15.241300 ms  DeleteObjects: 1.514800 ms)

Prepare: number of updated asset objects reloaded= 0
AssetImportParameters requested are different than current active one (requested -> active):
  custom:container-demuxer-ogg: 62fdf1f143b41e24485cea50d1cbac27 -> 
  custom:framework-win-MediaFoundation: 216162199b28c13a410421893ffa2e32 -> 
  custom:container-muxer-webm: aa71ff27fc2769a1b78a27578f13a17b -> 
  custom:video-decoder-webm-vp8: 9c59270c3fd7afecdb556c50c9e8de78 -> 
  custom:SearchIndexIgnoredProperties: e643bd26f0fe6173181afceb89e7c659 -> 
  custom:AudioImporter_EditorPlatform: d09bf68614088b80899f8185d706f6e7 -> 
  custom:audio-decoder-ogg-vorbis: bf7c407c2cedff20999df2af8eb42d56 -> 
  custom:audio-encoder-webm-vorbis: bf7c407c2cedff20999df2af8eb42d56 -> 
  custom:video-decoder-ogg-theora: a1e56fd34408186e4bbccfd4996cb3dc -> 
  custom:CustomObjectIndexerAttribute: 62b5816608c3102f162a1797e29626cf -> 
  custom:container-demuxer-webm: 4f35f7cbe854078d1ac9338744f61a02 -> 
  custom:video-encoder-webm-vp8: eb34c28f22e8b96e1ab97ce403110664 -> 
========================================================================
Received Prepare
Begin MonoManager ReloadAssembly
Symbol file LoadedFromMemory is not a mono symbol file
- Loaded All Assemblies, in  3.616 seconds
Refreshing native plugins compatible for Editor in 73.00 ms, found 10 plugins.
Native extension for WindowsStandalone target not found
Native extension for iOS target not found
Native extension for Android target not found
[Package Manager] Server::EnsureServerProcessIsRunning -- launch failed, reason: Unity was launched with the -noUpm command-line argument
[Package Manager] UpmClient::Send -- Unable to send message (not connected to UPM process).
[Package Manager] Cannot connect to Unity Package Manager local server
[ScriptCompilation] NOT recompiling all scripts because this is an import worker process. Reason to compile was: Define symbols changed
Mono: successfully reloaded assembly
- Finished resetting the current domain, in 40.186 seconds
Domain Reload Profiling: 43832ms
	BeginReloadAssembly (391ms)
		ExecutionOrderSort (0ms)
		DisableScriptedObjects (18ms)
		BackupInstance (0ms)
		ReleaseScriptingObjects (1ms)
		CreateAndSetChildDomain (161ms)
	RebuildCommonClasses (45ms)
	RebuildNativeTypeToScriptingClass (13ms)
	initialDomainReloadingComplete (49ms)
	LoadAllAssembliesAndSetupDomain (3148ms)
		LoadAssemblies (2283ms)
		RebuildTransferFunctionScriptingTraits (0ms)
		AnalyzeDomain (987ms)
			TypeCache.Refresh (878ms)
				TypeCache.ScanAssembly (813ms)
			ScanForSourceGeneratedMonoScriptInfo (51ms)
			ResolveRequiredComponents (54ms)
	FinalizeReload (40187ms)
		ReleaseScriptCaches (0ms)
		RebuildScriptCaches (0ms)
		SetupLoadedEditorAssemblies (1457ms)
			LogAssemblyErrors (0ms)
			InitializePlatformSupportModulesInManaged (40ms)
			SetLoadedEditorAssemblies (3ms)
			RefreshPlugins (0ms)
			BeforeProcessingInitializeOnLoad (75ms)
			ProcessInitializeOnLoadAttributes (1194ms)
			ProcessInitializeOnLoadMethodAttributes (140ms)
			AfterProcessingInitializeOnLoad (4ms)
			EditorAssembliesLoaded (0ms)
		ExecutionOrderSort2 (0ms)
		AwakeInstancesAfterBackupRestoration (10ms)
OnLevelWasLoaded was found on Reporter
This message has been deprecated and will be removed in a later version of Unity.
Add a delegate to SceneManager.sceneLoaded instead to get notifications after scene loading has completed
OnLevelWasLoaded was found on BoxController
This message has been deprecated and will be removed in a later version of Unity.
Add a delegate to SceneManager.sceneLoaded instead to get notifications after scene loading has completed
OnLevelWasLoaded was found on AdmobAds
This message has been deprecated and will be removed in a later version of Unity.
Add a delegate to SceneManager.sceneLoaded instead to get notifications after scene loading has completed
Refreshing native plugins compatible for Editor in 10.48 ms, found 10 plugins.
Preloading 0 native plugins for Editor in 0.00 ms.
Unloading 7072 Unused Serialized files (Serialized files now loaded: 0)
Unloading 343 unused Assets / (2.1 MB). Loaded Objects now: 8250.
Memory consumption went from 280.5 MB to 278.4 MB.
Total: 21.623000 ms (FindLiveObjects: 0.705800 ms CreateObjectMapping: 0.357500 ms MarkObjects: 18.315500 ms  DeleteObjects: 2.242300 ms)

Prepare: number of updated asset objects reloaded= 0
AssetImportParameters requested are different than current active one (requested -> active):
  custom:container-demuxer-ogg: 62fdf1f143b41e24485cea50d1cbac27 -> 
  custom:framework-win-MediaFoundation: 216162199b28c13a410421893ffa2e32 -> 
  custom:container-muxer-webm: aa71ff27fc2769a1b78a27578f13a17b -> 
  custom:video-decoder-webm-vp8: 9c59270c3fd7afecdb556c50c9e8de78 -> 
  custom:SearchIndexIgnoredProperties: e643bd26f0fe6173181afceb89e7c659 -> 
  custom:AudioImporter_EditorPlatform: d09bf68614088b80899f8185d706f6e7 -> 
  custom:audio-decoder-ogg-vorbis: bf7c407c2cedff20999df2af8eb42d56 -> 
  custom:audio-encoder-webm-vorbis: bf7c407c2cedff20999df2af8eb42d56 -> 
  custom:video-decoder-ogg-theora: a1e56fd34408186e4bbccfd4996cb3dc -> 
  custom:CustomObjectIndexerAttribute: 62b5816608c3102f162a1797e29626cf -> 
  custom:container-demuxer-webm: 4f35f7cbe854078d1ac9338744f61a02 -> 
  custom:video-encoder-webm-vp8: eb34c28f22e8b96e1ab97ce403110664 -> 
========================================================================
Received Prepare
Begin MonoManager ReloadAssembly
Symbol file LoadedFromMemory is not a mono symbol file
- Loaded All Assemblies, in  0.902 seconds
Refreshing native plugins compatible for Editor in 12.26 ms, found 10 plugins.
Native extension for WindowsStandalone target not found
Native extension for iOS target not found
Native extension for Android target not found
[Package Manager] Server::EnsureServerProcessIsRunning -- launch failed, reason: Unity was launched with the -noUpm command-line argument
[Package Manager] UpmClient::Send -- Unable to send message (not connected to UPM process).
[Package Manager] Cannot connect to Unity Package Manager local server
Debug [AppLovin MAX] Deleting obsolete network AdColony from path Assets\MaxSdk/Mediation/AdColony...
UnityEngine.StackTraceUtility:ExtractStackTrace ()
UnityEngine.DebugLogHandler:LogFormat (UnityEngine.LogType,UnityEngine.Object,string,object[])
UnityEngine.Logger:Log (UnityEngine.LogType,object)
UnityEngine.Debug:Log (object)
MaxSdkLogger:UserDebug (string) (at Assets/MaxSdk/Scripts/MaxSdkLogger.cs:13)
AppLovinMax.Scripts.IntegrationManager.Editor.AppLovinInitialize:.cctor () (at Assets/MaxSdk/Scripts/IntegrationManager/Editor/AppLovinInitialize.cs:118)
System.Runtime.CompilerServices.RuntimeHelpers:RunClassConstructor (System.RuntimeTypeHandle)
UnityEditor.EditorAssemblies:ProcessInitializeOnLoadAttributes (System.Type[])

(Filename: Assets/MaxSdk/Scripts/MaxSdkLogger.cs Line: 13)

Debug [AppLovin MAX] AppLovin MAX Migration completed
UnityEngine.StackTraceUtility:ExtractStackTrace ()
UnityEngine.DebugLogHandler:LogFormat (UnityEngine.LogType,UnityEngine.Object,string,object[])
UnityEngine.Logger:Log (UnityEngine.LogType,object)
UnityEngine.Debug:Log (object)
MaxSdkLogger:UserDebug (string) (at Assets/MaxSdk/Scripts/MaxSdkLogger.cs:13)
AppLovinMax.Scripts.IntegrationManager.Editor.AppLovinInitialize:.cctor () (at Assets/MaxSdk/Scripts/IntegrationManager/Editor/AppLovinInitialize.cs:128)
System.Runtime.CompilerServices.RuntimeHelpers:RunClassConstructor (System.RuntimeTypeHandle)
UnityEditor.EditorAssemblies:ProcessInitializeOnLoadAttributes (System.Type[])

(Filename: Assets/MaxSdk/Scripts/MaxSdkLogger.cs Line: 13)

Unable to write to 'ProjectSettings\GvhProjectSettings.xml' (System.IO.IOException: Sharing violation on path D:\UnityProject\BonceMonney\ProjectSettings\GvhProjectSettings.xml
  at System.IO.FileStream..ctor (System.String path, System.IO.FileMode mode, System.IO.FileAccess access, System.IO.FileShare share, System.Int32 bufferSize, System.Boolean anonymous, System.IO.FileOptions options) [0x0019e] in <dc753a1061284f8e971ee88ee4826eee>:0 
  at System.IO.FileStream..ctor (System.String path, System.IO.FileMode mode, System.IO.FileAccess access, System.IO.FileShare share, System.Int32 bufferSize, System.IO.FileOptions options) [0x00000] in <dc753a1061284f8e971ee88ee4826eee>:0 
  at System.IO.FileStream..ctor (System.String path, System.IO.FileMode mode, System.IO.FileAccess access, System.IO.FileShare share, System.Int32 bufferSize, System.Boolean useAsync) [0x00000] in <dc753a1061284f8e971ee88ee4826eee>:0 
  at (wrapper remoting-invoke-with-check) System.IO.FileStream..ctor(string,System.IO.FileMode,System.IO.FileAccess,System.IO.FileShare,int,bool)
  at System.Xml.XmlWriterSettings.CreateWriter (System.String outputFileName) [0x00051] in <ae5badc4ec594809bfbe24220ad62e9b>:0 
  at System.Xml.XmlWriter.Create (System.String outputFileName, System.Xml.XmlWriterSettings settings) [0x0000a] in <ae5badc4ec594809bfbe24220ad62e9b>:0 
  at Google.ProjectSettings.Save () [0x00079] in /Users/amaurice/Documents/GitHub/unity-jar-resolver/source/VersionHandlerImpl/src/ProjectSettings.cs:821 , Project settings were not saved!
UnityEngine.StackTraceUtility:ExtractStackTrace ()
UnityEngine.DebugLogHandler:LogFormat (UnityEngine.LogType,UnityEngine.Object,string,object[])
UnityEngine.Logger:Log (UnityEngine.LogType,object)
UnityEngine.Debug:LogError (object)
Google.Logger:Log (string,Google.LogLevel) (at /Users/amaurice/Documents/GitHub/unity-jar-resolver/source/VersionHandlerImpl/src/Logger.cs:136)
Google.ProjectSettings:Save () (at /Users/amaurice/Documents/GitHub/unity-jar-resolver/source/VersionHandlerImpl/src/ProjectSettings.cs:844)
Google.ProjectSettings:SetBool (string,bool,Google.SettingsLocation) (at /Users/amaurice/Documents/GitHub/unity-jar-resolver/source/VersionHandlerImpl/src/ProjectSettings.cs:485)
Google.ProjectSettings:SetBool (string,bool) (at /Users/amaurice/Documents/GitHub/unity-jar-resolver/source/VersionHandlerImpl/src/ProjectSettings.cs:497)
Google.IOSResolver:set_VerboseLoggingEnabled (bool) (at /Users/amaurice/Documents/GitHub/unity-jar-resolver/source/IOSResolver/src/IOSResolver.cs:1041)
Google.IOSResolver:.cctor () (at /Users/amaurice/Documents/GitHub/unity-jar-resolver/source/IOSResolver/src/IOSResolver.cs:727)
System.Runtime.CompilerServices.RuntimeHelpers:RunClassConstructor (System.RuntimeTypeHandle)
UnityEditor.EditorAssemblies:ProcessInitializeOnLoadAttributes (System.Type[])

(Filename: /Users/amaurice/Documents/GitHub/unity-jar-resolver/source/VersionHandlerImpl/src/ProjectSettings.cs Line: 844)

Mono: successfully reloaded assembly
- Finished resetting the current domain, in  2.666 seconds
Domain Reload Profiling: 3566ms
	BeginReloadAssembly (214ms)
		ExecutionOrderSort (0ms)
		DisableScriptedObjects (15ms)
		BackupInstance (0ms)
		ReleaseScriptingObjects (0ms)
		CreateAndSetChildDomain (61ms)
	RebuildCommonClasses (25ms)
	RebuildNativeTypeToScriptingClass (9ms)
	initialDomainReloadingComplete (32ms)
	LoadAllAssembliesAndSetupDomain (620ms)
		LoadAssemblies (544ms)
		RebuildTransferFunctionScriptingTraits (0ms)
		AnalyzeDomain (181ms)
			TypeCache.Refresh (127ms)
				TypeCache.ScanAssembly (98ms)
			ScanForSourceGeneratedMonoScriptInfo (29ms)
			ResolveRequiredComponents (23ms)
	FinalizeReload (2666ms)
		ReleaseScriptCaches (0ms)
		RebuildScriptCaches (0ms)
		SetupLoadedEditorAssemblies (736ms)
			LogAssemblyErrors (0ms)
			InitializePlatformSupportModulesInManaged (29ms)
			SetLoadedEditorAssemblies (3ms)
			RefreshPlugins (0ms)
			BeforeProcessingInitializeOnLoad (58ms)
			ProcessInitializeOnLoadAttributes (538ms)
			ProcessInitializeOnLoadMethodAttributes (103ms)
			AfterProcessingInitializeOnLoad (4ms)
			EditorAssembliesLoaded (0ms)
		ExecutionOrderSort2 (0ms)
		AwakeInstancesAfterBackupRestoration (9ms)
OnLevelWasLoaded was found on Reporter
This message has been deprecated and will be removed in a later version of Unity.
Add a delegate to SceneManager.sceneLoaded instead to get notifications after scene loading has completed
OnLevelWasLoaded was found on BoxController
This message has been deprecated and will be removed in a later version of Unity.
Add a delegate to SceneManager.sceneLoaded instead to get notifications after scene loading has completed
OnLevelWasLoaded was found on AdmobAds
This message has been deprecated and will be removed in a later version of Unity.
Add a delegate to SceneManager.sceneLoaded instead to get notifications after scene loading has completed
Refreshing native plugins compatible for Editor in 10.20 ms, found 10 plugins.
Preloading 0 native plugins for Editor in 0.00 ms.
Unloading 7072 Unused Serialized files (Serialized files now loaded: 0)
Unloading 342 unused Assets / (2.1 MB). Loaded Objects now: 8286.
Memory consumption went from 282.5 MB to 280.4 MB.
Total: 19.174000 ms (FindLiveObjects: 0.541800 ms CreateObjectMapping: 0.270400 ms MarkObjects: 16.204000 ms  DeleteObjects: 2.156200 ms)

Prepare: number of updated asset objects reloaded= 0
AssetImportParameters requested are different than current active one (requested -> active):
  custom:container-demuxer-ogg: 62fdf1f143b41e24485cea50d1cbac27 -> 
  custom:framework-win-MediaFoundation: 216162199b28c13a410421893ffa2e32 -> 
  custom:container-muxer-webm: aa71ff27fc2769a1b78a27578f13a17b -> 
  custom:video-decoder-webm-vp8: 9c59270c3fd7afecdb556c50c9e8de78 -> 
  custom:SearchIndexIgnoredProperties: e643bd26f0fe6173181afceb89e7c659 -> 
  custom:AudioImporter_EditorPlatform: d09bf68614088b80899f8185d706f6e7 -> 
  custom:audio-decoder-ogg-vorbis: bf7c407c2cedff20999df2af8eb42d56 -> 
  custom:audio-encoder-webm-vorbis: bf7c407c2cedff20999df2af8eb42d56 -> 
  custom:video-decoder-ogg-theora: a1e56fd34408186e4bbccfd4996cb3dc -> 
  custom:CustomObjectIndexerAttribute: 62b5816608c3102f162a1797e29626cf -> 
  custom:container-demuxer-webm: 4f35f7cbe854078d1ac9338744f61a02 -> 
  custom:video-encoder-webm-vp8: eb34c28f22e8b96e1ab97ce403110664 -> 
========================================================================
Received Prepare
Begin MonoManager ReloadAssembly
Symbol file LoadedFromMemory is not a mono symbol file
- Loaded All Assemblies, in  0.652 seconds
Refreshing native plugins compatible for Editor in 15.59 ms, found 10 plugins.
Native extension for WindowsStandalone target not found
Native extension for iOS target not found
Native extension for Android target not found
[Package Manager] Server::EnsureServerProcessIsRunning -- launch failed, reason: Unity was launched with the -noUpm command-line argument
[Package Manager] UpmClient::Send -- Unable to send message (not connected to UPM process).
[Package Manager] Cannot connect to Unity Package Manager local server
Mono: successfully reloaded assembly
- Finished resetting the current domain, in  1.303 seconds
Domain Reload Profiling: 1952ms
	BeginReloadAssembly (203ms)
		ExecutionOrderSort (0ms)
		DisableScriptedObjects (9ms)
		BackupInstance (0ms)
		ReleaseScriptingObjects (0ms)
		CreateAndSetChildDomain (71ms)
	RebuildCommonClasses (32ms)
	RebuildNativeTypeToScriptingClass (9ms)
	initialDomainReloadingComplete (30ms)
	LoadAllAssembliesAndSetupDomain (375ms)
		LoadAssemblies (399ms)
		RebuildTransferFunctionScriptingTraits (0ms)
		AnalyzeDomain (72ms)
			TypeCache.Refresh (27ms)
				TypeCache.ScanAssembly (12ms)
			ScanForSourceGeneratedMonoScriptInfo (27ms)
			ResolveRequiredComponents (16ms)
	FinalizeReload (1303ms)
		ReleaseScriptCaches (0ms)
		RebuildScriptCaches (0ms)
		SetupLoadedEditorAssemblies (844ms)
			LogAssemblyErrors (0ms)
			InitializePlatformSupportModulesInManaged (26ms)
			SetLoadedEditorAssemblies (3ms)
			RefreshPlugins (0ms)
			BeforeProcessingInitializeOnLoad (67ms)
			ProcessInitializeOnLoadAttributes (626ms)
			ProcessInitializeOnLoadMethodAttributes (116ms)
			AfterProcessingInitializeOnLoad (5ms)
			EditorAssembliesLoaded (0ms)
		ExecutionOrderSort2 (0ms)
		AwakeInstancesAfterBackupRestoration (10ms)
OnLevelWasLoaded was found on Reporter
This message has been deprecated and will be removed in a later version of Unity.
Add a delegate to SceneManager.sceneLoaded instead to get notifications after scene loading has completed
OnLevelWasLoaded was found on BoxController
This message has been deprecated and will be removed in a later version of Unity.
Add a delegate to SceneManager.sceneLoaded instead to get notifications after scene loading has completed
OnLevelWasLoaded was found on AdmobAds
This message has been deprecated and will be removed in a later version of Unity.
Add a delegate to SceneManager.sceneLoaded instead to get notifications after scene loading has completed
Refreshing native plugins compatible for Editor in 11.76 ms, found 10 plugins.
Preloading 0 native plugins for Editor in 0.00 ms.
Unloading 7072 Unused Serialized files (Serialized files now loaded: 0)
Unloading 342 unused Assets / (2.1 MB). Loaded Objects now: 8322.
Memory consumption went from 284.6 MB to 282.4 MB.
Total: 18.210100 ms (FindLiveObjects: 0.535600 ms CreateObjectMapping: 0.303000 ms MarkObjects: 15.298300 ms  DeleteObjects: 2.071800 ms)

Prepare: number of updated asset objects reloaded= 0
AssetImportParameters requested are different than current active one (requested -> active):
  custom:container-demuxer-ogg: 62fdf1f143b41e24485cea50d1cbac27 -> 
  custom:framework-win-MediaFoundation: 216162199b28c13a410421893ffa2e32 -> 
  custom:container-muxer-webm: aa71ff27fc2769a1b78a27578f13a17b -> 
  custom:video-decoder-webm-vp8: 9c59270c3fd7afecdb556c50c9e8de78 -> 
  custom:SearchIndexIgnoredProperties: e643bd26f0fe6173181afceb89e7c659 -> 
  custom:AudioImporter_EditorPlatform: d09bf68614088b80899f8185d706f6e7 -> 
  custom:audio-decoder-ogg-vorbis: bf7c407c2cedff20999df2af8eb42d56 -> 
  custom:audio-encoder-webm-vorbis: bf7c407c2cedff20999df2af8eb42d56 -> 
  custom:video-decoder-ogg-theora: a1e56fd34408186e4bbccfd4996cb3dc -> 
  custom:CustomObjectIndexerAttribute: 62b5816608c3102f162a1797e29626cf -> 
  custom:container-demuxer-webm: 4f35f7cbe854078d1ac9338744f61a02 -> 
  custom:video-encoder-webm-vp8: eb34c28f22e8b96e1ab97ce403110664 -> 
========================================================================
Received Prepare
Begin MonoManager ReloadAssembly
Symbol file LoadedFromMemory is not a mono symbol file
- Loaded All Assemblies, in  0.583 seconds
Refreshing native plugins compatible for Editor in 32.92 ms, found 10 plugins.
Native extension for WindowsStandalone target not found
Native extension for iOS target not found
Native extension for Android target not found
[Package Manager] Server::EnsureServerProcessIsRunning -- launch failed, reason: Unity was launched with the -noUpm command-line argument
[Package Manager] UpmClient::Send -- Unable to send message (not connected to UPM process).
[Package Manager] Cannot connect to Unity Package Manager local server
Mono: successfully reloaded assembly
- Finished resetting the current domain, in  1.310 seconds
Domain Reload Profiling: 1891ms
	BeginReloadAssembly (168ms)
		ExecutionOrderSort (0ms)
		DisableScriptedObjects (9ms)
		BackupInstance (0ms)
		ReleaseScriptingObjects (0ms)
		CreateAndSetChildDomain (59ms)
	RebuildCommonClasses (24ms)
	RebuildNativeTypeToScriptingClass (11ms)
	initialDomainReloadingComplete (28ms)
	LoadAllAssembliesAndSetupDomain (350ms)
		LoadAssemblies (362ms)
		RebuildTransferFunctionScriptingTraits (0ms)
		AnalyzeDomain (61ms)
			TypeCache.Refresh (26ms)
				TypeCache.ScanAssembly (11ms)
			ScanForSourceGeneratedMonoScriptInfo (20ms)
			ResolveRequiredComponents (12ms)
	FinalizeReload (1310ms)
		ReleaseScriptCaches (0ms)
		RebuildScriptCaches (0ms)
		SetupLoadedEditorAssemblies (858ms)
			LogAssemblyErrors (0ms)
			InitializePlatformSupportModulesInManaged (26ms)
			SetLoadedEditorAssemblies (3ms)
			RefreshPlugins (0ms)
			BeforeProcessingInitializeOnLoad (73ms)
			ProcessInitializeOnLoadAttributes (645ms)
			ProcessInitializeOnLoadMethodAttributes (106ms)
			AfterProcessingInitializeOnLoad (4ms)
			EditorAssembliesLoaded (0ms)
		ExecutionOrderSort2 (0ms)
		AwakeInstancesAfterBackupRestoration (9ms)
OnLevelWasLoaded was found on Reporter
This message has been deprecated and will be removed in a later version of Unity.
Add a delegate to SceneManager.sceneLoaded instead to get notifications after scene loading has completed
OnLevelWasLoaded was found on BoxController
This message has been deprecated and will be removed in a later version of Unity.
Add a delegate to SceneManager.sceneLoaded instead to get notifications after scene loading has completed
OnLevelWasLoaded was found on AdmobAds
This message has been deprecated and will be removed in a later version of Unity.
Add a delegate to SceneManager.sceneLoaded instead to get notifications after scene loading has completed
Refreshing native plugins compatible for Editor in 11.90 ms, found 10 plugins.
Preloading 0 native plugins for Editor in 0.00 ms.
Unloading 7072 Unused Serialized files (Serialized files now loaded: 0)
Unloading 342 unused Assets / (2.1 MB). Loaded Objects now: 8358.
Memory consumption went from 286.5 MB to 284.4 MB.
Total: 20.728500 ms (FindLiveObjects: 0.617200 ms CreateObjectMapping: 0.314400 ms MarkObjects: 17.738000 ms  DeleteObjects: 2.056200 ms)

Prepare: number of updated asset objects reloaded= 0
AssetImportParameters requested are different than current active one (requested -> active):
  custom:container-demuxer-ogg: 62fdf1f143b41e24485cea50d1cbac27 -> 
  custom:framework-win-MediaFoundation: 216162199b28c13a410421893ffa2e32 -> 
  custom:container-muxer-webm: aa71ff27fc2769a1b78a27578f13a17b -> 
  custom:video-decoder-webm-vp8: 9c59270c3fd7afecdb556c50c9e8de78 -> 
  custom:SearchIndexIgnoredProperties: e643bd26f0fe6173181afceb89e7c659 -> 
  custom:AudioImporter_EditorPlatform: d09bf68614088b80899f8185d706f6e7 -> 
  custom:audio-decoder-ogg-vorbis: bf7c407c2cedff20999df2af8eb42d56 -> 
  custom:audio-encoder-webm-vorbis: bf7c407c2cedff20999df2af8eb42d56 -> 
  custom:video-decoder-ogg-theora: a1e56fd34408186e4bbccfd4996cb3dc -> 
  custom:CustomObjectIndexerAttribute: 62b5816608c3102f162a1797e29626cf -> 
  custom:container-demuxer-webm: 4f35f7cbe854078d1ac9338744f61a02 -> 
  custom:video-encoder-webm-vp8: eb34c28f22e8b96e1ab97ce403110664 -> 
========================================================================
Received Prepare
Begin MonoManager ReloadAssembly
Symbol file LoadedFromMemory is not a mono symbol file
- Loaded All Assemblies, in  0.596 seconds
Refreshing native plugins compatible for Editor in 11.82 ms, found 10 plugins.
Native extension for WindowsStandalone target not found
Native extension for iOS target not found
Native extension for Android target not found
[Package Manager] Server::EnsureServerProcessIsRunning -- launch failed, reason: Unity was launched with the -noUpm command-line argument
[Package Manager] UpmClient::Send -- Unable to send message (not connected to UPM process).
[Package Manager] Cannot connect to Unity Package Manager local server
Mono: successfully reloaded assembly
- Finished resetting the current domain, in  1.291 seconds
Domain Reload Profiling: 1886ms
	BeginReloadAssembly (159ms)
		ExecutionOrderSort (0ms)
		DisableScriptedObjects (8ms)
		BackupInstance (0ms)
		ReleaseScriptingObjects (0ms)
		CreateAndSetChildDomain (48ms)
	RebuildCommonClasses (27ms)
	RebuildNativeTypeToScriptingClass (9ms)
	initialDomainReloadingComplete (28ms)
	LoadAllAssembliesAndSetupDomain (372ms)
		LoadAssemblies (387ms)
		RebuildTransferFunctionScriptingTraits (0ms)
		AnalyzeDomain (61ms)
			TypeCache.Refresh (25ms)
				TypeCache.ScanAssembly (11ms)
			ScanForSourceGeneratedMonoScriptInfo (22ms)
			ResolveRequiredComponents (13ms)
	FinalizeReload (1292ms)
		ReleaseScriptCaches (0ms)
		RebuildScriptCaches (0ms)
		SetupLoadedEditorAssemblies (891ms)
			LogAssemblyErrors (0ms)
			InitializePlatformSupportModulesInManaged (37ms)
			SetLoadedEditorAssemblies (3ms)
			RefreshPlugins (0ms)
			BeforeProcessingInitializeOnLoad (69ms)
			ProcessInitializeOnLoadAttributes (681ms)
			ProcessInitializeOnLoadMethodAttributes (97ms)
			AfterProcessingInitializeOnLoad (4ms)
			EditorAssembliesLoaded (0ms)
		ExecutionOrderSort2 (0ms)
		AwakeInstancesAfterBackupRestoration (9ms)
OnLevelWasLoaded was found on Reporter
This message has been deprecated and will be removed in a later version of Unity.
Add a delegate to SceneManager.sceneLoaded instead to get notifications after scene loading has completed
OnLevelWasLoaded was found on BoxController
This message has been deprecated and will be removed in a later version of Unity.
Add a delegate to SceneManager.sceneLoaded instead to get notifications after scene loading has completed
OnLevelWasLoaded was found on AdmobAds
This message has been deprecated and will be removed in a later version of Unity.
Add a delegate to SceneManager.sceneLoaded instead to get notifications after scene loading has completed
Refreshing native plugins compatible for Editor in 10.76 ms, found 10 plugins.
Preloading 0 native plugins for Editor in 0.00 ms.
Unloading 7072 Unused Serialized files (Serialized files now loaded: 0)
Unloading 342 unused Assets / (2.1 MB). Loaded Objects now: 8394.
Memory consumption went from 288.5 MB to 286.4 MB.
Total: 16.198200 ms (FindLiveObjects: 0.538400 ms CreateObjectMapping: 0.245400 ms MarkObjects: 14.091000 ms  DeleteObjects: 1.321900 ms)

Prepare: number of updated asset objects reloaded= 0
AssetImportParameters requested are different than current active one (requested -> active):
  custom:container-demuxer-ogg: 62fdf1f143b41e24485cea50d1cbac27 -> 
  custom:framework-win-MediaFoundation: 216162199b28c13a410421893ffa2e32 -> 
  custom:container-muxer-webm: aa71ff27fc2769a1b78a27578f13a17b -> 
  custom:video-decoder-webm-vp8: 9c59270c3fd7afecdb556c50c9e8de78 -> 
  custom:SearchIndexIgnoredProperties: e643bd26f0fe6173181afceb89e7c659 -> 
  custom:AudioImporter_EditorPlatform: d09bf68614088b80899f8185d706f6e7 -> 
  custom:audio-decoder-ogg-vorbis: bf7c407c2cedff20999df2af8eb42d56 -> 
  custom:audio-encoder-webm-vorbis: bf7c407c2cedff20999df2af8eb42d56 -> 
  custom:video-decoder-ogg-theora: a1e56fd34408186e4bbccfd4996cb3dc -> 
  custom:CustomObjectIndexerAttribute: 62b5816608c3102f162a1797e29626cf -> 
  custom:container-demuxer-webm: 4f35f7cbe854078d1ac9338744f61a02 -> 
  custom:video-encoder-webm-vp8: eb34c28f22e8b96e1ab97ce403110664 -> 
========================================================================
Received Prepare
Begin MonoManager ReloadAssembly
Symbol file LoadedFromMemory is not a mono symbol file
- Loaded All Assemblies, in  0.609 seconds
Refreshing native plugins compatible for Editor in 12.41 ms, found 10 plugins.
Native extension for WindowsStandalone target not found
Native extension for iOS target not found
Native extension for Android target not found
[Package Manager] Server::EnsureServerProcessIsRunning -- launch failed, reason: Unity was launched with the -noUpm command-line argument
[Package Manager] UpmClient::Send -- Unable to send message (not connected to UPM process).
[Package Manager] Cannot connect to Unity Package Manager local server
System.IO.IOException: Sharing violation on path D:\UnityProject\BonceMonney\ProjectSettings\GvhProjectSettings.xml
  at System.IO.FileStream..ctor (System.String path, System.IO.FileMode mode, System.IO.FileAccess access, System.IO.FileShare share, System.Int32 bufferSize, System.Boolean anonymous, System.IO.FileOptions options) [0x0019e] in <dc753a1061284f8e971ee88ee4826eee>:0 
  at System.IO.FileStream..ctor (System.String path, System.IO.FileMode mode, System.IO.FileAccess access, System.IO.FileShare share, System.Int32 bufferSize, System.IO.FileOptions options) [0x00000] in <dc753a1061284f8e971ee88ee4826eee>:0 
  at (wrapper remoting-invoke-with-check) System.IO.FileStream..ctor(string,System.IO.FileMode,System.IO.FileAccess,System.IO.FileShare,int,System.IO.FileOptions)
  at System.IO.StreamReader..ctor (System.String path, System.Text.Encoding encoding, System.Boolean detectEncodingFromByteOrderMarks, System.Int32 bufferSize) [0x00055] in <dc753a1061284f8e971ee88ee4826eee>:0 
  at System.IO.StreamReader..ctor (System.String path, System.Boolean detectEncodingFromByteOrderMarks) [0x00007] in <dc753a1061284f8e971ee88ee4826eee>:0 
  at System.IO.StreamReader..ctor (System.String path) [0x00000] in <dc753a1061284f8e971ee88ee4826eee>:0 
  at (wrapper remoting-invoke-with-check) System.IO.StreamReader..ctor(string)
  at Google.XmlUtilities.ParseXmlTextFileElements (System.String filename, Google.Logger logger, Google.XmlUtilities+ParseElement parseElement) [0x00018] in /Users/amaurice/Documents/GitHub/unity-jar-resolver/source/VersionHandlerImpl/src/XmlUtilities.cs:104 
  at Google.ProjectSettings.Load () [0x00016] in /Users/amaurice/Documents/GitHub/unity-jar-resolver/source/VersionHandlerImpl/src/ProjectSettings.cs:777 
  at Google.ProjectSettings.LoadIfEmpty () [0x00023] in /Users/amaurice/Documents/GitHub/unity-jar-resolver/source/VersionHandlerImpl/src/ProjectSettings.cs:558 
  at Google.ProjectSettings.GetBool (System.String name, System.Boolean defaultValue, Google.SettingsLocation location) [0x00035] in /Users/amaurice/Documents/GitHub/unity-jar-resolver/source/VersionHandlerImpl/src/ProjectSettings.cs:606 
  at Google.ProjectSettings.GetBool (System.String name, System.Boolean defaultValue) [0x00001] in /Users/amaurice/Documents/GitHub/unity-jar-resolver/source/VersionHandlerImpl/src/ProjectSettings.cs:619 
  at Google.IOSResolver.get_VerboseLoggingEnabled () [0x00001] in /Users/amaurice/Documents/GitHub/unity-jar-resolver/source/IOSResolver/src/IOSResolver.cs:1039 
  at Google.IOSResolver..cctor () [0x00223] in /Users/amaurice/Documents/GitHub/unity-jar-resolver/source/IOSResolver/src/IOSResolver.cs:727 
UnityEngine.StackTraceUtility:ExtractStackTrace ()
UnityEngine.DebugLogHandler:LogFormat (UnityEngine.LogType,UnityEngine.Object,string,object[])
UnityEngine.Logger:Log (UnityEngine.LogType,object)
UnityEngine.Debug:LogError (object)
UnityEditor.EditorAssemblies:ProcessInitializeOnLoadAttributes (System.Type[])

Mono: successfully reloaded assembly
- Finished resetting the current domain, in  1.223 seconds
Domain Reload Profiling: 1830ms
	BeginReloadAssembly (170ms)
		ExecutionOrderSort (0ms)
		DisableScriptedObjects (9ms)
		BackupInstance (0ms)
		ReleaseScriptingObjects (0ms)
		CreateAndSetChildDomain (55ms)
	RebuildCommonClasses (27ms)
	RebuildNativeTypeToScriptingClass (9ms)
	initialDomainReloadingComplete (29ms)
	LoadAllAssembliesAndSetupDomain (373ms)
		LoadAssemblies (367ms)
		RebuildTransferFunctionScriptingTraits (0ms)
		AnalyzeDomain (82ms)
			TypeCache.Refresh (32ms)
				TypeCache.ScanAssembly (13ms)
			ScanForSourceGeneratedMonoScriptInfo (34ms)
			ResolveRequiredComponents (14ms)
	FinalizeReload (1223ms)
		ReleaseScriptCaches (0ms)
		RebuildScriptCaches (0ms)
		SetupLoadedEditorAssemblies (838ms)
			LogAssemblyErrors (0ms)
			InitializePlatformSupportModulesInManaged (25ms)
			SetLoadedEditorAssemblies (3ms)
			RefreshPlugins (0ms)
			BeforeProcessingInitializeOnLoad (64ms)
			ProcessInitializeOnLoadAttributes (635ms)
			ProcessInitializeOnLoadMethodAttributes (106ms)
			AfterProcessingInitializeOnLoad (4ms)
			EditorAssembliesLoaded (0ms)
		ExecutionOrderSort2 (0ms)
		AwakeInstancesAfterBackupRestoration (9ms)
OnLevelWasLoaded was found on Reporter
This message has been deprecated and will be removed in a later version of Unity.
Add a delegate to SceneManager.sceneLoaded instead to get notifications after scene loading has completed
OnLevelWasLoaded was found on BoxController
This message has been deprecated and will be removed in a later version of Unity.
Add a delegate to SceneManager.sceneLoaded instead to get notifications after scene loading has completed
OnLevelWasLoaded was found on AdmobAds
This message has been deprecated and will be removed in a later version of Unity.
Add a delegate to SceneManager.sceneLoaded instead to get notifications after scene loading has completed
Refreshing native plugins compatible for Editor in 10.80 ms, found 10 plugins.
Preloading 0 native plugins for Editor in 0.00 ms.
Unloading 7072 Unused Serialized files (Serialized files now loaded: 0)
Unloading 342 unused Assets / (2.1 MB). Loaded Objects now: 8430.
Memory consumption went from 290.4 MB to 288.3 MB.
Total: 18.469800 ms (FindLiveObjects: 0.510100 ms CreateObjectMapping: 0.280800 ms MarkObjects: 15.744500 ms  DeleteObjects: 1.932300 ms)

Prepare: number of updated asset objects reloaded= 0
AssetImportParameters requested are different than current active one (requested -> active):
  custom:container-demuxer-ogg: 62fdf1f143b41e24485cea50d1cbac27 -> 
  custom:framework-win-MediaFoundation: 216162199b28c13a410421893ffa2e32 -> 
  custom:container-muxer-webm: aa71ff27fc2769a1b78a27578f13a17b -> 
  custom:video-decoder-webm-vp8: 9c59270c3fd7afecdb556c50c9e8de78 -> 
  custom:SearchIndexIgnoredProperties: e643bd26f0fe6173181afceb89e7c659 -> 
  custom:AudioImporter_EditorPlatform: d09bf68614088b80899f8185d706f6e7 -> 
  custom:audio-decoder-ogg-vorbis: bf7c407c2cedff20999df2af8eb42d56 -> 
  custom:audio-encoder-webm-vorbis: bf7c407c2cedff20999df2af8eb42d56 -> 
  custom:video-decoder-ogg-theora: a1e56fd34408186e4bbccfd4996cb3dc -> 
  custom:CustomObjectIndexerAttribute: 62b5816608c3102f162a1797e29626cf -> 
  custom:container-demuxer-webm: 4f35f7cbe854078d1ac9338744f61a02 -> 
  custom:video-encoder-webm-vp8: eb34c28f22e8b96e1ab97ce403110664 -> 
========================================================================
Received Prepare
Begin MonoManager ReloadAssembly
Symbol file LoadedFromMemory is not a mono symbol file
- Loaded All Assemblies, in  0.711 seconds
Refreshing native plugins compatible for Editor in 11.05 ms, found 10 plugins.
Native extension for WindowsStandalone target not found
Native extension for iOS target not found
Native extension for Android target not found
[Package Manager] Server::EnsureServerProcessIsRunning -- launch failed, reason: Unity was launched with the -noUpm command-line argument
[Package Manager] UpmClient::Send -- Unable to send message (not connected to UPM process).
[Package Manager] Cannot connect to Unity Package Manager local server
Mono: successfully reloaded assembly
- Finished resetting the current domain, in  1.257 seconds
Domain Reload Profiling: 1966ms
	BeginReloadAssembly (174ms)
		ExecutionOrderSort (0ms)
		DisableScriptedObjects (10ms)
		BackupInstance (0ms)
		ReleaseScriptingObjects (0ms)
		CreateAndSetChildDomain (58ms)
	RebuildCommonClasses (29ms)
	RebuildNativeTypeToScriptingClass (9ms)
	initialDomainReloadingComplete (31ms)
	LoadAllAssembliesAndSetupDomain (466ms)
		LoadAssemblies (462ms)
		RebuildTransferFunctionScriptingTraits (0ms)
		AnalyzeDomain (82ms)
			TypeCache.Refresh (31ms)
				TypeCache.ScanAssembly (12ms)
			ScanForSourceGeneratedMonoScriptInfo (29ms)
			ResolveRequiredComponents (20ms)
	FinalizeReload (1257ms)
		ReleaseScriptCaches (0ms)
		RebuildScriptCaches (0ms)
		SetupLoadedEditorAssemblies (866ms)
			LogAssemblyErrors (0ms)
			InitializePlatformSupportModulesInManaged (26ms)
			SetLoadedEditorAssemblies (3ms)
			RefreshPlugins (0ms)
			BeforeProcessingInitializeOnLoad (62ms)
			ProcessInitializeOnLoadAttributes (670ms)
			ProcessInitializeOnLoadMethodAttributes (100ms)
			AfterProcessingInitializeOnLoad (4ms)
			EditorAssembliesLoaded (0ms)
		ExecutionOrderSort2 (0ms)
		AwakeInstancesAfterBackupRestoration (8ms)
OnLevelWasLoaded was found on Reporter
This message has been deprecated and will be removed in a later version of Unity.
Add a delegate to SceneManager.sceneLoaded instead to get notifications after scene loading has completed
OnLevelWasLoaded was found on BoxController
This message has been deprecated and will be removed in a later version of Unity.
Add a delegate to SceneManager.sceneLoaded instead to get notifications after scene loading has completed
OnLevelWasLoaded was found on AdmobAds
This message has been deprecated and will be removed in a later version of Unity.
Add a delegate to SceneManager.sceneLoaded instead to get notifications after scene loading has completed
Refreshing native plugins compatible for Editor in 12.02 ms, found 10 plugins.
Preloading 0 native plugins for Editor in 0.00 ms.
Unloading 7072 Unused Serialized files (Serialized files now loaded: 0)
Unloading 342 unused Assets / (2.1 MB). Loaded Objects now: 8466.
Memory consumption went from 292.5 MB to 290.4 MB.
Total: 22.875700 ms (FindLiveObjects: 0.661300 ms CreateObjectMapping: 0.291000 ms MarkObjects: 17.891100 ms  DeleteObjects: 4.029800 ms)

Prepare: number of updated asset objects reloaded= 0
AssetImportParameters requested are different than current active one (requested -> active):
  custom:container-demuxer-ogg: 62fdf1f143b41e24485cea50d1cbac27 -> 
  custom:framework-win-MediaFoundation: 216162199b28c13a410421893ffa2e32 -> 
  custom:container-muxer-webm: aa71ff27fc2769a1b78a27578f13a17b -> 
  custom:video-decoder-webm-vp8: 9c59270c3fd7afecdb556c50c9e8de78 -> 
  custom:SearchIndexIgnoredProperties: e643bd26f0fe6173181afceb89e7c659 -> 
  custom:AudioImporter_EditorPlatform: d09bf68614088b80899f8185d706f6e7 -> 
  custom:audio-decoder-ogg-vorbis: bf7c407c2cedff20999df2af8eb42d56 -> 
  custom:audio-encoder-webm-vorbis: bf7c407c2cedff20999df2af8eb42d56 -> 
  custom:video-decoder-ogg-theora: a1e56fd34408186e4bbccfd4996cb3dc -> 
  custom:CustomObjectIndexerAttribute: 62b5816608c3102f162a1797e29626cf -> 
  custom:container-demuxer-webm: 4f35f7cbe854078d1ac9338744f61a02 -> 
  custom:video-encoder-webm-vp8: eb34c28f22e8b96e1ab97ce403110664 -> 
========================================================================
Received Prepare
Begin MonoManager ReloadAssembly
Symbol file LoadedFromMemory is not a mono symbol file
- Loaded All Assemblies, in  0.625 seconds
Refreshing native plugins compatible for Editor in 15.86 ms, found 10 plugins.
Native extension for WindowsStandalone target not found
Native extension for iOS target not found
Native extension for Android target not found
[Package Manager] Server::EnsureServerProcessIsRunning -- launch failed, reason: Unity was launched with the -noUpm command-line argument
[Package Manager] UpmClient::Send -- Unable to send message (not connected to UPM process).
[Package Manager] Cannot connect to Unity Package Manager local server
Mono: successfully reloaded assembly
- Finished resetting the current domain, in  1.245 seconds
Domain Reload Profiling: 1868ms
	BeginReloadAssembly (170ms)
		ExecutionOrderSort (0ms)
		DisableScriptedObjects (8ms)
		BackupInstance (0ms)
		ReleaseScriptingObjects (0ms)
		CreateAndSetChildDomain (59ms)
	RebuildCommonClasses (26ms)
	RebuildNativeTypeToScriptingClass (13ms)
	initialDomainReloadingComplete (29ms)
	LoadAllAssembliesAndSetupDomain (384ms)
		LoadAssemblies (389ms)
		RebuildTransferFunctionScriptingTraits (0ms)
		AnalyzeDomain (71ms)
			TypeCache.Refresh (30ms)
				TypeCache.ScanAssembly (11ms)
			ScanForSourceGeneratedMonoScriptInfo (24ms)
			ResolveRequiredComponents (14ms)
	FinalizeReload (1245ms)
		ReleaseScriptCaches (0ms)
		RebuildScriptCaches (0ms)
		SetupLoadedEditorAssemblies (870ms)
			LogAssemblyErrors (0ms)
			InitializePlatformSupportModulesInManaged (26ms)
			SetLoadedEditorAssemblies (3ms)
			RefreshPlugins (0ms)
			BeforeProcessingInitializeOnLoad (62ms)
			ProcessInitializeOnLoadAttributes (668ms)
			ProcessInitializeOnLoadMethodAttributes (106ms)
			AfterProcessingInitializeOnLoad (4ms)
			EditorAssembliesLoaded (0ms)
		ExecutionOrderSort2 (0ms)
		AwakeInstancesAfterBackupRestoration (9ms)
OnLevelWasLoaded was found on Reporter
This message has been deprecated and will be removed in a later version of Unity.
Add a delegate to SceneManager.sceneLoaded instead to get notifications after scene loading has completed
OnLevelWasLoaded was found on BoxController
This message has been deprecated and will be removed in a later version of Unity.
Add a delegate to SceneManager.sceneLoaded instead to get notifications after scene loading has completed
OnLevelWasLoaded was found on AdmobAds
This message has been deprecated and will be removed in a later version of Unity.
Add a delegate to SceneManager.sceneLoaded instead to get notifications after scene loading has completed
Refreshing native plugins compatible for Editor in 11.15 ms, found 10 plugins.
Preloading 0 native plugins for Editor in 0.00 ms.
Unloading 7072 Unused Serialized files (Serialized files now loaded: 0)
Unloading 342 unused Assets / (2.1 MB). Loaded Objects now: 8502.
Memory consumption went from 294.4 MB to 292.4 MB.
Total: 18.826300 ms (FindLiveObjects: 0.845500 ms CreateObjectMapping: 0.417600 ms MarkObjects: 16.277500 ms  DeleteObjects: 1.284300 ms)

Prepare: number of updated asset objects reloaded= 0
AssetImportParameters requested are different than current active one (requested -> active):
  custom:container-demuxer-ogg: 62fdf1f143b41e24485cea50d1cbac27 -> 
  custom:framework-win-MediaFoundation: 216162199b28c13a410421893ffa2e32 -> 
  custom:container-muxer-webm: aa71ff27fc2769a1b78a27578f13a17b -> 
  custom:video-decoder-webm-vp8: 9c59270c3fd7afecdb556c50c9e8de78 -> 
  custom:SearchIndexIgnoredProperties: e643bd26f0fe6173181afceb89e7c659 -> 
  custom:AudioImporter_EditorPlatform: d09bf68614088b80899f8185d706f6e7 -> 
  custom:audio-decoder-ogg-vorbis: bf7c407c2cedff20999df2af8eb42d56 -> 
  custom:audio-encoder-webm-vorbis: bf7c407c2cedff20999df2af8eb42d56 -> 
  custom:video-decoder-ogg-theora: a1e56fd34408186e4bbccfd4996cb3dc -> 
  custom:CustomObjectIndexerAttribute: 62b5816608c3102f162a1797e29626cf -> 
  custom:container-demuxer-webm: 4f35f7cbe854078d1ac9338744f61a02 -> 
  custom:video-encoder-webm-vp8: eb34c28f22e8b96e1ab97ce403110664 -> 
========================================================================
Received Prepare
Begin MonoManager ReloadAssembly
Symbol file LoadedFromMemory is not a mono symbol file
- Loaded All Assemblies, in  0.593 seconds
Refreshing native plugins compatible for Editor in 13.47 ms, found 10 plugins.
Native extension for WindowsStandalone target not found
Native extension for iOS target not found
Native extension for Android target not found
[Package Manager] Server::EnsureServerProcessIsRunning -- launch failed, reason: Unity was launched with the -noUpm command-line argument
[Package Manager] UpmClient::Send -- Unable to send message (not connected to UPM process).
[Package Manager] Cannot connect to Unity Package Manager local server
Debug [AppLovin MAX] Deleting obsolete network AdColony from path Assets\MaxSdk/Mediation/AdColony...
UnityEngine.StackTraceUtility:ExtractStackTrace ()
UnityEngine.DebugLogHandler:LogFormat (UnityEngine.LogType,UnityEngine.Object,string,object[])
UnityEngine.Logger:Log (UnityEngine.LogType,object)
UnityEngine.Debug:Log (object)
MaxSdkLogger:UserDebug (string) (at Assets/MaxSdk/Scripts/MaxSdkLogger.cs:13)
AppLovinMax.Scripts.IntegrationManager.Editor.AppLovinInitialize:.cctor () (at Assets/MaxSdk/Scripts/IntegrationManager/Editor/AppLovinInitialize.cs:118)
System.Runtime.CompilerServices.RuntimeHelpers:RunClassConstructor (System.RuntimeTypeHandle)
UnityEditor.EditorAssemblies:ProcessInitializeOnLoadAttributes (System.Type[])

(Filename: Assets/MaxSdk/Scripts/MaxSdkLogger.cs Line: 13)

Debug [AppLovin MAX] AppLovin MAX Migration completed
UnityEngine.StackTraceUtility:ExtractStackTrace ()
UnityEngine.DebugLogHandler:LogFormat (UnityEngine.LogType,UnityEngine.Object,string,object[])
UnityEngine.Logger:Log (UnityEngine.LogType,object)
UnityEngine.Debug:Log (object)
MaxSdkLogger:UserDebug (string) (at Assets/MaxSdk/Scripts/MaxSdkLogger.cs:13)
AppLovinMax.Scripts.IntegrationManager.Editor.AppLovinInitialize:.cctor () (at Assets/MaxSdk/Scripts/IntegrationManager/Editor/AppLovinInitialize.cs:128)
System.Runtime.CompilerServices.RuntimeHelpers:RunClassConstructor (System.RuntimeTypeHandle)
UnityEditor.EditorAssemblies:ProcessInitializeOnLoadAttributes (System.Type[])

(Filename: Assets/MaxSdk/Scripts/MaxSdkLogger.cs Line: 13)

Unable to write to 'ProjectSettings\GvhProjectSettings.xml' (System.IO.IOException: Sharing violation on path D:\UnityProject\BonceMonney\ProjectSettings\GvhProjectSettings.xml
  at System.IO.FileStream..ctor (System.String path, System.IO.FileMode mode, System.IO.FileAccess access, System.IO.FileShare share, System.Int32 bufferSize, System.Boolean anonymous, System.IO.FileOptions options) [0x0019e] in <dc753a1061284f8e971ee88ee4826eee>:0 
  at System.IO.FileStream..ctor (System.String path, System.IO.FileMode mode, System.IO.FileAccess access, System.IO.FileShare share, System.Int32 bufferSize, System.IO.FileOptions options) [0x00000] in <dc753a1061284f8e971ee88ee4826eee>:0 
  at System.IO.FileStream..ctor (System.String path, System.IO.FileMode mode, System.IO.FileAccess access, System.IO.FileShare share, System.Int32 bufferSize, System.Boolean useAsync) [0x00000] in <dc753a1061284f8e971ee88ee4826eee>:0 
  at (wrapper remoting-invoke-with-check) System.IO.FileStream..ctor(string,System.IO.FileMode,System.IO.FileAccess,System.IO.FileShare,int,bool)
  at System.Xml.XmlWriterSettings.CreateWriter (System.String outputFileName) [0x00051] in <ae5badc4ec594809bfbe24220ad62e9b>:0 
  at System.Xml.XmlWriter.Create (System.String outputFileName, System.Xml.XmlWriterSettings settings) [0x0000a] in <ae5badc4ec594809bfbe24220ad62e9b>:0 
  at Google.ProjectSettings.Save () [0x00079] in /Users/amaurice/Documents/GitHub/unity-jar-resolver/source/VersionHandlerImpl/src/ProjectSettings.cs:821 , Project settings were not saved!
UnityEngine.StackTraceUtility:ExtractStackTrace ()
UnityEngine.DebugLogHandler:LogFormat (UnityEngine.LogType,UnityEngine.Object,string,object[])
UnityEngine.Logger:Log (UnityEngine.LogType,object)
UnityEngine.Debug:LogError (object)
Google.Logger:Log (string,Google.LogLevel) (at /Users/amaurice/Documents/GitHub/unity-jar-resolver/source/VersionHandlerImpl/src/Logger.cs:136)
Google.ProjectSettings:Save () (at /Users/amaurice/Documents/GitHub/unity-jar-resolver/source/VersionHandlerImpl/src/ProjectSettings.cs:844)
Google.ProjectSettings:SetBool (string,bool,Google.SettingsLocation) (at /Users/amaurice/Documents/GitHub/unity-jar-resolver/source/VersionHandlerImpl/src/ProjectSettings.cs:485)
Google.ProjectSettings:SetBool (string,bool) (at /Users/amaurice/Documents/GitHub/unity-jar-resolver/source/VersionHandlerImpl/src/ProjectSettings.cs:497)
Google.IOSResolver:set_VerboseLoggingEnabled (bool) (at /Users/amaurice/Documents/GitHub/unity-jar-resolver/source/IOSResolver/src/IOSResolver.cs:1041)
Google.IOSResolver:.cctor () (at /Users/amaurice/Documents/GitHub/unity-jar-resolver/source/IOSResolver/src/IOSResolver.cs:727)
System.Runtime.CompilerServices.RuntimeHelpers:RunClassConstructor (System.RuntimeTypeHandle)
UnityEditor.EditorAssemblies:ProcessInitializeOnLoadAttributes (System.Type[])

(Filename: /Users/amaurice/Documents/GitHub/unity-jar-resolver/source/VersionHandlerImpl/src/ProjectSettings.cs Line: 844)

Mono: successfully reloaded assembly
- Finished resetting the current domain, in  1.219 seconds
Domain Reload Profiling: 1811ms
	BeginReloadAssembly (155ms)
		ExecutionOrderSort (0ms)
		DisableScriptedObjects (8ms)
		BackupInstance (0ms)
		ReleaseScriptingObjects (0ms)
		CreateAndSetChildDomain (53ms)
	RebuildCommonClasses (25ms)
	RebuildNativeTypeToScriptingClass (9ms)
	initialDomainReloadingComplete (30ms)
	LoadAllAssembliesAndSetupDomain (373ms)
		LoadAssemblies (369ms)
		RebuildTransferFunctionScriptingTraits (0ms)
		AnalyzeDomain (72ms)
			TypeCache.Refresh (28ms)
				TypeCache.ScanAssembly (10ms)
			ScanForSourceGeneratedMonoScriptInfo (25ms)
			ResolveRequiredComponents (17ms)
	FinalizeReload (1219ms)
		ReleaseScriptCaches (0ms)
		RebuildScriptCaches (0ms)
		SetupLoadedEditorAssemblies (837ms)
			LogAssemblyErrors (0ms)
			InitializePlatformSupportModulesInManaged (26ms)
			SetLoadedEditorAssemblies (3ms)
			RefreshPlugins (0ms)
			BeforeProcessingInitializeOnLoad (69ms)
			ProcessInitializeOnLoadAttributes (629ms)
			ProcessInitializeOnLoadMethodAttributes (105ms)
			AfterProcessingInitializeOnLoad (4ms)
			EditorAssembliesLoaded (0ms)
		ExecutionOrderSort2 (0ms)
		AwakeInstancesAfterBackupRestoration (9ms)
OnLevelWasLoaded was found on Reporter
This message has been deprecated and will be removed in a later version of Unity.
Add a delegate to SceneManager.sceneLoaded instead to get notifications after scene loading has completed
OnLevelWasLoaded was found on BoxController
This message has been deprecated and will be removed in a later version of Unity.
Add a delegate to SceneManager.sceneLoaded instead to get notifications after scene loading has completed
OnLevelWasLoaded was found on AdmobAds
This message has been deprecated and will be removed in a later version of Unity.
Add a delegate to SceneManager.sceneLoaded instead to get notifications after scene loading has completed
Refreshing native plugins compatible for Editor in 10.45 ms, found 10 plugins.
Preloading 0 native plugins for Editor in 0.00 ms.
Unloading 7072 Unused Serialized files (Serialized files now loaded: 0)
Unloading 342 unused Assets / (2.1 MB). Loaded Objects now: 8538.
Memory consumption went from 296.5 MB to 294.4 MB.
Total: 18.045100 ms (FindLiveObjects: 0.542800 ms CreateObjectMapping: 0.276600 ms MarkObjects: 15.806300 ms  DeleteObjects: 1.418100 ms)

Prepare: number of updated asset objects reloaded= 0
AssetImportParameters requested are different than current active one (requested -> active):
  custom:container-demuxer-ogg: 62fdf1f143b41e24485cea50d1cbac27 -> 
  custom:framework-win-MediaFoundation: 216162199b28c13a410421893ffa2e32 -> 
  custom:container-muxer-webm: aa71ff27fc2769a1b78a27578f13a17b -> 
  custom:video-decoder-webm-vp8: 9c59270c3fd7afecdb556c50c9e8de78 -> 
  custom:SearchIndexIgnoredProperties: e643bd26f0fe6173181afceb89e7c659 -> 
  custom:AudioImporter_EditorPlatform: d09bf68614088b80899f8185d706f6e7 -> 
  custom:audio-decoder-ogg-vorbis: bf7c407c2cedff20999df2af8eb42d56 -> 
  custom:audio-encoder-webm-vorbis: bf7c407c2cedff20999df2af8eb42d56 -> 
  custom:video-decoder-ogg-theora: a1e56fd34408186e4bbccfd4996cb3dc -> 
  custom:CustomObjectIndexerAttribute: 62b5816608c3102f162a1797e29626cf -> 
  custom:container-demuxer-webm: 4f35f7cbe854078d1ac9338744f61a02 -> 
  custom:video-encoder-webm-vp8: eb34c28f22e8b96e1ab97ce403110664 -> 
========================================================================
Received Prepare
Begin MonoManager ReloadAssembly
Symbol file LoadedFromMemory is not a mono symbol file
- Loaded All Assemblies, in  0.612 seconds
Refreshing native plugins compatible for Editor in 12.33 ms, found 10 plugins.
Native extension for WindowsStandalone target not found
Native extension for iOS target not found
Native extension for Android target not found
[Package Manager] Server::EnsureServerProcessIsRunning -- launch failed, reason: Unity was launched with the -noUpm command-line argument
[Package Manager] UpmClient::Send -- Unable to send message (not connected to UPM process).
[Package Manager] Cannot connect to Unity Package Manager local server
Mono: successfully reloaded assembly
- Finished resetting the current domain, in  1.246 seconds
Domain Reload Profiling: 1855ms
	BeginReloadAssembly (166ms)
		ExecutionOrderSort (0ms)
		DisableScriptedObjects (7ms)
		BackupInstance (0ms)
		ReleaseScriptingObjects (0ms)
		CreateAndSetChildDomain (61ms)
	RebuildCommonClasses (25ms)
	RebuildNativeTypeToScriptingClass (9ms)
	initialDomainReloadingComplete (37ms)
	LoadAllAssembliesAndSetupDomain (371ms)
		LoadAssemblies (381ms)
		RebuildTransferFunctionScriptingTraits (0ms)
		AnalyzeDomain (60ms)
			TypeCache.Refresh (24ms)
				TypeCache.ScanAssembly (11ms)
			ScanForSourceGeneratedMonoScriptInfo (22ms)
			ResolveRequiredComponents (13ms)
	FinalizeReload (1246ms)
		ReleaseScriptCaches (0ms)
		RebuildScriptCaches (0ms)
		SetupLoadedEditorAssemblies (866ms)
			LogAssemblyErrors (0ms)
			InitializePlatformSupportModulesInManaged (30ms)
			SetLoadedEditorAssemblies (3ms)
			RefreshPlugins (0ms)
			BeforeProcessingInitializeOnLoad (73ms)
			ProcessInitializeOnLoadAttributes (651ms)
			ProcessInitializeOnLoadMethodAttributes (105ms)
			AfterProcessingInitializeOnLoad (4ms)
			EditorAssembliesLoaded (0ms)
		ExecutionOrderSort2 (0ms)
		AwakeInstancesAfterBackupRestoration (10ms)
OnLevelWasLoaded was found on Reporter
This message has been deprecated and will be removed in a later version of Unity.
Add a delegate to SceneManager.sceneLoaded instead to get notifications after scene loading has completed
OnLevelWasLoaded was found on BoxController
This message has been deprecated and will be removed in a later version of Unity.
Add a delegate to SceneManager.sceneLoaded instead to get notifications after scene loading has completed
OnLevelWasLoaded was found on AdmobAds
This message has been deprecated and will be removed in a later version of Unity.
Add a delegate to SceneManager.sceneLoaded instead to get notifications after scene loading has completed
Refreshing native plugins compatible for Editor in 10.12 ms, found 10 plugins.
Preloading 0 native plugins for Editor in 0.00 ms.
Unloading 7072 Unused Serialized files (Serialized files now loaded: 0)
Unloading 342 unused Assets / (2.1 MB). Loaded Objects now: 8574.
Memory consumption went from 298.5 MB to 296.4 MB.
Total: 18.493900 ms (FindLiveObjects: 0.693100 ms CreateObjectMapping: 0.338100 ms MarkObjects: 16.179700 ms  DeleteObjects: 1.281300 ms)

Prepare: number of updated asset objects reloaded= 0
AssetImportParameters requested are different than current active one (requested -> active):
  custom:container-demuxer-ogg: 62fdf1f143b41e24485cea50d1cbac27 -> 
  custom:framework-win-MediaFoundation: 216162199b28c13a410421893ffa2e32 -> 
  custom:container-muxer-webm: aa71ff27fc2769a1b78a27578f13a17b -> 
  custom:video-decoder-webm-vp8: 9c59270c3fd7afecdb556c50c9e8de78 -> 
  custom:SearchIndexIgnoredProperties: e643bd26f0fe6173181afceb89e7c659 -> 
  custom:AudioImporter_EditorPlatform: d09bf68614088b80899f8185d706f6e7 -> 
  custom:audio-decoder-ogg-vorbis: bf7c407c2cedff20999df2af8eb42d56 -> 
  custom:audio-encoder-webm-vorbis: bf7c407c2cedff20999df2af8eb42d56 -> 
  custom:video-decoder-ogg-theora: a1e56fd34408186e4bbccfd4996cb3dc -> 
  custom:CustomObjectIndexerAttribute: 62b5816608c3102f162a1797e29626cf -> 
  custom:container-demuxer-webm: 4f35f7cbe854078d1ac9338744f61a02 -> 
  custom:video-encoder-webm-vp8: eb34c28f22e8b96e1ab97ce403110664 -> 
========================================================================
Received Prepare
Begin MonoManager ReloadAssembly
Symbol file LoadedFromMemory is not a mono symbol file
- Loaded All Assemblies, in  0.947 seconds
Refreshing native plugins compatible for Editor in 21.00 ms, found 10 plugins.
Native extension for WindowsStandalone target not found
Native extension for iOS target not found
Native extension for Android target not found
[Package Manager] Server::EnsureServerProcessIsRunning -- launch failed, reason: Unity was launched with the -noUpm command-line argument
[Package Manager] UpmClient::Send -- Unable to send message (not connected to UPM process).
[Package Manager] Cannot connect to Unity Package Manager local server
Mono: successfully reloaded assembly
- Finished resetting the current domain, in  1.606 seconds
Domain Reload Profiling: 2552ms
	BeginReloadAssembly (172ms)
		ExecutionOrderSort (0ms)
		DisableScriptedObjects (10ms)
		BackupInstance (0ms)
		ReleaseScriptingObjects (0ms)
		CreateAndSetChildDomain (59ms)
	RebuildCommonClasses (35ms)
	RebuildNativeTypeToScriptingClass (9ms)
	initialDomainReloadingComplete (29ms)
	LoadAllAssembliesAndSetupDomain (700ms)
		LoadAssemblies (496ms)
		RebuildTransferFunctionScriptingTraits (0ms)
		AnalyzeDomain (278ms)
			TypeCache.Refresh (170ms)
				TypeCache.ScanAssembly (86ms)
			ScanForSourceGeneratedMonoScriptInfo (78ms)
			ResolveRequiredComponents (26ms)
	FinalizeReload (1607ms)
		ReleaseScriptCaches (0ms)
		RebuildScriptCaches (0ms)
		SetupLoadedEditorAssemblies (993ms)
			LogAssemblyErrors (0ms)
			InitializePlatformSupportModulesInManaged (29ms)
			SetLoadedEditorAssemblies (3ms)
			RefreshPlugins (0ms)
			BeforeProcessingInitializeOnLoad (67ms)
			ProcessInitializeOnLoadAttributes (784ms)
			ProcessInitializeOnLoadMethodAttributes (106ms)
			AfterProcessingInitializeOnLoad (4ms)
			EditorAssembliesLoaded (0ms)
		ExecutionOrderSort2 (0ms)
		AwakeInstancesAfterBackupRestoration (10ms)
OnLevelWasLoaded was found on Reporter
This message has been deprecated and will be removed in a later version of Unity.
Add a delegate to SceneManager.sceneLoaded instead to get notifications after scene loading has completed
OnLevelWasLoaded was found on BoxController
This message has been deprecated and will be removed in a later version of Unity.
Add a delegate to SceneManager.sceneLoaded instead to get notifications after scene loading has completed
OnLevelWasLoaded was found on AdmobAds
This message has been deprecated and will be removed in a later version of Unity.
Add a delegate to SceneManager.sceneLoaded instead to get notifications after scene loading has completed
Refreshing native plugins compatible for Editor in 21.44 ms, found 10 plugins.
Preloading 0 native plugins for Editor in 0.00 ms.
Unloading 7072 Unused Serialized files (Serialized files now loaded: 0)
Unloading 342 unused Assets / (2.1 MB). Loaded Objects now: 8610.
Memory consumption went from 300.4 MB to 298.4 MB.
Total: 60.505000 ms (FindLiveObjects: 0.770100 ms CreateObjectMapping: 0.367500 ms MarkObjects: 47.518400 ms  DeleteObjects: 11.841900 ms)

Prepare: number of updated asset objects reloaded= 0
AssetImportParameters requested are different than current active one (requested -> active):
  custom:container-demuxer-ogg: 62fdf1f143b41e24485cea50d1cbac27 -> 
  custom:framework-win-MediaFoundation: 216162199b28c13a410421893ffa2e32 -> 
  custom:container-muxer-webm: aa71ff27fc2769a1b78a27578f13a17b -> 
  custom:video-decoder-webm-vp8: 9c59270c3fd7afecdb556c50c9e8de78 -> 
  custom:SearchIndexIgnoredProperties: e643bd26f0fe6173181afceb89e7c659 -> 
  custom:AudioImporter_EditorPlatform: d09bf68614088b80899f8185d706f6e7 -> 
  custom:audio-decoder-ogg-vorbis: bf7c407c2cedff20999df2af8eb42d56 -> 
  custom:audio-encoder-webm-vorbis: bf7c407c2cedff20999df2af8eb42d56 -> 
  custom:video-decoder-ogg-theora: a1e56fd34408186e4bbccfd4996cb3dc -> 
  custom:CustomObjectIndexerAttribute: 62b5816608c3102f162a1797e29626cf -> 
  custom:container-demuxer-webm: 4f35f7cbe854078d1ac9338744f61a02 -> 
  custom:video-encoder-webm-vp8: eb34c28f22e8b96e1ab97ce403110664 -> 
========================================================================
Received Prepare
Begin MonoManager ReloadAssembly
Symbol file LoadedFromMemory is not a mono symbol file
- Loaded All Assemblies, in  0.604 seconds
Refreshing native plugins compatible for Editor in 12.68 ms, found 10 plugins.
Native extension for WindowsStandalone target not found
Native extension for iOS target not found
Native extension for Android target not found
[Package Manager] Server::EnsureServerProcessIsRunning -- launch failed, reason: Unity was launched with the -noUpm command-line argument
[Package Manager] UpmClient::Send -- Unable to send message (not connected to UPM process).
[Package Manager] Cannot connect to Unity Package Manager local server
Mono: successfully reloaded assembly
- Finished resetting the current domain, in  1.261 seconds
Domain Reload Profiling: 1864ms
	BeginReloadAssembly (169ms)
		ExecutionOrderSort (0ms)
		DisableScriptedObjects (7ms)
		BackupInstance (0ms)
		ReleaseScriptingObjects (0ms)
		CreateAndSetChildDomain (60ms)
	RebuildCommonClasses (29ms)
	RebuildNativeTypeToScriptingClass (9ms)
	initialDomainReloadingComplete (30ms)
	LoadAllAssembliesAndSetupDomain (365ms)
		LoadAssemblies (380ms)
		RebuildTransferFunctionScriptingTraits (0ms)
		AnalyzeDomain (61ms)
			TypeCache.Refresh (25ms)
				TypeCache.ScanAssembly (11ms)
			ScanForSourceGeneratedMonoScriptInfo (21ms)
			ResolveRequiredComponents (13ms)
	FinalizeReload (1262ms)
		ReleaseScriptCaches (0ms)
		RebuildScriptCaches (0ms)
		SetupLoadedEditorAssemblies (861ms)
			LogAssemblyErrors (0ms)
			InitializePlatformSupportModulesInManaged (27ms)
			SetLoadedEditorAssemblies (5ms)
			RefreshPlugins (0ms)
			BeforeProcessingInitializeOnLoad (84ms)
			ProcessInitializeOnLoadAttributes (633ms)
			ProcessInitializeOnLoadMethodAttributes (107ms)
			AfterProcessingInitializeOnLoad (5ms)
			EditorAssembliesLoaded (1ms)
		ExecutionOrderSort2 (0ms)
		AwakeInstancesAfterBackupRestoration (17ms)
OnLevelWasLoaded was found on Reporter
This message has been deprecated and will be removed in a later version of Unity.
Add a delegate to SceneManager.sceneLoaded instead to get notifications after scene loading has completed
OnLevelWasLoaded was found on BoxController
This message has been deprecated and will be removed in a later version of Unity.
Add a delegate to SceneManager.sceneLoaded instead to get notifications after scene loading has completed
OnLevelWasLoaded was found on AdmobAds
This message has been deprecated and will be removed in a later version of Unity.
Add a delegate to SceneManager.sceneLoaded instead to get notifications after scene loading has completed
Refreshing native plugins compatible for Editor in 10.15 ms, found 10 plugins.
Preloading 0 native plugins for Editor in 0.00 ms.
Unloading 7072 Unused Serialized files (Serialized files now loaded: 0)
Unloading 342 unused Assets / (2.1 MB). Loaded Objects now: 8646.
Memory consumption went from 302.5 MB to 300.4 MB.
Total: 17.186700 ms (FindLiveObjects: 0.692300 ms CreateObjectMapping: 0.357700 ms MarkObjects: 14.795300 ms  DeleteObjects: 1.339400 ms)

Prepare: number of updated asset objects reloaded= 0
AssetImportParameters requested are different than current active one (requested -> active):
  custom:container-demuxer-ogg: 62fdf1f143b41e24485cea50d1cbac27 -> 
  custom:framework-win-MediaFoundation: 216162199b28c13a410421893ffa2e32 -> 
  custom:container-muxer-webm: aa71ff27fc2769a1b78a27578f13a17b -> 
  custom:video-decoder-webm-vp8: 9c59270c3fd7afecdb556c50c9e8de78 -> 
  custom:SearchIndexIgnoredProperties: e643bd26f0fe6173181afceb89e7c659 -> 
  custom:AudioImporter_EditorPlatform: d09bf68614088b80899f8185d706f6e7 -> 
  custom:audio-decoder-ogg-vorbis: bf7c407c2cedff20999df2af8eb42d56 -> 
  custom:audio-encoder-webm-vorbis: bf7c407c2cedff20999df2af8eb42d56 -> 
  custom:video-decoder-ogg-theora: a1e56fd34408186e4bbccfd4996cb3dc -> 
  custom:CustomObjectIndexerAttribute: 62b5816608c3102f162a1797e29626cf -> 
  custom:container-demuxer-webm: 4f35f7cbe854078d1ac9338744f61a02 -> 
  custom:video-encoder-webm-vp8: eb34c28f22e8b96e1ab97ce403110664 -> 
========================================================================
Received Prepare
Begin MonoManager ReloadAssembly
Symbol file LoadedFromMemory is not a mono symbol file
- Loaded All Assemblies, in  0.612 seconds
Refreshing native plugins compatible for Editor in 11.54 ms, found 10 plugins.
Native extension for WindowsStandalone target not found
Native extension for iOS target not found
Native extension for Android target not found
[Package Manager] Server::EnsureServerProcessIsRunning -- launch failed, reason: Unity was launched with the -noUpm command-line argument
[Package Manager] UpmClient::Send -- Unable to send message (not connected to UPM process).
[Package Manager] Cannot connect to Unity Package Manager local server
Unable to write to 'ProjectSettings\GvhProjectSettings.xml' (System.IO.IOException: Sharing violation on path D:\UnityProject\BonceMonney\ProjectSettings\GvhProjectSettings.xml
  at System.IO.FileStream..ctor (System.String path, System.IO.FileMode mode, System.IO.FileAccess access, System.IO.FileShare share, System.Int32 bufferSize, System.Boolean anonymous, System.IO.FileOptions options) [0x0019e] in <dc753a1061284f8e971ee88ee4826eee>:0 
  at System.IO.FileStream..ctor (System.String path, System.IO.FileMode mode, System.IO.FileAccess access, System.IO.FileShare share, System.Int32 bufferSize, System.IO.FileOptions options) [0x00000] in <dc753a1061284f8e971ee88ee4826eee>:0 
  at System.IO.FileStream..ctor (System.String path, System.IO.FileMode mode, System.IO.FileAccess access, System.IO.FileShare share, System.Int32 bufferSize, System.Boolean useAsync) [0x00000] in <dc753a1061284f8e971ee88ee4826eee>:0 
  at (wrapper remoting-invoke-with-check) System.IO.FileStream..ctor(string,System.IO.FileMode,System.IO.FileAccess,System.IO.FileShare,int,bool)
  at System.Xml.XmlWriterSettings.CreateWriter (System.String outputFileName) [0x00051] in <ae5badc4ec594809bfbe24220ad62e9b>:0 
  at System.Xml.XmlWriter.Create (System.String outputFileName, System.Xml.XmlWriterSettings settings) [0x0000a] in <ae5badc4ec594809bfbe24220ad62e9b>:0 
  at Google.ProjectSettings.Save () [0x00079] in /Users/amaurice/Documents/GitHub/unity-jar-resolver/source/VersionHandlerImpl/src/ProjectSettings.cs:821 , Project settings were not saved!
UnityEngine.StackTraceUtility:ExtractStackTrace ()
UnityEngine.DebugLogHandler:LogFormat (UnityEngine.LogType,UnityEngine.Object,string,object[])
UnityEngine.Logger:Log (UnityEngine.LogType,object)
UnityEngine.Debug:LogError (object)
Google.Logger:Log (string,Google.LogLevel) (at /Users/amaurice/Documents/GitHub/unity-jar-resolver/source/VersionHandlerImpl/src/Logger.cs:136)
Google.ProjectSettings:Save () (at /Users/amaurice/Documents/GitHub/unity-jar-resolver/source/VersionHandlerImpl/src/ProjectSettings.cs:844)
Google.ProjectSettings:SetBool (string,bool,Google.SettingsLocation) (at /Users/amaurice/Documents/GitHub/unity-jar-resolver/source/VersionHandlerImpl/src/ProjectSettings.cs:485)
Google.ProjectSettings:SetBool (string,bool) (at /Users/amaurice/Documents/GitHub/unity-jar-resolver/source/VersionHandlerImpl/src/ProjectSettings.cs:497)
Google.IOSResolver:set_VerboseLoggingEnabled (bool) (at /Users/amaurice/Documents/GitHub/unity-jar-resolver/source/IOSResolver/src/IOSResolver.cs:1041)
Google.IOSResolver:.cctor () (at /Users/amaurice/Documents/GitHub/unity-jar-resolver/source/IOSResolver/src/IOSResolver.cs:727)
System.Runtime.CompilerServices.RuntimeHelpers:RunClassConstructor (System.RuntimeTypeHandle)
UnityEditor.EditorAssemblies:ProcessInitializeOnLoadAttributes (System.Type[])

(Filename: /Users/amaurice/Documents/GitHub/unity-jar-resolver/source/VersionHandlerImpl/src/ProjectSettings.cs Line: 844)

Mono: successfully reloaded assembly
- Finished resetting the current domain, in  1.212 seconds
Domain Reload Profiling: 1822ms
	BeginReloadAssembly (161ms)
		ExecutionOrderSort (0ms)
		DisableScriptedObjects (13ms)
		BackupInstance (0ms)
		ReleaseScriptingObjects (0ms)
		CreateAndSetChildDomain (52ms)
	RebuildCommonClasses (31ms)
	RebuildNativeTypeToScriptingClass (11ms)
	initialDomainReloadingComplete (37ms)
	LoadAllAssembliesAndSetupDomain (369ms)
		LoadAssemblies (371ms)
		RebuildTransferFunctionScriptingTraits (0ms)
		AnalyzeDomain (65ms)
			TypeCache.Refresh (26ms)
				TypeCache.ScanAssembly (11ms)
			ScanForSourceGeneratedMonoScriptInfo (25ms)
			ResolveRequiredComponents (12ms)
	FinalizeReload (1212ms)
		ReleaseScriptCaches (0ms)
		RebuildScriptCaches (0ms)
		SetupLoadedEditorAssemblies (839ms)
			LogAssemblyErrors (0ms)
			InitializePlatformSupportModulesInManaged (27ms)
			SetLoadedEditorAssemblies (3ms)
			RefreshPlugins (0ms)
			BeforeProcessingInitializeOnLoad (61ms)
			ProcessInitializeOnLoadAttributes (645ms)
			ProcessInitializeOnLoadMethodAttributes (99ms)
			AfterProcessingInitializeOnLoad (4ms)
			EditorAssembliesLoaded (0ms)
		ExecutionOrderSort2 (0ms)
		AwakeInstancesAfterBackupRestoration (9ms)
OnLevelWasLoaded was found on Reporter
This message has been deprecated and will be removed in a later version of Unity.
Add a delegate to SceneManager.sceneLoaded instead to get notifications after scene loading has completed
OnLevelWasLoaded was found on BoxController
This message has been deprecated and will be removed in a later version of Unity.
Add a delegate to SceneManager.sceneLoaded instead to get notifications after scene loading has completed
OnLevelWasLoaded was found on AdmobAds
This message has been deprecated and will be removed in a later version of Unity.
Add a delegate to SceneManager.sceneLoaded instead to get notifications after scene loading has completed
Refreshing native plugins compatible for Editor in 10.52 ms, found 10 plugins.
Preloading 0 native plugins for Editor in 0.00 ms.
Unloading 7072 Unused Serialized files (Serialized files now loaded: 0)
Unloading 342 unused Assets / (2.1 MB). Loaded Objects now: 8682.
Memory consumption went from 304.4 MB to 302.4 MB.
Total: 18.732500 ms (FindLiveObjects: 0.717200 ms CreateObjectMapping: 0.304700 ms MarkObjects: 15.880600 ms  DeleteObjects: 1.828000 ms)

Prepare: number of updated asset objects reloaded= 0
AssetImportParameters requested are different than current active one (requested -> active):
  custom:container-demuxer-ogg: 62fdf1f143b41e24485cea50d1cbac27 -> 
  custom:framework-win-MediaFoundation: 216162199b28c13a410421893ffa2e32 -> 
  custom:container-muxer-webm: aa71ff27fc2769a1b78a27578f13a17b -> 
  custom:video-decoder-webm-vp8: 9c59270c3fd7afecdb556c50c9e8de78 -> 
  custom:SearchIndexIgnoredProperties: e643bd26f0fe6173181afceb89e7c659 -> 
  custom:AudioImporter_EditorPlatform: d09bf68614088b80899f8185d706f6e7 -> 
  custom:audio-decoder-ogg-vorbis: bf7c407c2cedff20999df2af8eb42d56 -> 
  custom:audio-encoder-webm-vorbis: bf7c407c2cedff20999df2af8eb42d56 -> 
  custom:video-decoder-ogg-theora: a1e56fd34408186e4bbccfd4996cb3dc -> 
  custom:CustomObjectIndexerAttribute: 62b5816608c3102f162a1797e29626cf -> 
  custom:container-demuxer-webm: 4f35f7cbe854078d1ac9338744f61a02 -> 
  custom:video-encoder-webm-vp8: eb34c28f22e8b96e1ab97ce403110664 -> 
========================================================================
Received Prepare
Begin MonoManager ReloadAssembly
Symbol file LoadedFromMemory is not a mono symbol file
- Loaded All Assemblies, in  0.620 seconds
Refreshing native plugins compatible for Editor in 14.25 ms, found 10 plugins.
Native extension for WindowsStandalone target not found
Native extension for iOS target not found
Native extension for Android target not found
[Package Manager] Server::EnsureServerProcessIsRunning -- launch failed, reason: Unity was launched with the -noUpm command-line argument
[Package Manager] UpmClient::Send -- Unable to send message (not connected to UPM process).
[Package Manager] Cannot connect to Unity Package Manager local server
System.IO.IOException: Sharing violation on path D:\UnityProject\BonceMonney\ProjectSettings\GvhProjectSettings.xml
  at System.IO.FileStream..ctor (System.String path, System.IO.FileMode mode, System.IO.FileAccess access, System.IO.FileShare share, System.Int32 bufferSize, System.Boolean anonymous, System.IO.FileOptions options) [0x0019e] in <dc753a1061284f8e971ee88ee4826eee>:0 
  at System.IO.FileStream..ctor (System.String path, System.IO.FileMode mode, System.IO.FileAccess access, System.IO.FileShare share, System.Int32 bufferSize, System.IO.FileOptions options) [0x00000] in <dc753a1061284f8e971ee88ee4826eee>:0 
  at (wrapper remoting-invoke-with-check) System.IO.FileStream..ctor(string,System.IO.FileMode,System.IO.FileAccess,System.IO.FileShare,int,System.IO.FileOptions)
  at System.IO.StreamReader..ctor (System.String path, System.Text.Encoding encoding, System.Boolean detectEncodingFromByteOrderMarks, System.Int32 bufferSize) [0x00055] in <dc753a1061284f8e971ee88ee4826eee>:0 
  at System.IO.StreamReader..ctor (System.String path, System.Boolean detectEncodingFromByteOrderMarks) [0x00007] in <dc753a1061284f8e971ee88ee4826eee>:0 
  at System.IO.StreamReader..ctor (System.String path) [0x00000] in <dc753a1061284f8e971ee88ee4826eee>:0 
  at (wrapper remoting-invoke-with-check) System.IO.StreamReader..ctor(string)
  at Google.XmlUtilities.ParseXmlTextFileElements (System.String filename, Google.Logger logger, Google.XmlUtilities+ParseElement parseElement) [0x00018] in /Users/amaurice/Documents/GitHub/unity-jar-resolver/source/VersionHandlerImpl/src/XmlUtilities.cs:104 
  at Google.ProjectSettings.Load () [0x00016] in /Users/amaurice/Documents/GitHub/unity-jar-resolver/source/VersionHandlerImpl/src/ProjectSettings.cs:777 
  at Google.ProjectSettings.LoadIfEmpty () [0x00023] in /Users/amaurice/Documents/GitHub/unity-jar-resolver/source/VersionHandlerImpl/src/ProjectSettings.cs:558 
  at Google.ProjectSettings.GetBool (System.String name, System.Boolean defaultValue, Google.SettingsLocation location) [0x00035] in /Users/amaurice/Documents/GitHub/unity-jar-resolver/source/VersionHandlerImpl/src/ProjectSettings.cs:606 
  at Google.ProjectSettings.GetBool (System.String name, System.Boolean defaultValue) [0x00001] in /Users/amaurice/Documents/GitHub/unity-jar-resolver/source/VersionHandlerImpl/src/ProjectSettings.cs:619 
  at Google.IOSResolver.get_VerboseLoggingEnabled () [0x00001] in /Users/amaurice/Documents/GitHub/unity-jar-resolver/source/IOSResolver/src/IOSResolver.cs:1039 
  at Google.IOSResolver..cctor () [0x00223] in /Users/amaurice/Documents/GitHub/unity-jar-resolver/source/IOSResolver/src/IOSResolver.cs:727 
UnityEngine.StackTraceUtility:ExtractStackTrace ()
UnityEngine.DebugLogHandler:LogFormat (UnityEngine.LogType,UnityEngine.Object,string,object[])
UnityEngine.Logger:Log (UnityEngine.LogType,object)
UnityEngine.Debug:LogError (object)
UnityEditor.EditorAssemblies:ProcessInitializeOnLoadAttributes (System.Type[])

Mono: successfully reloaded assembly
- Finished resetting the current domain, in  1.268 seconds
Domain Reload Profiling: 1886ms
	BeginReloadAssembly (178ms)
		ExecutionOrderSort (0ms)
		DisableScriptedObjects (9ms)
		BackupInstance (0ms)
		ReleaseScriptingObjects (0ms)
		CreateAndSetChildDomain (66ms)
	RebuildCommonClasses (28ms)
	RebuildNativeTypeToScriptingClass (9ms)
	initialDomainReloadingComplete (29ms)
	LoadAllAssembliesAndSetupDomain (373ms)
		LoadAssemblies (377ms)
		RebuildTransferFunctionScriptingTraits (0ms)
		AnalyzeDomain (70ms)
			TypeCache.Refresh (32ms)
				TypeCache.ScanAssembly (13ms)
			ScanForSourceGeneratedMonoScriptInfo (23ms)
			ResolveRequiredComponents (13ms)
	FinalizeReload (1269ms)
		ReleaseScriptCaches (0ms)
		RebuildScriptCaches (0ms)
		SetupLoadedEditorAssemblies (851ms)
			LogAssemblyErrors (0ms)
			InitializePlatformSupportModulesInManaged (29ms)
			SetLoadedEditorAssemblies (3ms)
			RefreshPlugins (0ms)
			BeforeProcessingInitializeOnLoad (62ms)
			ProcessInitializeOnLoadAttributes (643ms)
			ProcessInitializeOnLoadMethodAttributes (110ms)
			AfterProcessingInitializeOnLoad (4ms)
			EditorAssembliesLoaded (0ms)
		ExecutionOrderSort2 (0ms)
		AwakeInstancesAfterBackupRestoration (8ms)
OnLevelWasLoaded was found on Reporter
This message has been deprecated and will be removed in a later version of Unity.
Add a delegate to SceneManager.sceneLoaded instead to get notifications after scene loading has completed
OnLevelWasLoaded was found on BoxController
This message has been deprecated and will be removed in a later version of Unity.
Add a delegate to SceneManager.sceneLoaded instead to get notifications after scene loading has completed
OnLevelWasLoaded was found on AdmobAds
This message has been deprecated and will be removed in a later version of Unity.
Add a delegate to SceneManager.sceneLoaded instead to get notifications after scene loading has completed
Refreshing native plugins compatible for Editor in 10.11 ms, found 10 plugins.
Preloading 0 native plugins for Editor in 0.00 ms.
Unloading 7072 Unused Serialized files (Serialized files now loaded: 0)
Unloading 342 unused Assets / (2.1 MB). Loaded Objects now: 8718.
Memory consumption went from 306.3 MB to 304.3 MB.
Total: 22.748600 ms (FindLiveObjects: 0.708900 ms CreateObjectMapping: 0.397700 ms MarkObjects: 18.873900 ms  DeleteObjects: 2.766300 ms)

Prepare: number of updated asset objects reloaded= 0
AssetImportParameters requested are different than current active one (requested -> active):
  custom:container-demuxer-ogg: 62fdf1f143b41e24485cea50d1cbac27 -> 
  custom:framework-win-MediaFoundation: 216162199b28c13a410421893ffa2e32 -> 
  custom:container-muxer-webm: aa71ff27fc2769a1b78a27578f13a17b -> 
  custom:video-decoder-webm-vp8: 9c59270c3fd7afecdb556c50c9e8de78 -> 
  custom:SearchIndexIgnoredProperties: e643bd26f0fe6173181afceb89e7c659 -> 
  custom:AudioImporter_EditorPlatform: d09bf68614088b80899f8185d706f6e7 -> 
  custom:audio-decoder-ogg-vorbis: bf7c407c2cedff20999df2af8eb42d56 -> 
  custom:audio-encoder-webm-vorbis: bf7c407c2cedff20999df2af8eb42d56 -> 
  custom:video-decoder-ogg-theora: a1e56fd34408186e4bbccfd4996cb3dc -> 
  custom:CustomObjectIndexerAttribute: 62b5816608c3102f162a1797e29626cf -> 
  custom:container-demuxer-webm: 4f35f7cbe854078d1ac9338744f61a02 -> 
  custom:video-encoder-webm-vp8: eb34c28f22e8b96e1ab97ce403110664 -> 
========================================================================
Received Prepare
Begin MonoManager ReloadAssembly
Symbol file LoadedFromMemory is not a mono symbol file
- Loaded All Assemblies, in  0.614 seconds
Refreshing native plugins compatible for Editor in 13.33 ms, found 10 plugins.
Native extension for WindowsStandalone target not found
Native extension for iOS target not found
Native extension for Android target not found
[Package Manager] Server::EnsureServerProcessIsRunning -- launch failed, reason: Unity was launched with the -noUpm command-line argument
[Package Manager] UpmClient::Send -- Unable to send message (not connected to UPM process).
[Package Manager] Cannot connect to Unity Package Manager local server
Mono: successfully reloaded assembly
- Finished resetting the current domain, in  1.291 seconds
Domain Reload Profiling: 1904ms
	BeginReloadAssembly (182ms)
		ExecutionOrderSort (0ms)
		DisableScriptedObjects (9ms)
		BackupInstance (0ms)
		ReleaseScriptingObjects (0ms)
		CreateAndSetChildDomain (62ms)
	RebuildCommonClasses (36ms)
	RebuildNativeTypeToScriptingClass (9ms)
	initialDomainReloadingComplete (30ms)
	LoadAllAssembliesAndSetupDomain (355ms)
		LoadAssemblies (375ms)
		RebuildTransferFunctionScriptingTraits (0ms)
		AnalyzeDomain (63ms)
			TypeCache.Refresh (27ms)
				TypeCache.ScanAssembly (11ms)
			ScanForSourceGeneratedMonoScriptInfo (21ms)
			ResolveRequiredComponents (12ms)
	FinalizeReload (1292ms)
		ReleaseScriptCaches (0ms)
		RebuildScriptCaches (0ms)
		SetupLoadedEditorAssemblies (879ms)
			LogAssemblyErrors (0ms)
			InitializePlatformSupportModulesInManaged (30ms)
			SetLoadedEditorAssemblies (3ms)
			RefreshPlugins (0ms)
			BeforeProcessingInitializeOnLoad (66ms)
			ProcessInitializeOnLoadAttributes (669ms)
			ProcessInitializeOnLoadMethodAttributes (105ms)
			AfterProcessingInitializeOnLoad (4ms)
			EditorAssembliesLoaded (0ms)
		ExecutionOrderSort2 (0ms)
		AwakeInstancesAfterBackupRestoration (9ms)
OnLevelWasLoaded was found on Reporter
This message has been deprecated and will be removed in a later version of Unity.
Add a delegate to SceneManager.sceneLoaded instead to get notifications after scene loading has completed
OnLevelWasLoaded was found on BoxController
This message has been deprecated and will be removed in a later version of Unity.
Add a delegate to SceneManager.sceneLoaded instead to get notifications after scene loading has completed
OnLevelWasLoaded was found on AdmobAds
This message has been deprecated and will be removed in a later version of Unity.
Add a delegate to SceneManager.sceneLoaded instead to get notifications after scene loading has completed
Refreshing native plugins compatible for Editor in 10.19 ms, found 10 plugins.
Preloading 0 native plugins for Editor in 0.00 ms.
Unloading 7072 Unused Serialized files (Serialized files now loaded: 0)
Unloading 342 unused Assets / (2.1 MB). Loaded Objects now: 8754.
Memory consumption went from 308.4 MB to 306.3 MB.
Total: 18.048000 ms (FindLiveObjects: 0.783900 ms CreateObjectMapping: 0.338900 ms MarkObjects: 15.357400 ms  DeleteObjects: 1.564200 ms)

Prepare: number of updated asset objects reloaded= 0
AssetImportParameters requested are different than current active one (requested -> active):
  custom:container-demuxer-ogg: 62fdf1f143b41e24485cea50d1cbac27 -> 
  custom:framework-win-MediaFoundation: 216162199b28c13a410421893ffa2e32 -> 
  custom:container-muxer-webm: aa71ff27fc2769a1b78a27578f13a17b -> 
  custom:video-decoder-webm-vp8: 9c59270c3fd7afecdb556c50c9e8de78 -> 
  custom:SearchIndexIgnoredProperties: e643bd26f0fe6173181afceb89e7c659 -> 
  custom:AudioImporter_EditorPlatform: d09bf68614088b80899f8185d706f6e7 -> 
  custom:audio-decoder-ogg-vorbis: bf7c407c2cedff20999df2af8eb42d56 -> 
  custom:audio-encoder-webm-vorbis: bf7c407c2cedff20999df2af8eb42d56 -> 
  custom:video-decoder-ogg-theora: a1e56fd34408186e4bbccfd4996cb3dc -> 
  custom:CustomObjectIndexerAttribute: 62b5816608c3102f162a1797e29626cf -> 
  custom:container-demuxer-webm: 4f35f7cbe854078d1ac9338744f61a02 -> 
  custom:video-encoder-webm-vp8: eb34c28f22e8b96e1ab97ce403110664 -> 
========================================================================
Received Prepare
Begin MonoManager ReloadAssembly
Symbol file LoadedFromMemory is not a mono symbol file
- Loaded All Assemblies, in  0.606 seconds
Refreshing native plugins compatible for Editor in 11.90 ms, found 10 plugins.
Native extension for WindowsStandalone target not found
Native extension for iOS target not found
Native extension for Android target not found
[Package Manager] Server::EnsureServerProcessIsRunning -- launch failed, reason: Unity was launched with the -noUpm command-line argument
[Package Manager] UpmClient::Send -- Unable to send message (not connected to UPM process).
[Package Manager] Cannot connect to Unity Package Manager local server
Mono: successfully reloaded assembly
- Finished resetting the current domain, in  1.377 seconds
Domain Reload Profiling: 1981ms
	BeginReloadAssembly (158ms)
		ExecutionOrderSort (0ms)
		DisableScriptedObjects (8ms)
		BackupInstance (0ms)
		ReleaseScriptingObjects (0ms)
		CreateAndSetChildDomain (57ms)
	RebuildCommonClasses (28ms)
	RebuildNativeTypeToScriptingClass (9ms)
	initialDomainReloadingComplete (29ms)
	LoadAllAssembliesAndSetupDomain (379ms)
		LoadAssemblies (379ms)
		RebuildTransferFunctionScriptingTraits (0ms)
		AnalyzeDomain (66ms)
			TypeCache.Refresh (24ms)
				TypeCache.ScanAssembly (10ms)
			ScanForSourceGeneratedMonoScriptInfo (23ms)
			ResolveRequiredComponents (16ms)
	FinalizeReload (1378ms)
		ReleaseScriptCaches (0ms)
		RebuildScriptCaches (0ms)
		SetupLoadedEditorAssemblies (974ms)
			LogAssemblyErrors (0ms)
			InitializePlatformSupportModulesInManaged (25ms)
			SetLoadedEditorAssemblies (3ms)
			RefreshPlugins (0ms)
			BeforeProcessingInitializeOnLoad (63ms)
			ProcessInitializeOnLoadAttributes (716ms)
			ProcessInitializeOnLoadMethodAttributes (162ms)
			AfterProcessingInitializeOnLoad (5ms)
			EditorAssembliesLoaded (1ms)
		ExecutionOrderSort2 (0ms)
		AwakeInstancesAfterBackupRestoration (13ms)
OnLevelWasLoaded was found on Reporter
This message has been deprecated and will be removed in a later version of Unity.
Add a delegate to SceneManager.sceneLoaded instead to get notifications after scene loading has completed
OnLevelWasLoaded was found on BoxController
This message has been deprecated and will be removed in a later version of Unity.
Add a delegate to SceneManager.sceneLoaded instead to get notifications after scene loading has completed
OnLevelWasLoaded was found on AdmobAds
This message has been deprecated and will be removed in a later version of Unity.
Add a delegate to SceneManager.sceneLoaded instead to get notifications after scene loading has completed
Refreshing native plugins compatible for Editor in 11.44 ms, found 10 plugins.
Preloading 0 native plugins for Editor in 0.00 ms.
Unloading 7072 Unused Serialized files (Serialized files now loaded: 0)
Unloading 342 unused Assets / (2.1 MB). Loaded Objects now: 8790.
Memory consumption went from 310.4 MB to 308.3 MB.
Total: 16.154400 ms (FindLiveObjects: 0.470000 ms CreateObjectMapping: 0.229500 ms MarkObjects: 14.127000 ms  DeleteObjects: 1.326500 ms)

Prepare: number of updated asset objects reloaded= 0
AssetImportParameters requested are different than current active one (requested -> active):
  custom:container-demuxer-ogg: 62fdf1f143b41e24485cea50d1cbac27 -> 
  custom:framework-win-MediaFoundation: 216162199b28c13a410421893ffa2e32 -> 
  custom:container-muxer-webm: aa71ff27fc2769a1b78a27578f13a17b -> 
  custom:video-decoder-webm-vp8: 9c59270c3fd7afecdb556c50c9e8de78 -> 
  custom:SearchIndexIgnoredProperties: e643bd26f0fe6173181afceb89e7c659 -> 
  custom:AudioImporter_EditorPlatform: d09bf68614088b80899f8185d706f6e7 -> 
  custom:audio-decoder-ogg-vorbis: bf7c407c2cedff20999df2af8eb42d56 -> 
  custom:audio-encoder-webm-vorbis: bf7c407c2cedff20999df2af8eb42d56 -> 
  custom:video-decoder-ogg-theora: a1e56fd34408186e4bbccfd4996cb3dc -> 
  custom:CustomObjectIndexerAttribute: 62b5816608c3102f162a1797e29626cf -> 
  custom:container-demuxer-webm: 4f35f7cbe854078d1ac9338744f61a02 -> 
  custom:video-encoder-webm-vp8: eb34c28f22e8b96e1ab97ce403110664 -> 
========================================================================
Received Prepare
Begin MonoManager ReloadAssembly
Symbol file LoadedFromMemory is not a mono symbol file
- Loaded All Assemblies, in  0.623 seconds
Refreshing native plugins compatible for Editor in 11.46 ms, found 10 plugins.
Native extension for WindowsStandalone target not found
Native extension for iOS target not found
Native extension for Android target not found
[Package Manager] Server::EnsureServerProcessIsRunning -- launch failed, reason: Unity was launched with the -noUpm command-line argument
[Package Manager] UpmClient::Send -- Unable to send message (not connected to UPM process).
[Package Manager] Cannot connect to Unity Package Manager local server
Mono: successfully reloaded assembly
- Finished resetting the current domain, in  1.194 seconds
Domain Reload Profiling: 1815ms
	BeginReloadAssembly (186ms)
		ExecutionOrderSort (0ms)
		DisableScriptedObjects (9ms)
		BackupInstance (0ms)
		ReleaseScriptingObjects (0ms)
		CreateAndSetChildDomain (67ms)
	RebuildCommonClasses (35ms)
	RebuildNativeTypeToScriptingClass (10ms)
	initialDomainReloadingComplete (30ms)
	LoadAllAssembliesAndSetupDomain (359ms)
		LoadAssemblies (373ms)
		RebuildTransferFunctionScriptingTraits (0ms)
		AnalyzeDomain (64ms)
			TypeCache.Refresh (29ms)
				TypeCache.ScanAssembly (12ms)
			ScanForSourceGeneratedMonoScriptInfo (20ms)
			ResolveRequiredComponents (12ms)
	FinalizeReload (1195ms)
		ReleaseScriptCaches (0ms)
		RebuildScriptCaches (0ms)
		SetupLoadedEditorAssemblies (806ms)
			LogAssemblyErrors (0ms)
			InitializePlatformSupportModulesInManaged (26ms)
			SetLoadedEditorAssemblies (3ms)
			RefreshPlugins (0ms)
			BeforeProcessingInitializeOnLoad (69ms)
			ProcessInitializeOnLoadAttributes (600ms)
			ProcessInitializeOnLoadMethodAttributes (103ms)
			AfterProcessingInitializeOnLoad (4ms)
			EditorAssembliesLoaded (0ms)
		ExecutionOrderSort2 (0ms)
		AwakeInstancesAfterBackupRestoration (8ms)
OnLevelWasLoaded was found on Reporter
This message has been deprecated and will be removed in a later version of Unity.
Add a delegate to SceneManager.sceneLoaded instead to get notifications after scene loading has completed
OnLevelWasLoaded was found on BoxController
This message has been deprecated and will be removed in a later version of Unity.
Add a delegate to SceneManager.sceneLoaded instead to get notifications after scene loading has completed
OnLevelWasLoaded was found on AdmobAds
This message has been deprecated and will be removed in a later version of Unity.
Add a delegate to SceneManager.sceneLoaded instead to get notifications after scene loading has completed
Refreshing native plugins compatible for Editor in 11.21 ms, found 10 plugins.
Preloading 0 native plugins for Editor in 0.00 ms.
Unloading 7072 Unused Serialized files (Serialized files now loaded: 0)
Unloading 342 unused Assets / (2.0 MB). Loaded Objects now: 8826.
Memory consumption went from 312.4 MB to 310.3 MB.
Total: 16.982900 ms (FindLiveObjects: 0.708700 ms CreateObjectMapping: 0.342800 ms MarkObjects: 14.520900 ms  DeleteObjects: 1.409100 ms)

Prepare: number of updated asset objects reloaded= 0
AssetImportParameters requested are different than current active one (requested -> active):
  custom:container-demuxer-ogg: 62fdf1f143b41e24485cea50d1cbac27 -> 
  custom:framework-win-MediaFoundation: 216162199b28c13a410421893ffa2e32 -> 
  custom:container-muxer-webm: aa71ff27fc2769a1b78a27578f13a17b -> 
  custom:video-decoder-webm-vp8: 9c59270c3fd7afecdb556c50c9e8de78 -> 
  custom:SearchIndexIgnoredProperties: e643bd26f0fe6173181afceb89e7c659 -> 
  custom:AudioImporter_EditorPlatform: d09bf68614088b80899f8185d706f6e7 -> 
  custom:audio-decoder-ogg-vorbis: bf7c407c2cedff20999df2af8eb42d56 -> 
  custom:audio-encoder-webm-vorbis: bf7c407c2cedff20999df2af8eb42d56 -> 
  custom:video-decoder-ogg-theora: a1e56fd34408186e4bbccfd4996cb3dc -> 
  custom:CustomObjectIndexerAttribute: 62b5816608c3102f162a1797e29626cf -> 
  custom:container-demuxer-webm: 4f35f7cbe854078d1ac9338744f61a02 -> 
  custom:video-encoder-webm-vp8: eb34c28f22e8b96e1ab97ce403110664 -> 
========================================================================
Received Prepare
Begin MonoManager ReloadAssembly
Symbol file LoadedFromMemory is not a mono symbol file
- Loaded All Assemblies, in  0.603 seconds
Refreshing native plugins compatible for Editor in 12.39 ms, found 10 plugins.
Native extension for WindowsStandalone target not found
Native extension for iOS target not found
Native extension for Android target not found
[Package Manager] Server::EnsureServerProcessIsRunning -- launch failed, reason: Unity was launched with the -noUpm command-line argument
[Package Manager] UpmClient::Send -- Unable to send message (not connected to UPM process).
[Package Manager] Cannot connect to Unity Package Manager local server
Mono: successfully reloaded assembly
- Finished resetting the current domain, in  1.673 seconds
Domain Reload Profiling: 2275ms
	BeginReloadAssembly (178ms)
		ExecutionOrderSort (0ms)
		DisableScriptedObjects (8ms)
		BackupInstance (0ms)
		ReleaseScriptingObjects (0ms)
		CreateAndSetChildDomain (61ms)
	RebuildCommonClasses (35ms)
	RebuildNativeTypeToScriptingClass (11ms)
	initialDomainReloadingComplete (34ms)
	LoadAllAssembliesAndSetupDomain (344ms)
		LoadAssemblies (355ms)
		RebuildTransferFunctionScriptingTraits (0ms)
		AnalyzeDomain (68ms)
			TypeCache.Refresh (31ms)
				TypeCache.ScanAssembly (12ms)
			ScanForSourceGeneratedMonoScriptInfo (20ms)
			ResolveRequiredComponents (15ms)
	FinalizeReload (1674ms)
		ReleaseScriptCaches (0ms)
		RebuildScriptCaches (0ms)
		SetupLoadedEditorAssemblies (1251ms)
			LogAssemblyErrors (0ms)
			InitializePlatformSupportModulesInManaged (33ms)
			SetLoadedEditorAssemblies (5ms)
			RefreshPlugins (0ms)
			BeforeProcessingInitializeOnLoad (94ms)
			ProcessInitializeOnLoadAttributes (926ms)
			ProcessInitializeOnLoadMethodAttributes (189ms)
			AfterProcessingInitializeOnLoad (4ms)
			EditorAssembliesLoaded (1ms)
		ExecutionOrderSort2 (0ms)
		AwakeInstancesAfterBackupRestoration (13ms)
OnLevelWasLoaded was found on Reporter
This message has been deprecated and will be removed in a later version of Unity.
Add a delegate to SceneManager.sceneLoaded instead to get notifications after scene loading has completed
OnLevelWasLoaded was found on BoxController
This message has been deprecated and will be removed in a later version of Unity.
Add a delegate to SceneManager.sceneLoaded instead to get notifications after scene loading has completed
OnLevelWasLoaded was found on AdmobAds
This message has been deprecated and will be removed in a later version of Unity.
Add a delegate to SceneManager.sceneLoaded instead to get notifications after scene loading has completed
Refreshing native plugins compatible for Editor in 16.80 ms, found 10 plugins.
Preloading 0 native plugins for Editor in 0.00 ms.
Unloading 7072 Unused Serialized files (Serialized files now loaded: 0)
Unloading 341 unused Assets / (2.1 MB). Loaded Objects now: 8863.
Memory consumption went from 314.4 MB to 312.3 MB.
Total: 20.061200 ms (FindLiveObjects: 0.751400 ms CreateObjectMapping: 0.312800 ms MarkObjects: 17.501300 ms  DeleteObjects: 1.494000 ms)

Prepare: number of updated asset objects reloaded= 0
AssetImportParameters requested are different than current active one (requested -> active):
  custom:container-demuxer-ogg: 62fdf1f143b41e24485cea50d1cbac27 -> 
  custom:framework-win-MediaFoundation: 216162199b28c13a410421893ffa2e32 -> 
  custom:container-muxer-webm: aa71ff27fc2769a1b78a27578f13a17b -> 
  custom:video-decoder-webm-vp8: 9c59270c3fd7afecdb556c50c9e8de78 -> 
  custom:SearchIndexIgnoredProperties: e643bd26f0fe6173181afceb89e7c659 -> 
  custom:AudioImporter_EditorPlatform: d09bf68614088b80899f8185d706f6e7 -> 
  custom:audio-decoder-ogg-vorbis: bf7c407c2cedff20999df2af8eb42d56 -> 
  custom:audio-encoder-webm-vorbis: bf7c407c2cedff20999df2af8eb42d56 -> 
  custom:video-decoder-ogg-theora: a1e56fd34408186e4bbccfd4996cb3dc -> 
  custom:CustomObjectIndexerAttribute: 62b5816608c3102f162a1797e29626cf -> 
  custom:container-demuxer-webm: 4f35f7cbe854078d1ac9338744f61a02 -> 
  custom:video-encoder-webm-vp8: eb34c28f22e8b96e1ab97ce403110664 -> 
========================================================================
Received Prepare
Begin MonoManager ReloadAssembly
Symbol file LoadedFromMemory is not a mono symbol file
- Loaded All Assemblies, in  0.661 seconds
Refreshing native plugins compatible for Editor in 10.58 ms, found 10 plugins.
Native extension for WindowsStandalone target not found
Native extension for iOS target not found
Native extension for Android target not found
[Package Manager] Server::EnsureServerProcessIsRunning -- launch failed, reason: Unity was launched with the -noUpm command-line argument
[Package Manager] UpmClient::Send -- Unable to send message (not connected to UPM process).
[Package Manager] Cannot connect to Unity Package Manager local server
Mono: successfully reloaded assembly
- Finished resetting the current domain, in  1.409 seconds
Domain Reload Profiling: 2068ms
	BeginReloadAssembly (195ms)
		ExecutionOrderSort (0ms)
		DisableScriptedObjects (8ms)
		BackupInstance (0ms)
		ReleaseScriptingObjects (0ms)
		CreateAndSetChildDomain (73ms)
	RebuildCommonClasses (26ms)
	RebuildNativeTypeToScriptingClass (9ms)
	initialDomainReloadingComplete (29ms)
	LoadAllAssembliesAndSetupDomain (399ms)
		LoadAssemblies (418ms)
		RebuildTransferFunctionScriptingTraits (0ms)
		AnalyzeDomain (65ms)
			TypeCache.Refresh (27ms)
				TypeCache.ScanAssembly (11ms)
			ScanForSourceGeneratedMonoScriptInfo (21ms)
			ResolveRequiredComponents (15ms)
	FinalizeReload (1409ms)
		ReleaseScriptCaches (0ms)
		RebuildScriptCaches (0ms)
		SetupLoadedEditorAssemblies (989ms)
			LogAssemblyErrors (0ms)
			InitializePlatformSupportModulesInManaged (26ms)
			SetLoadedEditorAssemblies (3ms)
			RefreshPlugins (0ms)
			BeforeProcessingInitializeOnLoad (80ms)
			ProcessInitializeOnLoadAttributes (752ms)
			ProcessInitializeOnLoadMethodAttributes (119ms)
			AfterProcessingInitializeOnLoad (6ms)
			EditorAssembliesLoaded (1ms)
		ExecutionOrderSort2 (0ms)
		AwakeInstancesAfterBackupRestoration (10ms)
OnLevelWasLoaded was found on Reporter
This message has been deprecated and will be removed in a later version of Unity.
Add a delegate to SceneManager.sceneLoaded instead to get notifications after scene loading has completed
OnLevelWasLoaded was found on BoxController
This message has been deprecated and will be removed in a later version of Unity.
Add a delegate to SceneManager.sceneLoaded instead to get notifications after scene loading has completed
OnLevelWasLoaded was found on AdmobAds
This message has been deprecated and will be removed in a later version of Unity.
Add a delegate to SceneManager.sceneLoaded instead to get notifications after scene loading has completed
Refreshing native plugins compatible for Editor in 12.61 ms, found 10 plugins.
Preloading 0 native plugins for Editor in 0.00 ms.
Unloading 7073 Unused Serialized files (Serialized files now loaded: 0)
Unloading 342 unused Assets / (2.1 MB). Loaded Objects now: 8899.
Memory consumption went from 316.4 MB to 314.3 MB.
Total: 22.405800 ms (FindLiveObjects: 1.124000 ms CreateObjectMapping: 0.595000 ms MarkObjects: 18.565700 ms  DeleteObjects: 2.117200 ms)

Prepare: number of updated asset objects reloaded= 0
AssetImportParameters requested are different than current active one (requested -> active):
  custom:container-demuxer-ogg: 62fdf1f143b41e24485cea50d1cbac27 -> 
  custom:framework-win-MediaFoundation: 216162199b28c13a410421893ffa2e32 -> 
  custom:container-muxer-webm: aa71ff27fc2769a1b78a27578f13a17b -> 
  custom:video-decoder-webm-vp8: 9c59270c3fd7afecdb556c50c9e8de78 -> 
  custom:SearchIndexIgnoredProperties: e643bd26f0fe6173181afceb89e7c659 -> 
  custom:AudioImporter_EditorPlatform: d09bf68614088b80899f8185d706f6e7 -> 
  custom:audio-decoder-ogg-vorbis: bf7c407c2cedff20999df2af8eb42d56 -> 
  custom:audio-encoder-webm-vorbis: bf7c407c2cedff20999df2af8eb42d56 -> 
  custom:video-decoder-ogg-theora: a1e56fd34408186e4bbccfd4996cb3dc -> 
  custom:CustomObjectIndexerAttribute: 62b5816608c3102f162a1797e29626cf -> 
  custom:container-demuxer-webm: 4f35f7cbe854078d1ac9338744f61a02 -> 
  custom:video-encoder-webm-vp8: eb34c28f22e8b96e1ab97ce403110664 -> 
========================================================================
Received Prepare
Begin MonoManager ReloadAssembly
Symbol file LoadedFromMemory is not a mono symbol file
- Loaded All Assemblies, in  0.633 seconds
Refreshing native plugins compatible for Editor in 14.49 ms, found 10 plugins.
Native extension for WindowsStandalone target not found
Native extension for iOS target not found
Native extension for Android target not found
[Package Manager] Server::EnsureServerProcessIsRunning -- launch failed, reason: Unity was launched with the -noUpm command-line argument
[Package Manager] UpmClient::Send -- Unable to send message (not connected to UPM process).
[Package Manager] Cannot connect to Unity Package Manager local server
Debug [AppLovin MAX] Deleting obsolete network AdColony from path Assets\MaxSdk/Mediation/AdColony...
UnityEngine.StackTraceUtility:ExtractStackTrace ()
UnityEngine.DebugLogHandler:LogFormat (UnityEngine.LogType,UnityEngine.Object,string,object[])
UnityEngine.Logger:Log (UnityEngine.LogType,object)
UnityEngine.Debug:Log (object)
MaxSdkLogger:UserDebug (string) (at Assets/MaxSdk/Scripts/MaxSdkLogger.cs:13)
AppLovinMax.Scripts.IntegrationManager.Editor.AppLovinInitialize:.cctor () (at Assets/MaxSdk/Scripts/IntegrationManager/Editor/AppLovinInitialize.cs:118)
System.Runtime.CompilerServices.RuntimeHelpers:RunClassConstructor (System.RuntimeTypeHandle)
UnityEditor.EditorAssemblies:ProcessInitializeOnLoadAttributes (System.Type[])

(Filename: Assets/MaxSdk/Scripts/MaxSdkLogger.cs Line: 13)

Debug [AppLovin MAX] AppLovin MAX Migration completed
UnityEngine.StackTraceUtility:ExtractStackTrace ()
UnityEngine.DebugLogHandler:LogFormat (UnityEngine.LogType,UnityEngine.Object,string,object[])
UnityEngine.Logger:Log (UnityEngine.LogType,object)
UnityEngine.Debug:Log (object)
MaxSdkLogger:UserDebug (string) (at Assets/MaxSdk/Scripts/MaxSdkLogger.cs:13)
AppLovinMax.Scripts.IntegrationManager.Editor.AppLovinInitialize:.cctor () (at Assets/MaxSdk/Scripts/IntegrationManager/Editor/AppLovinInitialize.cs:128)
System.Runtime.CompilerServices.RuntimeHelpers:RunClassConstructor (System.RuntimeTypeHandle)
UnityEditor.EditorAssemblies:ProcessInitializeOnLoadAttributes (System.Type[])

(Filename: Assets/MaxSdk/Scripts/MaxSdkLogger.cs Line: 13)

Mono: successfully reloaded assembly
- Finished resetting the current domain, in 18.103 seconds
Domain Reload Profiling: 18736ms
	BeginReloadAssembly (154ms)
		ExecutionOrderSort (0ms)
		DisableScriptedObjects (7ms)
		BackupInstance (0ms)
		ReleaseScriptingObjects (0ms)
		CreateAndSetChildDomain (48ms)
	RebuildCommonClasses (35ms)
	RebuildNativeTypeToScriptingClass (9ms)
	initialDomainReloadingComplete (28ms)
	LoadAllAssembliesAndSetupDomain (406ms)
		LoadAssemblies (410ms)
		RebuildTransferFunctionScriptingTraits (0ms)
		AnalyzeDomain (67ms)
			TypeCache.Refresh (28ms)
				TypeCache.ScanAssembly (12ms)
			ScanForSourceGeneratedMonoScriptInfo (21ms)
			ResolveRequiredComponents (14ms)
	FinalizeReload (18104ms)
		ReleaseScriptCaches (0ms)
		RebuildScriptCaches (0ms)
		SetupLoadedEditorAssemblies (1934ms)
			LogAssemblyErrors (0ms)
			InitializePlatformSupportModulesInManaged (31ms)
			SetLoadedEditorAssemblies (3ms)
			RefreshPlugins (0ms)
			BeforeProcessingInitializeOnLoad (69ms)
			ProcessInitializeOnLoadAttributes (1610ms)
			ProcessInitializeOnLoadMethodAttributes (216ms)
			AfterProcessingInitializeOnLoad (4ms)
			EditorAssembliesLoaded (0ms)
		ExecutionOrderSort2 (0ms)
		AwakeInstancesAfterBackupRestoration (9ms)
Script is not up to date after domain reload: guid(717169961eff2d54bb707d63932cacb3) path("Assets/GrassPuzzle_01/Script/LevelData.cs") state(2)
OnLevelWasLoaded was found on Reporter
This message has been deprecated and will be removed in a later version of Unity.
Add a delegate to SceneManager.sceneLoaded instead to get notifications after scene loading has completed
OnLevelWasLoaded was found on BoxController
This message has been deprecated and will be removed in a later version of Unity.
Add a delegate to SceneManager.sceneLoaded instead to get notifications after scene loading has completed
OnLevelWasLoaded was found on AdmobAds
This message has been deprecated and will be removed in a later version of Unity.
Add a delegate to SceneManager.sceneLoaded instead to get notifications after scene loading has completed
Refreshing native plugins compatible for Editor in 11.35 ms, found 10 plugins.
Preloading 0 native plugins for Editor in 0.00 ms.
Unloading 7072 Unused Serialized files (Serialized files now loaded: 0)
Unloading 342 unused Assets / (2.1 MB). Loaded Objects now: 8934.
Memory consumption went from 318.4 MB to 316.3 MB.
Total: 20.589300 ms (FindLiveObjects: 0.927000 ms CreateObjectMapping: 0.277500 ms MarkObjects: 16.968700 ms  DeleteObjects: 2.413500 ms)

Prepare: number of updated asset objects reloaded= 0
AssetImportParameters requested are different than current active one (requested -> active):
  custom:container-demuxer-ogg: 62fdf1f143b41e24485cea50d1cbac27 -> 
  custom:framework-win-MediaFoundation: 216162199b28c13a410421893ffa2e32 -> 
  custom:container-muxer-webm: aa71ff27fc2769a1b78a27578f13a17b -> 
  custom:video-decoder-webm-vp8: 9c59270c3fd7afecdb556c50c9e8de78 -> 
  custom:SearchIndexIgnoredProperties: e643bd26f0fe6173181afceb89e7c659 -> 
  custom:AudioImporter_EditorPlatform: d09bf68614088b80899f8185d706f6e7 -> 
  custom:audio-decoder-ogg-vorbis: bf7c407c2cedff20999df2af8eb42d56 -> 
  custom:audio-encoder-webm-vorbis: bf7c407c2cedff20999df2af8eb42d56 -> 
  custom:video-decoder-ogg-theora: a1e56fd34408186e4bbccfd4996cb3dc -> 
  custom:CustomObjectIndexerAttribute: 62b5816608c3102f162a1797e29626cf -> 
  custom:container-demuxer-webm: 4f35f7cbe854078d1ac9338744f61a02 -> 
  custom:video-encoder-webm-vp8: eb34c28f22e8b96e1ab97ce403110664 -> 
========================================================================
Received Prepare
Begin MonoManager ReloadAssembly
Symbol file LoadedFromMemory is not a mono symbol file
- Loaded All Assemblies, in  0.572 seconds
Refreshing native plugins compatible for Editor in 11.22 ms, found 10 plugins.
Native extension for WindowsStandalone target not found
Native extension for iOS target not found
Native extension for Android target not found
[Package Manager] Server::EnsureServerProcessIsRunning -- launch failed, reason: Unity was launched with the -noUpm command-line argument
[Package Manager] UpmClient::Send -- Unable to send message (not connected to UPM process).
[Package Manager] Cannot connect to Unity Package Manager local server
Mono: successfully reloaded assembly
- Finished resetting the current domain, in  1.468 seconds
Domain Reload Profiling: 2038ms
	BeginReloadAssembly (156ms)
		ExecutionOrderSort (0ms)
		DisableScriptedObjects (7ms)
		BackupInstance (0ms)
		ReleaseScriptingObjects (0ms)
		CreateAndSetChildDomain (52ms)
	RebuildCommonClasses (27ms)
	RebuildNativeTypeToScriptingClass (13ms)
	initialDomainReloadingComplete (32ms)
	LoadAllAssembliesAndSetupDomain (343ms)
		LoadAssemblies (354ms)
		RebuildTransferFunctionScriptingTraits (0ms)
		AnalyzeDomain (59ms)
			TypeCache.Refresh (23ms)
				TypeCache.ScanAssembly (10ms)
			ScanForSourceGeneratedMonoScriptInfo (21ms)
			ResolveRequiredComponents (13ms)
	FinalizeReload (1468ms)
		ReleaseScriptCaches (0ms)
		RebuildScriptCaches (0ms)
		SetupLoadedEditorAssemblies (1067ms)
			LogAssemblyErrors (0ms)
			InitializePlatformSupportModulesInManaged (31ms)
			SetLoadedEditorAssemblies (3ms)
			RefreshPlugins (0ms)
			BeforeProcessingInitializeOnLoad (71ms)
			ProcessInitializeOnLoadAttributes (811ms)
			ProcessInitializeOnLoadMethodAttributes (147ms)
			AfterProcessingInitializeOnLoad (4ms)
			EditorAssembliesLoaded (0ms)
		ExecutionOrderSort2 (0ms)
		AwakeInstancesAfterBackupRestoration (9ms)
OnLevelWasLoaded was found on Reporter
This message has been deprecated and will be removed in a later version of Unity.
Add a delegate to SceneManager.sceneLoaded instead to get notifications after scene loading has completed
OnLevelWasLoaded was found on BoxController
This message has been deprecated and will be removed in a later version of Unity.
Add a delegate to SceneManager.sceneLoaded instead to get notifications after scene loading has completed
OnLevelWasLoaded was found on AdmobAds
This message has been deprecated and will be removed in a later version of Unity.
Add a delegate to SceneManager.sceneLoaded instead to get notifications after scene loading has completed
Refreshing native plugins compatible for Editor in 12.47 ms, found 10 plugins.
Preloading 0 native plugins for Editor in 0.00 ms.
Unloading 7073 Unused Serialized files (Serialized files now loaded: 0)
Unloading 342 unused Assets / (2.0 MB). Loaded Objects now: 8971.
Memory consumption went from 320.3 MB to 318.3 MB.
Total: 16.655600 ms (FindLiveObjects: 0.483500 ms CreateObjectMapping: 0.269300 ms MarkObjects: 14.647400 ms  DeleteObjects: 1.254700 ms)

Prepare: number of updated asset objects reloaded= 0
AssetImportParameters requested are different than current active one (requested -> active):
  custom:container-demuxer-ogg: 62fdf1f143b41e24485cea50d1cbac27 -> 
  custom:framework-win-MediaFoundation: 216162199b28c13a410421893ffa2e32 -> 
  custom:container-muxer-webm: aa71ff27fc2769a1b78a27578f13a17b -> 
  custom:video-decoder-webm-vp8: 9c59270c3fd7afecdb556c50c9e8de78 -> 
  custom:SearchIndexIgnoredProperties: e643bd26f0fe6173181afceb89e7c659 -> 
  custom:AudioImporter_EditorPlatform: d09bf68614088b80899f8185d706f6e7 -> 
  custom:audio-decoder-ogg-vorbis: bf7c407c2cedff20999df2af8eb42d56 -> 
  custom:audio-encoder-webm-vorbis: bf7c407c2cedff20999df2af8eb42d56 -> 
  custom:video-decoder-ogg-theora: a1e56fd34408186e4bbccfd4996cb3dc -> 
  custom:CustomObjectIndexerAttribute: 62b5816608c3102f162a1797e29626cf -> 
  custom:container-demuxer-webm: 4f35f7cbe854078d1ac9338744f61a02 -> 
  custom:video-encoder-webm-vp8: eb34c28f22e8b96e1ab97ce403110664 -> 
========================================================================
Received Prepare
Begin MonoManager ReloadAssembly
Symbol file LoadedFromMemory is not a mono symbol file
- Loaded All Assemblies, in  0.627 seconds
Refreshing native plugins compatible for Editor in 11.67 ms, found 10 plugins.
Native extension for WindowsStandalone target not found
Native extension for iOS target not found
Native extension for Android target not found
[Package Manager] Server::EnsureServerProcessIsRunning -- launch failed, reason: Unity was launched with the -noUpm command-line argument
[Package Manager] UpmClient::Send -- Unable to send message (not connected to UPM process).
[Package Manager] Cannot connect to Unity Package Manager local server
System.IO.IOException: Sharing violation on path D:\UnityProject\BonceMonney\ProjectSettings\GvhProjectSettings.xml
  at System.IO.FileStream..ctor (System.String path, System.IO.FileMode mode, System.IO.FileAccess access, System.IO.FileShare share, System.Int32 bufferSize, System.Boolean anonymous, System.IO.FileOptions options) [0x0019e] in <dc753a1061284f8e971ee88ee4826eee>:0 
  at System.IO.FileStream..ctor (System.String path, System.IO.FileMode mode, System.IO.FileAccess access, System.IO.FileShare share, System.Int32 bufferSize, System.IO.FileOptions options) [0x00000] in <dc753a1061284f8e971ee88ee4826eee>:0 
  at (wrapper remoting-invoke-with-check) System.IO.FileStream..ctor(string,System.IO.FileMode,System.IO.FileAccess,System.IO.FileShare,int,System.IO.FileOptions)
  at System.IO.StreamReader..ctor (System.String path, System.Text.Encoding encoding, System.Boolean detectEncodingFromByteOrderMarks, System.Int32 bufferSize) [0x00055] in <dc753a1061284f8e971ee88ee4826eee>:0 
  at System.IO.StreamReader..ctor (System.String path, System.Boolean detectEncodingFromByteOrderMarks) [0x00007] in <dc753a1061284f8e971ee88ee4826eee>:0 
  at System.IO.StreamReader..ctor (System.String path) [0x00000] in <dc753a1061284f8e971ee88ee4826eee>:0 
  at (wrapper remoting-invoke-with-check) System.IO.StreamReader..ctor(string)
  at Google.XmlUtilities.ParseXmlTextFileElements (System.String filename, Google.Logger logger, Google.XmlUtilities+ParseElement parseElement) [0x00018] in /Users/amaurice/Documents/GitHub/unity-jar-resolver/source/VersionHandlerImpl/src/XmlUtilities.cs:104 
  at Google.ProjectSettings.Load () [0x00016] in /Users/amaurice/Documents/GitHub/unity-jar-resolver/source/VersionHandlerImpl/src/ProjectSettings.cs:777 
  at Google.ProjectSettings.LoadIfEmpty () [0x00023] in /Users/amaurice/Documents/GitHub/unity-jar-resolver/source/VersionHandlerImpl/src/ProjectSettings.cs:558 
  at Google.ProjectSettings.GetBool (System.String name, System.Boolean defaultValue, Google.SettingsLocation location) [0x00035] in /Users/amaurice/Documents/GitHub/unity-jar-resolver/source/VersionHandlerImpl/src/ProjectSettings.cs:606 
  at Google.ProjectSettings.GetBool (System.String name, System.Boolean defaultValue) [0x00001] in /Users/amaurice/Documents/GitHub/unity-jar-resolver/source/VersionHandlerImpl/src/ProjectSettings.cs:619 
  at Google.IOSResolver.get_VerboseLoggingEnabled () [0x00001] in /Users/amaurice/Documents/GitHub/unity-jar-resolver/source/IOSResolver/src/IOSResolver.cs:1039 
  at Google.IOSResolver..cctor () [0x00223] in /Users/amaurice/Documents/GitHub/unity-jar-resolver/source/IOSResolver/src/IOSResolver.cs:727 
UnityEngine.StackTraceUtility:ExtractStackTrace ()
UnityEngine.DebugLogHandler:LogFormat (UnityEngine.LogType,UnityEngine.Object,string,object[])
UnityEngine.Logger:Log (UnityEngine.LogType,object)
UnityEngine.Debug:LogError (object)
UnityEditor.EditorAssemblies:ProcessInitializeOnLoadAttributes (System.Type[])

Mono: successfully reloaded assembly
- Finished resetting the current domain, in  1.255 seconds
Domain Reload Profiling: 1879ms
	BeginReloadAssembly (158ms)
		ExecutionOrderSort (0ms)
		DisableScriptedObjects (9ms)
		BackupInstance (0ms)
		ReleaseScriptingObjects (0ms)
		CreateAndSetChildDomain (54ms)
	RebuildCommonClasses (37ms)
	RebuildNativeTypeToScriptingClass (10ms)
	initialDomainReloadingComplete (37ms)
	LoadAllAssembliesAndSetupDomain (382ms)
		LoadAssemblies (388ms)
		RebuildTransferFunctionScriptingTraits (0ms)
		AnalyzeDomain (62ms)
			TypeCache.Refresh (25ms)
				TypeCache.ScanAssembly (11ms)
			ScanForSourceGeneratedMonoScriptInfo (22ms)
			ResolveRequiredComponents (14ms)
	FinalizeReload (1255ms)
		ReleaseScriptCaches (0ms)
		RebuildScriptCaches (0ms)
		SetupLoadedEditorAssemblies (850ms)
			LogAssemblyErrors (0ms)
			InitializePlatformSupportModulesInManaged (29ms)
			SetLoadedEditorAssemblies (3ms)
			RefreshPlugins (0ms)
			BeforeProcessingInitializeOnLoad (67ms)
			ProcessInitializeOnLoadAttributes (640ms)
			ProcessInitializeOnLoadMethodAttributes (107ms)
			AfterProcessingInitializeOnLoad (4ms)
			EditorAssembliesLoaded (0ms)
		ExecutionOrderSort2 (0ms)
		AwakeInstancesAfterBackupRestoration (9ms)
OnLevelWasLoaded was found on Reporter
This message has been deprecated and will be removed in a later version of Unity.
Add a delegate to SceneManager.sceneLoaded instead to get notifications after scene loading has completed
OnLevelWasLoaded was found on BoxController
This message has been deprecated and will be removed in a later version of Unity.
Add a delegate to SceneManager.sceneLoaded instead to get notifications after scene loading has completed
OnLevelWasLoaded was found on AdmobAds
This message has been deprecated and will be removed in a later version of Unity.
Add a delegate to SceneManager.sceneLoaded instead to get notifications after scene loading has completed
Refreshing native plugins compatible for Editor in 12.22 ms, found 10 plugins.
Preloading 0 native plugins for Editor in 0.00 ms.
Unloading 7073 Unused Serialized files (Serialized files now loaded: 0)
Unloading 342 unused Assets / (2.1 MB). Loaded Objects now: 9007.
Memory consumption went from 322.3 MB to 320.3 MB.
Total: 19.527700 ms (FindLiveObjects: 1.121900 ms CreateObjectMapping: 0.629800 ms MarkObjects: 16.357300 ms  DeleteObjects: 1.417300 ms)

Prepare: number of updated asset objects reloaded= 0
AssetImportParameters requested are different than current active one (requested -> active):
  custom:container-demuxer-ogg: 62fdf1f143b41e24485cea50d1cbac27 -> 
  custom:framework-win-MediaFoundation: 216162199b28c13a410421893ffa2e32 -> 
  custom:container-muxer-webm: aa71ff27fc2769a1b78a27578f13a17b -> 
  custom:video-decoder-webm-vp8: 9c59270c3fd7afecdb556c50c9e8de78 -> 
  custom:SearchIndexIgnoredProperties: e643bd26f0fe6173181afceb89e7c659 -> 
  custom:AudioImporter_EditorPlatform: d09bf68614088b80899f8185d706f6e7 -> 
  custom:audio-decoder-ogg-vorbis: bf7c407c2cedff20999df2af8eb42d56 -> 
  custom:audio-encoder-webm-vorbis: bf7c407c2cedff20999df2af8eb42d56 -> 
  custom:video-decoder-ogg-theora: a1e56fd34408186e4bbccfd4996cb3dc -> 
  custom:CustomObjectIndexerAttribute: 62b5816608c3102f162a1797e29626cf -> 
  custom:container-demuxer-webm: 4f35f7cbe854078d1ac9338744f61a02 -> 
  custom:video-encoder-webm-vp8: eb34c28f22e8b96e1ab97ce403110664 -> 
========================================================================
Received Prepare
Begin MonoManager ReloadAssembly
Symbol file LoadedFromMemory is not a mono symbol file
- Loaded All Assemblies, in  0.673 seconds
Refreshing native plugins compatible for Editor in 11.47 ms, found 10 plugins.
Native extension for WindowsStandalone target not found
Native extension for iOS target not found
Native extension for Android target not found
[Package Manager] Server::EnsureServerProcessIsRunning -- launch failed, reason: Unity was launched with the -noUpm command-line argument
[Package Manager] UpmClient::Send -- Unable to send message (not connected to UPM process).
[Package Manager] Cannot connect to Unity Package Manager local server
Unable to write to 'ProjectSettings\GvhProjectSettings.xml' (System.IO.IOException: Sharing violation on path D:\UnityProject\BonceMonney\ProjectSettings\GvhProjectSettings.xml
  at System.IO.FileStream..ctor (System.String path, System.IO.FileMode mode, System.IO.FileAccess access, System.IO.FileShare share, System.Int32 bufferSize, System.Boolean anonymous, System.IO.FileOptions options) [0x0019e] in <dc753a1061284f8e971ee88ee4826eee>:0 
  at System.IO.FileStream..ctor (System.String path, System.IO.FileMode mode, System.IO.FileAccess access, System.IO.FileShare share, System.Int32 bufferSize, System.IO.FileOptions options) [0x00000] in <dc753a1061284f8e971ee88ee4826eee>:0 
  at System.IO.FileStream..ctor (System.String path, System.IO.FileMode mode, System.IO.FileAccess access, System.IO.FileShare share, System.Int32 bufferSize, System.Boolean useAsync) [0x00000] in <dc753a1061284f8e971ee88ee4826eee>:0 
  at (wrapper remoting-invoke-with-check) System.IO.FileStream..ctor(string,System.IO.FileMode,System.IO.FileAccess,System.IO.FileShare,int,bool)
  at System.Xml.XmlWriterSettings.CreateWriter (System.String outputFileName) [0x00051] in <ae5badc4ec594809bfbe24220ad62e9b>:0 
  at System.Xml.XmlWriter.Create (System.String outputFileName, System.Xml.XmlWriterSettings settings) [0x0000a] in <ae5badc4ec594809bfbe24220ad62e9b>:0 
  at Google.ProjectSettings.Save () [0x00079] in /Users/amaurice/Documents/GitHub/unity-jar-resolver/source/VersionHandlerImpl/src/ProjectSettings.cs:821 , Project settings were not saved!
UnityEngine.StackTraceUtility:ExtractStackTrace ()
UnityEngine.DebugLogHandler:LogFormat (UnityEngine.LogType,UnityEngine.Object,string,object[])
UnityEngine.Logger:Log (UnityEngine.LogType,object)
UnityEngine.Debug:LogError (object)
Google.Logger:Log (string,Google.LogLevel) (at /Users/amaurice/Documents/GitHub/unity-jar-resolver/source/VersionHandlerImpl/src/Logger.cs:136)
Google.ProjectSettings:Save () (at /Users/amaurice/Documents/GitHub/unity-jar-resolver/source/VersionHandlerImpl/src/ProjectSettings.cs:844)
Google.ProjectSettings:SetBool (string,bool,Google.SettingsLocation) (at /Users/amaurice/Documents/GitHub/unity-jar-resolver/source/VersionHandlerImpl/src/ProjectSettings.cs:485)
Google.ProjectSettings:SetBool (string,bool) (at /Users/amaurice/Documents/GitHub/unity-jar-resolver/source/VersionHandlerImpl/src/ProjectSettings.cs:497)
Google.IOSResolver:set_VerboseLoggingEnabled (bool) (at /Users/amaurice/Documents/GitHub/unity-jar-resolver/source/IOSResolver/src/IOSResolver.cs:1041)
Google.IOSResolver:.cctor () (at /Users/amaurice/Documents/GitHub/unity-jar-resolver/source/IOSResolver/src/IOSResolver.cs:727)
System.Runtime.CompilerServices.RuntimeHelpers:RunClassConstructor (System.RuntimeTypeHandle)
UnityEditor.EditorAssemblies:ProcessInitializeOnLoadAttributes (System.Type[])

(Filename: /Users/amaurice/Documents/GitHub/unity-jar-resolver/source/VersionHandlerImpl/src/ProjectSettings.cs Line: 844)

Mono: successfully reloaded assembly
- Finished resetting the current domain, in  1.402 seconds
Domain Reload Profiling: 2073ms
	BeginReloadAssembly (202ms)
		ExecutionOrderSort (0ms)
		DisableScriptedObjects (10ms)
		BackupInstance (0ms)
		ReleaseScriptingObjects (0ms)
		CreateAndSetChildDomain (77ms)
	RebuildCommonClasses (31ms)
	RebuildNativeTypeToScriptingClass (15ms)
	initialDomainReloadingComplete (30ms)
	LoadAllAssembliesAndSetupDomain (394ms)
		LoadAssemblies (417ms)
		RebuildTransferFunctionScriptingTraits (0ms)
		AnalyzeDomain (64ms)
			TypeCache.Refresh (29ms)
				TypeCache.ScanAssembly (11ms)
			ScanForSourceGeneratedMonoScriptInfo (21ms)
			ResolveRequiredComponents (12ms)
	FinalizeReload (1402ms)
		ReleaseScriptCaches (0ms)
		RebuildScriptCaches (0ms)
		SetupLoadedEditorAssemblies (979ms)
			LogAssemblyErrors (0ms)
			InitializePlatformSupportModulesInManaged (26ms)
			SetLoadedEditorAssemblies (3ms)
			RefreshPlugins (0ms)
			BeforeProcessingInitializeOnLoad (69ms)
			ProcessInitializeOnLoadAttributes (716ms)
			ProcessInitializeOnLoadMethodAttributes (159ms)
			AfterProcessingInitializeOnLoad (5ms)
			EditorAssembliesLoaded (1ms)
		ExecutionOrderSort2 (0ms)
		AwakeInstancesAfterBackupRestoration (14ms)
OnLevelWasLoaded was found on Reporter
This message has been deprecated and will be removed in a later version of Unity.
Add a delegate to SceneManager.sceneLoaded instead to get notifications after scene loading has completed
OnLevelWasLoaded was found on BoxController
This message has been deprecated and will be removed in a later version of Unity.
Add a delegate to SceneManager.sceneLoaded instead to get notifications after scene loading has completed
OnLevelWasLoaded was found on AdmobAds
This message has been deprecated and will be removed in a later version of Unity.
Add a delegate to SceneManager.sceneLoaded instead to get notifications after scene loading has completed
Refreshing native plugins compatible for Editor in 12.15 ms, found 10 plugins.
Preloading 0 native plugins for Editor in 0.00 ms.
Unloading 7073 Unused Serialized files (Serialized files now loaded: 0)
Unloading 342 unused Assets / (2.1 MB). Loaded Objects now: 9043.
Memory consumption went from 324.3 MB to 322.2 MB.
Total: 28.031700 ms (FindLiveObjects: 1.981500 ms CreateObjectMapping: 0.958800 ms MarkObjects: 21.539700 ms  DeleteObjects: 3.547800 ms)

Prepare: number of updated asset objects reloaded= 0
AssetImportParameters requested are different than current active one (requested -> active):
  custom:container-demuxer-ogg: 62fdf1f143b41e24485cea50d1cbac27 -> 
  custom:framework-win-MediaFoundation: 216162199b28c13a410421893ffa2e32 -> 
  custom:container-muxer-webm: aa71ff27fc2769a1b78a27578f13a17b -> 
  custom:video-decoder-webm-vp8: 9c59270c3fd7afecdb556c50c9e8de78 -> 
  custom:SearchIndexIgnoredProperties: e643bd26f0fe6173181afceb89e7c659 -> 
  custom:AudioImporter_EditorPlatform: d09bf68614088b80899f8185d706f6e7 -> 
  custom:audio-decoder-ogg-vorbis: bf7c407c2cedff20999df2af8eb42d56 -> 
  custom:audio-encoder-webm-vorbis: bf7c407c2cedff20999df2af8eb42d56 -> 
  custom:video-decoder-ogg-theora: a1e56fd34408186e4bbccfd4996cb3dc -> 
  custom:CustomObjectIndexerAttribute: 62b5816608c3102f162a1797e29626cf -> 
  custom:container-demuxer-webm: 4f35f7cbe854078d1ac9338744f61a02 -> 
  custom:video-encoder-webm-vp8: eb34c28f22e8b96e1ab97ce403110664 -> 
========================================================================
Received Prepare
Begin MonoManager ReloadAssembly
Symbol file LoadedFromMemory is not a mono symbol file
- Loaded All Assemblies, in  0.588 seconds
Refreshing native plugins compatible for Editor in 10.61 ms, found 10 plugins.
Native extension for WindowsStandalone target not found
Native extension for iOS target not found
Native extension for Android target not found
[Package Manager] Server::EnsureServerProcessIsRunning -- launch failed, reason: Unity was launched with the -noUpm command-line argument
[Package Manager] UpmClient::Send -- Unable to send message (not connected to UPM process).
[Package Manager] Cannot connect to Unity Package Manager local server
System.IO.IOException: Sharing violation on path D:\UnityProject\BonceMonney\ProjectSettings\GvhProjectSettings.xml
  at System.IO.FileStream..ctor (System.String path, System.IO.FileMode mode, System.IO.FileAccess access, System.IO.FileShare share, System.Int32 bufferSize, System.Boolean anonymous, System.IO.FileOptions options) [0x0019e] in <dc753a1061284f8e971ee88ee4826eee>:0 
  at System.IO.FileStream..ctor (System.String path, System.IO.FileMode mode, System.IO.FileAccess access, System.IO.FileShare share, System.Int32 bufferSize, System.IO.FileOptions options) [0x00000] in <dc753a1061284f8e971ee88ee4826eee>:0 
  at (wrapper remoting-invoke-with-check) System.IO.FileStream..ctor(string,System.IO.FileMode,System.IO.FileAccess,System.IO.FileShare,int,System.IO.FileOptions)
  at System.IO.StreamReader..ctor (System.String path, System.Text.Encoding encoding, System.Boolean detectEncodingFromByteOrderMarks, System.Int32 bufferSize) [0x00055] in <dc753a1061284f8e971ee88ee4826eee>:0 
  at System.IO.StreamReader..ctor (System.String path, System.Boolean detectEncodingFromByteOrderMarks) [0x00007] in <dc753a1061284f8e971ee88ee4826eee>:0 
  at System.IO.StreamReader..ctor (System.String path) [0x00000] in <dc753a1061284f8e971ee88ee4826eee>:0 
  at (wrapper remoting-invoke-with-check) System.IO.StreamReader..ctor(string)
  at Google.XmlUtilities.ParseXmlTextFileElements (System.String filename, Google.Logger logger, Google.XmlUtilities+ParseElement parseElement) [0x00018] in /Users/amaurice/Documents/GitHub/unity-jar-resolver/source/VersionHandlerImpl/src/XmlUtilities.cs:104 
  at Google.ProjectSettings.Load () [0x00016] in /Users/amaurice/Documents/GitHub/unity-jar-resolver/source/VersionHandlerImpl/src/ProjectSettings.cs:777 
  at Google.ProjectSettings.LoadIfEmpty () [0x00023] in /Users/amaurice/Documents/GitHub/unity-jar-resolver/source/VersionHandlerImpl/src/ProjectSettings.cs:558 
  at Google.ProjectSettings.GetBool (System.String name, System.Boolean defaultValue, Google.SettingsLocation location) [0x00035] in /Users/amaurice/Documents/GitHub/unity-jar-resolver/source/VersionHandlerImpl/src/ProjectSettings.cs:606 
  at Google.ProjectSettings.GetBool (System.String name, System.Boolean defaultValue) [0x00001] in /Users/amaurice/Documents/GitHub/unity-jar-resolver/source/VersionHandlerImpl/src/ProjectSettings.cs:619 
  at Google.IOSResolver.get_VerboseLoggingEnabled () [0x00001] in /Users/amaurice/Documents/GitHub/unity-jar-resolver/source/IOSResolver/src/IOSResolver.cs:1039 
  at Google.IOSResolver..cctor () [0x00223] in /Users/amaurice/Documents/GitHub/unity-jar-resolver/source/IOSResolver/src/IOSResolver.cs:727 
UnityEngine.StackTraceUtility:ExtractStackTrace ()
UnityEngine.DebugLogHandler:LogFormat (UnityEngine.LogType,UnityEngine.Object,string,object[])
UnityEngine.Logger:Log (UnityEngine.LogType,object)
UnityEngine.Debug:LogError (object)
UnityEditor.EditorAssemblies:ProcessInitializeOnLoadAttributes (System.Type[])

Mono: successfully reloaded assembly
- Finished resetting the current domain, in  1.456 seconds
Domain Reload Profiling: 2042ms
	BeginReloadAssembly (155ms)
		ExecutionOrderSort (0ms)
		DisableScriptedObjects (8ms)
		BackupInstance (0ms)
		ReleaseScriptingObjects (0ms)
		CreateAndSetChildDomain (52ms)
	RebuildCommonClasses (24ms)
	RebuildNativeTypeToScriptingClass (15ms)
	initialDomainReloadingComplete (30ms)
	LoadAllAssembliesAndSetupDomain (362ms)
		LoadAssemblies (356ms)
		RebuildTransferFunctionScriptingTraits (0ms)
		AnalyzeDomain (73ms)
			TypeCache.Refresh (34ms)
				TypeCache.ScanAssembly (13ms)
			ScanForSourceGeneratedMonoScriptInfo (21ms)
			ResolveRequiredComponents (16ms)
	FinalizeReload (1456ms)
		ReleaseScriptCaches (0ms)
		RebuildScriptCaches (0ms)
		SetupLoadedEditorAssemblies (1063ms)
			LogAssemblyErrors (0ms)
			InitializePlatformSupportModulesInManaged (26ms)
			SetLoadedEditorAssemblies (3ms)
			RefreshPlugins (0ms)
			BeforeProcessingInitializeOnLoad (78ms)
			ProcessInitializeOnLoadAttributes (785ms)
			ProcessInitializeOnLoadMethodAttributes (165ms)
			AfterProcessingInitializeOnLoad (6ms)
			EditorAssembliesLoaded (1ms)
		ExecutionOrderSort2 (0ms)
		AwakeInstancesAfterBackupRestoration (12ms)
OnLevelWasLoaded was found on Reporter
This message has been deprecated and will be removed in a later version of Unity.
Add a delegate to SceneManager.sceneLoaded instead to get notifications after scene loading has completed
OnLevelWasLoaded was found on BoxController
This message has been deprecated and will be removed in a later version of Unity.
Add a delegate to SceneManager.sceneLoaded instead to get notifications after scene loading has completed
OnLevelWasLoaded was found on AdmobAds
This message has been deprecated and will be removed in a later version of Unity.
Add a delegate to SceneManager.sceneLoaded instead to get notifications after scene loading has completed
Refreshing native plugins compatible for Editor in 10.89 ms, found 10 plugins.
Preloading 0 native plugins for Editor in 0.00 ms.
Unloading 7073 Unused Serialized files (Serialized files now loaded: 0)
Unloading 342 unused Assets / (2.1 MB). Loaded Objects now: 9079.
Memory consumption went from 326.3 MB to 324.2 MB.
Total: 21.259300 ms (FindLiveObjects: 0.518800 ms CreateObjectMapping: 0.262700 ms MarkObjects: 17.609900 ms  DeleteObjects: 2.865800 ms)

Prepare: number of updated asset objects reloaded= 0
AssetImportParameters requested are different than current active one (requested -> active):
  custom:container-demuxer-ogg: 62fdf1f143b41e24485cea50d1cbac27 -> 
  custom:framework-win-MediaFoundation: 216162199b28c13a410421893ffa2e32 -> 
  custom:container-muxer-webm: aa71ff27fc2769a1b78a27578f13a17b -> 
  custom:video-decoder-webm-vp8: 9c59270c3fd7afecdb556c50c9e8de78 -> 
  custom:SearchIndexIgnoredProperties: e643bd26f0fe6173181afceb89e7c659 -> 
  custom:AudioImporter_EditorPlatform: d09bf68614088b80899f8185d706f6e7 -> 
  custom:audio-decoder-ogg-vorbis: bf7c407c2cedff20999df2af8eb42d56 -> 
  custom:audio-encoder-webm-vorbis: bf7c407c2cedff20999df2af8eb42d56 -> 
  custom:video-decoder-ogg-theora: a1e56fd34408186e4bbccfd4996cb3dc -> 
  custom:CustomObjectIndexerAttribute: 62b5816608c3102f162a1797e29626cf -> 
  custom:container-demuxer-webm: 4f35f7cbe854078d1ac9338744f61a02 -> 
  custom:video-encoder-webm-vp8: eb34c28f22e8b96e1ab97ce403110664 -> 
========================================================================
Received Prepare
Begin MonoManager ReloadAssembly
Symbol file LoadedFromMemory is not a mono symbol file
- Loaded All Assemblies, in  0.998 seconds
Refreshing native plugins compatible for Editor in 11.55 ms, found 10 plugins.
Native extension for WindowsStandalone target not found
Native extension for iOS target not found
Native extension for Android target not found
[Package Manager] Server::EnsureServerProcessIsRunning -- launch failed, reason: Unity was launched with the -noUpm command-line argument
[Package Manager] UpmClient::Send -- Unable to send message (not connected to UPM process).
[Package Manager] Cannot connect to Unity Package Manager local server
Debug [AppLovin MAX] Deleting obsolete network AdColony from path Assets\MaxSdk/Mediation/AdColony...
UnityEngine.StackTraceUtility:ExtractStackTrace ()
UnityEngine.DebugLogHandler:LogFormat (UnityEngine.LogType,UnityEngine.Object,string,object[])
UnityEngine.Logger:Log (UnityEngine.LogType,object)
UnityEngine.Debug:Log (object)
MaxSdkLogger:UserDebug (string) (at Assets/MaxSdk/Scripts/MaxSdkLogger.cs:13)
AppLovinMax.Scripts.IntegrationManager.Editor.AppLovinInitialize:.cctor () (at Assets/MaxSdk/Scripts/IntegrationManager/Editor/AppLovinInitialize.cs:118)
System.Runtime.CompilerServices.RuntimeHelpers:RunClassConstructor (System.RuntimeTypeHandle)
UnityEditor.EditorAssemblies:ProcessInitializeOnLoadAttributes (System.Type[])

(Filename: Assets/MaxSdk/Scripts/MaxSdkLogger.cs Line: 13)

Debug [AppLovin MAX] AppLovin MAX Migration completed
UnityEngine.StackTraceUtility:ExtractStackTrace ()
UnityEngine.DebugLogHandler:LogFormat (UnityEngine.LogType,UnityEngine.Object,string,object[])
UnityEngine.Logger:Log (UnityEngine.LogType,object)
UnityEngine.Debug:Log (object)
MaxSdkLogger:UserDebug (string) (at Assets/MaxSdk/Scripts/MaxSdkLogger.cs:13)
AppLovinMax.Scripts.IntegrationManager.Editor.AppLovinInitialize:.cctor () (at Assets/MaxSdk/Scripts/IntegrationManager/Editor/AppLovinInitialize.cs:128)
System.Runtime.CompilerServices.RuntimeHelpers:RunClassConstructor (System.RuntimeTypeHandle)
UnityEditor.EditorAssemblies:ProcessInitializeOnLoadAttributes (System.Type[])

(Filename: Assets/MaxSdk/Scripts/MaxSdkLogger.cs Line: 13)

Unable to write to 'ProjectSettings\GvhProjectSettings.xml' (System.IO.IOException: Sharing violation on path D:\UnityProject\BonceMonney\ProjectSettings\GvhProjectSettings.xml
  at System.IO.FileStream..ctor (System.String path, System.IO.FileMode mode, System.IO.FileAccess access, System.IO.FileShare share, System.Int32 bufferSize, System.Boolean anonymous, System.IO.FileOptions options) [0x0019e] in <dc753a1061284f8e971ee88ee4826eee>:0 
  at System.IO.FileStream..ctor (System.String path, System.IO.FileMode mode, System.IO.FileAccess access, System.IO.FileShare share, System.Int32 bufferSize, System.IO.FileOptions options) [0x00000] in <dc753a1061284f8e971ee88ee4826eee>:0 
  at System.IO.FileStream..ctor (System.String path, System.IO.FileMode mode, System.IO.FileAccess access, System.IO.FileShare share, System.Int32 bufferSize, System.Boolean useAsync) [0x00000] in <dc753a1061284f8e971ee88ee4826eee>:0 
  at (wrapper remoting-invoke-with-check) System.IO.FileStream..ctor(string,System.IO.FileMode,System.IO.FileAccess,System.IO.FileShare,int,bool)
  at System.Xml.XmlWriterSettings.CreateWriter (System.String outputFileName) [0x00051] in <ae5badc4ec594809bfbe24220ad62e9b>:0 
  at System.Xml.XmlWriter.Create (System.String outputFileName, System.Xml.XmlWriterSettings settings) [0x0000a] in <ae5badc4ec594809bfbe24220ad62e9b>:0 
  at Google.ProjectSettings.Save () [0x00079] in /Users/amaurice/Documents/GitHub/unity-jar-resolver/source/VersionHandlerImpl/src/ProjectSettings.cs:821 , Project settings were not saved!
UnityEngine.StackTraceUtility:ExtractStackTrace ()
UnityEngine.DebugLogHandler:LogFormat (UnityEngine.LogType,UnityEngine.Object,string,object[])
UnityEngine.Logger:Log (UnityEngine.LogType,object)
UnityEngine.Debug:LogError (object)
Google.Logger:Log (string,Google.LogLevel) (at /Users/amaurice/Documents/GitHub/unity-jar-resolver/source/VersionHandlerImpl/src/Logger.cs:136)
Google.ProjectSettings:Save () (at /Users/amaurice/Documents/GitHub/unity-jar-resolver/source/VersionHandlerImpl/src/ProjectSettings.cs:844)
Google.ProjectSettings:SetBool (string,bool,Google.SettingsLocation) (at /Users/amaurice/Documents/GitHub/unity-jar-resolver/source/VersionHandlerImpl/src/ProjectSettings.cs:485)
Google.ProjectSettings:SetBool (string,bool) (at /Users/amaurice/Documents/GitHub/unity-jar-resolver/source/VersionHandlerImpl/src/ProjectSettings.cs:497)
Google.IOSResolver:set_VerboseLoggingEnabled (bool) (at /Users/amaurice/Documents/GitHub/unity-jar-resolver/source/IOSResolver/src/IOSResolver.cs:1041)
Google.IOSResolver:.cctor () (at /Users/amaurice/Documents/GitHub/unity-jar-resolver/source/IOSResolver/src/IOSResolver.cs:727)
System.Runtime.CompilerServices.RuntimeHelpers:RunClassConstructor (System.RuntimeTypeHandle)
UnityEditor.EditorAssemblies:ProcessInitializeOnLoadAttributes (System.Type[])

(Filename: /Users/amaurice/Documents/GitHub/unity-jar-resolver/source/VersionHandlerImpl/src/ProjectSettings.cs Line: 844)

Mono: successfully reloaded assembly
- Finished resetting the current domain, in  2.366 seconds
Domain Reload Profiling: 3361ms
	BeginReloadAssembly (228ms)
		ExecutionOrderSort (0ms)
		DisableScriptedObjects (16ms)
		BackupInstance (0ms)
		ReleaseScriptingObjects (0ms)
		CreateAndSetChildDomain (82ms)
	RebuildCommonClasses (35ms)
	RebuildNativeTypeToScriptingClass (9ms)
	initialDomainReloadingComplete (37ms)
	LoadAllAssembliesAndSetupDomain (685ms)
		LoadAssemblies (707ms)
		RebuildTransferFunctionScriptingTraits (0ms)
		AnalyzeDomain (72ms)
			TypeCache.Refresh (26ms)
				TypeCache.ScanAssembly (12ms)
			ScanForSourceGeneratedMonoScriptInfo (24ms)
			ResolveRequiredComponents (19ms)
	FinalizeReload (2366ms)
		ReleaseScriptCaches (0ms)
		RebuildScriptCaches (0ms)
		SetupLoadedEditorAssemblies (1156ms)
			LogAssemblyErrors (0ms)
			InitializePlatformSupportModulesInManaged (82ms)
			SetLoadedEditorAssemblies (4ms)
			RefreshPlugins (0ms)
			BeforeProcessingInitializeOnLoad (69ms)
			ProcessInitializeOnLoadAttributes (867ms)
			ProcessInitializeOnLoadMethodAttributes (129ms)
			AfterProcessingInitializeOnLoad (5ms)
			EditorAssembliesLoaded (0ms)
		ExecutionOrderSort2 (0ms)
		AwakeInstancesAfterBackupRestoration (9ms)
OnLevelWasLoaded was found on Reporter
This message has been deprecated and will be removed in a later version of Unity.
Add a delegate to SceneManager.sceneLoaded instead to get notifications after scene loading has completed
OnLevelWasLoaded was found on BoxController
This message has been deprecated and will be removed in a later version of Unity.
Add a delegate to SceneManager.sceneLoaded instead to get notifications after scene loading has completed
OnLevelWasLoaded was found on AdmobAds
This message has been deprecated and will be removed in a later version of Unity.
Add a delegate to SceneManager.sceneLoaded instead to get notifications after scene loading has completed
Refreshing native plugins compatible for Editor in 12.03 ms, found 10 plugins.
Preloading 0 native plugins for Editor in 0.00 ms.
Unloading 7073 Unused Serialized files (Serialized files now loaded: 0)
Unloading 342 unused Assets / (2.1 MB). Loaded Objects now: 9115.
Memory consumption went from 328.3 MB to 326.2 MB.
Total: 43.867300 ms (FindLiveObjects: 0.924600 ms CreateObjectMapping: 0.658800 ms MarkObjects: 31.920300 ms  DeleteObjects: 10.355600 ms)

Prepare: number of updated asset objects reloaded= 0
AssetImportParameters requested are different than current active one (requested -> active):
  custom:container-demuxer-ogg: 62fdf1f143b41e24485cea50d1cbac27 -> 
  custom:framework-win-MediaFoundation: 216162199b28c13a410421893ffa2e32 -> 
  custom:container-muxer-webm: aa71ff27fc2769a1b78a27578f13a17b -> 
  custom:video-decoder-webm-vp8: 9c59270c3fd7afecdb556c50c9e8de78 -> 
  custom:SearchIndexIgnoredProperties: e643bd26f0fe6173181afceb89e7c659 -> 
  custom:AudioImporter_EditorPlatform: d09bf68614088b80899f8185d706f6e7 -> 
  custom:audio-decoder-ogg-vorbis: bf7c407c2cedff20999df2af8eb42d56 -> 
  custom:audio-encoder-webm-vorbis: bf7c407c2cedff20999df2af8eb42d56 -> 
  custom:video-decoder-ogg-theora: a1e56fd34408186e4bbccfd4996cb3dc -> 
  custom:CustomObjectIndexerAttribute: 62b5816608c3102f162a1797e29626cf -> 
  custom:container-demuxer-webm: 4f35f7cbe854078d1ac9338744f61a02 -> 
  custom:video-encoder-webm-vp8: eb34c28f22e8b96e1ab97ce403110664 -> 
========================================================================
Received Prepare
Begin MonoManager ReloadAssembly
Symbol file LoadedFromMemory is not a mono symbol file
- Loaded All Assemblies, in  0.766 seconds
Refreshing native plugins compatible for Editor in 12.26 ms, found 10 plugins.
Native extension for WindowsStandalone target not found
Native extension for iOS target not found
Native extension for Android target not found
[Package Manager] Server::EnsureServerProcessIsRunning -- launch failed, reason: Unity was launched with the -noUpm command-line argument
[Package Manager] UpmClient::Send -- Unable to send message (not connected to UPM process).
[Package Manager] Cannot connect to Unity Package Manager local server
Mono: successfully reloaded assembly
- Finished resetting the current domain, in  1.380 seconds
Domain Reload Profiling: 2143ms
	BeginReloadAssembly (259ms)
		ExecutionOrderSort (0ms)
		DisableScriptedObjects (8ms)
		BackupInstance (0ms)
		ReleaseScriptingObjects (0ms)
		CreateAndSetChildDomain (115ms)
	RebuildCommonClasses (31ms)
	RebuildNativeTypeToScriptingClass (12ms)
	initialDomainReloadingComplete (60ms)
	LoadAllAssembliesAndSetupDomain (401ms)
		LoadAssemblies (440ms)
		RebuildTransferFunctionScriptingTraits (0ms)
		AnalyzeDomain (67ms)
			TypeCache.Refresh (28ms)
				TypeCache.ScanAssembly (12ms)
			ScanForSourceGeneratedMonoScriptInfo (23ms)
			ResolveRequiredComponents (14ms)
	FinalizeReload (1380ms)
		ReleaseScriptCaches (0ms)
		RebuildScriptCaches (0ms)
		SetupLoadedEditorAssemblies (935ms)
			LogAssemblyErrors (0ms)
			InitializePlatformSupportModulesInManaged (29ms)
			SetLoadedEditorAssemblies (3ms)
			RefreshPlugins (0ms)
			BeforeProcessingInitializeOnLoad (67ms)
			ProcessInitializeOnLoadAttributes (706ms)
			ProcessInitializeOnLoadMethodAttributes (124ms)
			AfterProcessingInitializeOnLoad (4ms)
			EditorAssembliesLoaded (0ms)
		ExecutionOrderSort2 (0ms)
		AwakeInstancesAfterBackupRestoration (10ms)
OnLevelWasLoaded was found on Reporter
This message has been deprecated and will be removed in a later version of Unity.
Add a delegate to SceneManager.sceneLoaded instead to get notifications after scene loading has completed
OnLevelWasLoaded was found on BoxController
This message has been deprecated and will be removed in a later version of Unity.
Add a delegate to SceneManager.sceneLoaded instead to get notifications after scene loading has completed
OnLevelWasLoaded was found on AdmobAds
This message has been deprecated and will be removed in a later version of Unity.
Add a delegate to SceneManager.sceneLoaded instead to get notifications after scene loading has completed
Refreshing native plugins compatible for Editor in 19.88 ms, found 10 plugins.
Preloading 0 native plugins for Editor in 0.00 ms.
Unloading 7073 Unused Serialized files (Serialized files now loaded: 0)
Unloading 342 unused Assets / (2.1 MB). Loaded Objects now: 9151.
Memory consumption went from 330.3 MB to 328.2 MB.
Total: 27.403700 ms (FindLiveObjects: 1.083100 ms CreateObjectMapping: 0.767900 ms MarkObjects: 21.931900 ms  DeleteObjects: 3.617500 ms)

Prepare: number of updated asset objects reloaded= 0
AssetImportParameters requested are different than current active one (requested -> active):
  custom:container-demuxer-ogg: 62fdf1f143b41e24485cea50d1cbac27 -> 
  custom:framework-win-MediaFoundation: 216162199b28c13a410421893ffa2e32 -> 
  custom:container-muxer-webm: aa71ff27fc2769a1b78a27578f13a17b -> 
  custom:video-decoder-webm-vp8: 9c59270c3fd7afecdb556c50c9e8de78 -> 
  custom:SearchIndexIgnoredProperties: e643bd26f0fe6173181afceb89e7c659 -> 
  custom:AudioImporter_EditorPlatform: d09bf68614088b80899f8185d706f6e7 -> 
  custom:audio-decoder-ogg-vorbis: bf7c407c2cedff20999df2af8eb42d56 -> 
  custom:audio-encoder-webm-vorbis: bf7c407c2cedff20999df2af8eb42d56 -> 
  custom:video-decoder-ogg-theora: a1e56fd34408186e4bbccfd4996cb3dc -> 
  custom:CustomObjectIndexerAttribute: 62b5816608c3102f162a1797e29626cf -> 
  custom:container-demuxer-webm: 4f35f7cbe854078d1ac9338744f61a02 -> 
  custom:video-encoder-webm-vp8: eb34c28f22e8b96e1ab97ce403110664 -> 
========================================================================
Received Prepare
Begin MonoManager ReloadAssembly
Symbol file LoadedFromMemory is not a mono symbol file
- Loaded All Assemblies, in  0.690 seconds
Refreshing native plugins compatible for Editor in 12.78 ms, found 10 plugins.
Native extension for WindowsStandalone target not found
Native extension for iOS target not found
Native extension for Android target not found
[Package Manager] Server::EnsureServerProcessIsRunning -- launch failed, reason: Unity was launched with the -noUpm command-line argument
[Package Manager] UpmClient::Send -- Unable to send message (not connected to UPM process).
[Package Manager] Cannot connect to Unity Package Manager local server
Mono: successfully reloaded assembly
- Finished resetting the current domain, in  1.668 seconds
Domain Reload Profiling: 2356ms
	BeginReloadAssembly (209ms)
		ExecutionOrderSort (0ms)
		DisableScriptedObjects (9ms)
		BackupInstance (0ms)
		ReleaseScriptingObjects (0ms)
		CreateAndSetChildDomain (70ms)
	RebuildCommonClasses (30ms)
	RebuildNativeTypeToScriptingClass (11ms)
	initialDomainReloadingComplete (32ms)
	LoadAllAssembliesAndSetupDomain (406ms)
		LoadAssemblies (431ms)
		RebuildTransferFunctionScriptingTraits (0ms)
		AnalyzeDomain (69ms)
			TypeCache.Refresh (31ms)
				TypeCache.ScanAssembly (12ms)
			ScanForSourceGeneratedMonoScriptInfo (24ms)
			ResolveRequiredComponents (13ms)
	FinalizeReload (1669ms)
		ReleaseScriptCaches (0ms)
		RebuildScriptCaches (0ms)
		SetupLoadedEditorAssemblies (1209ms)
			LogAssemblyErrors (0ms)
			InitializePlatformSupportModulesInManaged (29ms)
			SetLoadedEditorAssemblies (6ms)
			RefreshPlugins (0ms)
			BeforeProcessingInitializeOnLoad (89ms)
			ProcessInitializeOnLoadAttributes (948ms)
			ProcessInitializeOnLoadMethodAttributes (133ms)
			AfterProcessingInitializeOnLoad (4ms)
			EditorAssembliesLoaded (0ms)
		ExecutionOrderSort2 (0ms)
		AwakeInstancesAfterBackupRestoration (11ms)
OnLevelWasLoaded was found on Reporter
This message has been deprecated and will be removed in a later version of Unity.
Add a delegate to SceneManager.sceneLoaded instead to get notifications after scene loading has completed
OnLevelWasLoaded was found on BoxController
This message has been deprecated and will be removed in a later version of Unity.
Add a delegate to SceneManager.sceneLoaded instead to get notifications after scene loading has completed
OnLevelWasLoaded was found on AdmobAds
This message has been deprecated and will be removed in a later version of Unity.
Add a delegate to SceneManager.sceneLoaded instead to get notifications after scene loading has completed
Refreshing native plugins compatible for Editor in 12.28 ms, found 10 plugins.
Preloading 0 native plugins for Editor in 0.00 ms.
Unloading 7073 Unused Serialized files (Serialized files now loaded: 0)
Unloading 342 unused Assets / (2.0 MB). Loaded Objects now: 9187.
Memory consumption went from 332.2 MB to 330.2 MB.
Total: 19.969100 ms (FindLiveObjects: 0.547600 ms CreateObjectMapping: 0.272100 ms MarkObjects: 15.582300 ms  DeleteObjects: 3.565700 ms)

Prepare: number of updated asset objects reloaded= 0
AssetImportParameters requested are different than current active one (requested -> active):
  custom:container-demuxer-ogg: 62fdf1f143b41e24485cea50d1cbac27 -> 
  custom:framework-win-MediaFoundation: 216162199b28c13a410421893ffa2e32 -> 
  custom:container-muxer-webm: aa71ff27fc2769a1b78a27578f13a17b -> 
  custom:video-decoder-webm-vp8: 9c59270c3fd7afecdb556c50c9e8de78 -> 
  custom:SearchIndexIgnoredProperties: e643bd26f0fe6173181afceb89e7c659 -> 
  custom:AudioImporter_EditorPlatform: d09bf68614088b80899f8185d706f6e7 -> 
  custom:audio-decoder-ogg-vorbis: bf7c407c2cedff20999df2af8eb42d56 -> 
  custom:audio-encoder-webm-vorbis: bf7c407c2cedff20999df2af8eb42d56 -> 
  custom:video-decoder-ogg-theora: a1e56fd34408186e4bbccfd4996cb3dc -> 
  custom:CustomObjectIndexerAttribute: 62b5816608c3102f162a1797e29626cf -> 
  custom:container-demuxer-webm: 4f35f7cbe854078d1ac9338744f61a02 -> 
  custom:video-encoder-webm-vp8: eb34c28f22e8b96e1ab97ce403110664 -> 
========================================================================
Received Prepare
Begin MonoManager ReloadAssembly
Symbol file LoadedFromMemory is not a mono symbol file
- Loaded All Assemblies, in  0.779 seconds
Refreshing native plugins compatible for Editor in 13.86 ms, found 10 plugins.
Native extension for WindowsStandalone target not found
Native extension for iOS target not found
Native extension for Android target not found
[Package Manager] Server::EnsureServerProcessIsRunning -- launch failed, reason: Unity was launched with the -noUpm command-line argument
[Package Manager] UpmClient::Send -- Unable to send message (not connected to UPM process).
[Package Manager] Cannot connect to Unity Package Manager local server
Mono: successfully reloaded assembly
- Finished resetting the current domain, in  1.560 seconds
Domain Reload Profiling: 2337ms
	BeginReloadAssembly (223ms)
		ExecutionOrderSort (0ms)
		DisableScriptedObjects (11ms)
		BackupInstance (0ms)
		ReleaseScriptingObjects (0ms)
		CreateAndSetChildDomain (84ms)
	RebuildCommonClasses (33ms)
	RebuildNativeTypeToScriptingClass (9ms)
	initialDomainReloadingComplete (39ms)
	LoadAllAssembliesAndSetupDomain (473ms)
		LoadAssemblies (481ms)
		RebuildTransferFunctionScriptingTraits (0ms)
		AnalyzeDomain (81ms)
			TypeCache.Refresh (39ms)
				TypeCache.ScanAssembly (13ms)
			ScanForSourceGeneratedMonoScriptInfo (26ms)
			ResolveRequiredComponents (14ms)
	FinalizeReload (1560ms)
		ReleaseScriptCaches (0ms)
		RebuildScriptCaches (0ms)
		SetupLoadedEditorAssemblies (1080ms)
			LogAssemblyErrors (0ms)
			InitializePlatformSupportModulesInManaged (35ms)
			SetLoadedEditorAssemblies (4ms)
			RefreshPlugins (0ms)
			BeforeProcessingInitializeOnLoad (78ms)
			ProcessInitializeOnLoadAttributes (833ms)
			ProcessInitializeOnLoadMethodAttributes (126ms)
			AfterProcessingInitializeOnLoad (4ms)
			EditorAssembliesLoaded (0ms)
		ExecutionOrderSort2 (0ms)
		AwakeInstancesAfterBackupRestoration (11ms)
OnLevelWasLoaded was found on Reporter
This message has been deprecated and will be removed in a later version of Unity.
Add a delegate to SceneManager.sceneLoaded instead to get notifications after scene loading has completed
OnLevelWasLoaded was found on BoxController
This message has been deprecated and will be removed in a later version of Unity.
Add a delegate to SceneManager.sceneLoaded instead to get notifications after scene loading has completed
OnLevelWasLoaded was found on AdmobAds
This message has been deprecated and will be removed in a later version of Unity.
Add a delegate to SceneManager.sceneLoaded instead to get notifications after scene loading has completed
Refreshing native plugins compatible for Editor in 11.63 ms, found 10 plugins.
Preloading 0 native plugins for Editor in 0.00 ms.
Unloading 7073 Unused Serialized files (Serialized files now loaded: 0)
Unloading 342 unused Assets / (2.1 MB). Loaded Objects now: 9223.
Memory consumption went from 334.2 MB to 332.2 MB.
Total: 18.800700 ms (FindLiveObjects: 0.572400 ms CreateObjectMapping: 0.285000 ms MarkObjects: 16.551200 ms  DeleteObjects: 1.390700 ms)

Prepare: number of updated asset objects reloaded= 0
AssetImportParameters requested are different than current active one (requested -> active):
  custom:container-demuxer-ogg: 62fdf1f143b41e24485cea50d1cbac27 -> 
  custom:framework-win-MediaFoundation: 216162199b28c13a410421893ffa2e32 -> 
  custom:container-muxer-webm: aa71ff27fc2769a1b78a27578f13a17b -> 
  custom:video-decoder-webm-vp8: 9c59270c3fd7afecdb556c50c9e8de78 -> 
  custom:SearchIndexIgnoredProperties: e643bd26f0fe6173181afceb89e7c659 -> 
  custom:AudioImporter_EditorPlatform: d09bf68614088b80899f8185d706f6e7 -> 
  custom:audio-decoder-ogg-vorbis: bf7c407c2cedff20999df2af8eb42d56 -> 
  custom:audio-encoder-webm-vorbis: bf7c407c2cedff20999df2af8eb42d56 -> 
  custom:video-decoder-ogg-theora: a1e56fd34408186e4bbccfd4996cb3dc -> 
  custom:CustomObjectIndexerAttribute: 62b5816608c3102f162a1797e29626cf -> 
  custom:container-demuxer-webm: 4f35f7cbe854078d1ac9338744f61a02 -> 
  custom:video-encoder-webm-vp8: eb34c28f22e8b96e1ab97ce403110664 -> 
========================================================================
Received Prepare
Begin MonoManager ReloadAssembly
Symbol file LoadedFromMemory is not a mono symbol file
- Loaded All Assemblies, in  0.640 seconds
Refreshing native plugins compatible for Editor in 11.40 ms, found 10 plugins.
Native extension for WindowsStandalone target not found
Native extension for iOS target not found
Native extension for Android target not found
[Package Manager] Server::EnsureServerProcessIsRunning -- launch failed, reason: Unity was launched with the -noUpm command-line argument
[Package Manager] UpmClient::Send -- Unable to send message (not connected to UPM process).
[Package Manager] Cannot connect to Unity Package Manager local server
Mono: successfully reloaded assembly
- Finished resetting the current domain, in  2.149 seconds
Domain Reload Profiling: 2788ms
	BeginReloadAssembly (174ms)
		ExecutionOrderSort (0ms)
		DisableScriptedObjects (8ms)
		BackupInstance (0ms)
		ReleaseScriptingObjects (0ms)
		CreateAndSetChildDomain (57ms)
	RebuildCommonClasses (25ms)
	RebuildNativeTypeToScriptingClass (10ms)
	initialDomainReloadingComplete (31ms)
	LoadAllAssembliesAndSetupDomain (399ms)
		LoadAssemblies (406ms)
		RebuildTransferFunctionScriptingTraits (0ms)
		AnalyzeDomain (72ms)
			TypeCache.Refresh (33ms)
				TypeCache.ScanAssembly (14ms)
			ScanForSourceGeneratedMonoScriptInfo (25ms)
			ResolveRequiredComponents (12ms)
	FinalizeReload (2150ms)
		ReleaseScriptCaches (0ms)
		RebuildScriptCaches (0ms)
		SetupLoadedEditorAssemblies (933ms)
			LogAssemblyErrors (0ms)
			InitializePlatformSupportModulesInManaged (28ms)
			SetLoadedEditorAssemblies (3ms)
			RefreshPlugins (0ms)
			BeforeProcessingInitializeOnLoad (66ms)
			ProcessInitializeOnLoadAttributes (725ms)
			ProcessInitializeOnLoadMethodAttributes (107ms)
			AfterProcessingInitializeOnLoad (4ms)
			EditorAssembliesLoaded (0ms)
		ExecutionOrderSort2 (0ms)
		AwakeInstancesAfterBackupRestoration (9ms)
OnLevelWasLoaded was found on Reporter
This message has been deprecated and will be removed in a later version of Unity.
Add a delegate to SceneManager.sceneLoaded instead to get notifications after scene loading has completed
OnLevelWasLoaded was found on BoxController
This message has been deprecated and will be removed in a later version of Unity.
Add a delegate to SceneManager.sceneLoaded instead to get notifications after scene loading has completed
OnLevelWasLoaded was found on AdmobAds
This message has been deprecated and will be removed in a later version of Unity.
Add a delegate to SceneManager.sceneLoaded instead to get notifications after scene loading has completed
Refreshing native plugins compatible for Editor in 10.73 ms, found 10 plugins.
Preloading 0 native plugins for Editor in 0.00 ms.
Unloading 7073 Unused Serialized files (Serialized files now loaded: 0)
Unloading 342 unused Assets / (2.1 MB). Loaded Objects now: 9259.
Memory consumption went from 336.2 MB to 334.2 MB.
Total: 20.505600 ms (FindLiveObjects: 0.712200 ms CreateObjectMapping: 0.285900 ms MarkObjects: 16.929700 ms  DeleteObjects: 2.574800 ms)

Prepare: number of updated asset objects reloaded= 0
AssetImportParameters requested are different than current active one (requested -> active):
  custom:container-demuxer-ogg: 62fdf1f143b41e24485cea50d1cbac27 -> 
  custom:framework-win-MediaFoundation: 216162199b28c13a410421893ffa2e32 -> 
  custom:container-muxer-webm: aa71ff27fc2769a1b78a27578f13a17b -> 
  custom:video-decoder-webm-vp8: 9c59270c3fd7afecdb556c50c9e8de78 -> 
  custom:SearchIndexIgnoredProperties: e643bd26f0fe6173181afceb89e7c659 -> 
  custom:AudioImporter_EditorPlatform: d09bf68614088b80899f8185d706f6e7 -> 
  custom:audio-decoder-ogg-vorbis: bf7c407c2cedff20999df2af8eb42d56 -> 
  custom:audio-encoder-webm-vorbis: bf7c407c2cedff20999df2af8eb42d56 -> 
  custom:video-decoder-ogg-theora: a1e56fd34408186e4bbccfd4996cb3dc -> 
  custom:CustomObjectIndexerAttribute: 62b5816608c3102f162a1797e29626cf -> 
  custom:container-demuxer-webm: 4f35f7cbe854078d1ac9338744f61a02 -> 
  custom:video-encoder-webm-vp8: eb34c28f22e8b96e1ab97ce403110664 -> 
========================================================================
Received Prepare
Begin MonoManager ReloadAssembly
Symbol file LoadedFromMemory is not a mono symbol file
- Loaded All Assemblies, in  0.626 seconds
Refreshing native plugins compatible for Editor in 11.26 ms, found 10 plugins.
Native extension for WindowsStandalone target not found
Native extension for iOS target not found
Native extension for Android target not found
[Package Manager] Server::EnsureServerProcessIsRunning -- launch failed, reason: Unity was launched with the -noUpm command-line argument
[Package Manager] UpmClient::Send -- Unable to send message (not connected to UPM process).
[Package Manager] Cannot connect to Unity Package Manager local server
System.IO.IOException: Sharing violation on path D:\UnityProject\BonceMonney\ProjectSettings\GvhProjectSettings.xml
  at System.IO.FileStream..ctor (System.String path, System.IO.FileMode mode, System.IO.FileAccess access, System.IO.FileShare share, System.Int32 bufferSize, System.Boolean anonymous, System.IO.FileOptions options) [0x0019e] in <dc753a1061284f8e971ee88ee4826eee>:0 
  at System.IO.FileStream..ctor (System.String path, System.IO.FileMode mode, System.IO.FileAccess access, System.IO.FileShare share, System.Int32 bufferSize, System.IO.FileOptions options) [0x00000] in <dc753a1061284f8e971ee88ee4826eee>:0 
  at (wrapper remoting-invoke-with-check) System.IO.FileStream..ctor(string,System.IO.FileMode,System.IO.FileAccess,System.IO.FileShare,int,System.IO.FileOptions)
  at System.IO.StreamReader..ctor (System.String path, System.Text.Encoding encoding, System.Boolean detectEncodingFromByteOrderMarks, System.Int32 bufferSize) [0x00055] in <dc753a1061284f8e971ee88ee4826eee>:0 
  at System.IO.StreamReader..ctor (System.String path, System.Boolean detectEncodingFromByteOrderMarks) [0x00007] in <dc753a1061284f8e971ee88ee4826eee>:0 
  at System.IO.StreamReader..ctor (System.String path) [0x00000] in <dc753a1061284f8e971ee88ee4826eee>:0 
  at (wrapper remoting-invoke-with-check) System.IO.StreamReader..ctor(string)
  at Google.XmlUtilities.ParseXmlTextFileElements (System.String filename, Google.Logger logger, Google.XmlUtilities+ParseElement parseElement) [0x00018] in /Users/amaurice/Documents/GitHub/unity-jar-resolver/source/VersionHandlerImpl/src/XmlUtilities.cs:104 
  at Google.ProjectSettings.Load () [0x00016] in /Users/amaurice/Documents/GitHub/unity-jar-resolver/source/VersionHandlerImpl/src/ProjectSettings.cs:777 
  at Google.ProjectSettings.LoadIfEmpty () [0x00023] in /Users/amaurice/Documents/GitHub/unity-jar-resolver/source/VersionHandlerImpl/src/ProjectSettings.cs:558 
  at Google.ProjectSettings.GetBool (System.String name, System.Boolean defaultValue, Google.SettingsLocation location) [0x00035] in /Users/amaurice/Documents/GitHub/unity-jar-resolver/source/VersionHandlerImpl/src/ProjectSettings.cs:606 
  at Google.ProjectSettings.GetBool (System.String name, System.Boolean defaultValue) [0x00001] in /Users/amaurice/Documents/GitHub/unity-jar-resolver/source/VersionHandlerImpl/src/ProjectSettings.cs:619 
  at Google.IOSResolver.get_VerboseLoggingEnabled () [0x00001] in /Users/amaurice/Documents/GitHub/unity-jar-resolver/source/IOSResolver/src/IOSResolver.cs:1039 
  at Google.IOSResolver..cctor () [0x00223] in /Users/amaurice/Documents/GitHub/unity-jar-resolver/source/IOSResolver/src/IOSResolver.cs:727 
UnityEngine.StackTraceUtility:ExtractStackTrace ()
UnityEngine.DebugLogHandler:LogFormat (UnityEngine.LogType,UnityEngine.Object,string,object[])
UnityEngine.Logger:Log (UnityEngine.LogType,object)
UnityEngine.Debug:LogError (object)
UnityEditor.EditorAssemblies:ProcessInitializeOnLoadAttributes (System.Type[])

Mono: successfully reloaded assembly
- Finished resetting the current domain, in  1.336 seconds
Domain Reload Profiling: 1960ms
	BeginReloadAssembly (189ms)
		ExecutionOrderSort (0ms)
		DisableScriptedObjects (9ms)
		BackupInstance (0ms)
		ReleaseScriptingObjects (0ms)
		CreateAndSetChildDomain (67ms)
	RebuildCommonClasses (27ms)
	RebuildNativeTypeToScriptingClass (9ms)
	initialDomainReloadingComplete (31ms)
	LoadAllAssembliesAndSetupDomain (367ms)
		LoadAssemblies (385ms)
		RebuildTransferFunctionScriptingTraits (0ms)
		AnalyzeDomain (67ms)
			TypeCache.Refresh (27ms)
				TypeCache.ScanAssembly (11ms)
			ScanForSourceGeneratedMonoScriptInfo (22ms)
			ResolveRequiredComponents (13ms)
	FinalizeReload (1336ms)
		ReleaseScriptCaches (0ms)
		RebuildScriptCaches (0ms)
		SetupLoadedEditorAssemblies (959ms)
			LogAssemblyErrors (0ms)
			InitializePlatformSupportModulesInManaged (26ms)
			SetLoadedEditorAssemblies (3ms)
			RefreshPlugins (0ms)
			BeforeProcessingInitializeOnLoad (61ms)
			ProcessInitializeOnLoadAttributes (718ms)
			ProcessInitializeOnLoadMethodAttributes (145ms)
			AfterProcessingInitializeOnLoad (5ms)
			EditorAssembliesLoaded (1ms)
		ExecutionOrderSort2 (0ms)
		AwakeInstancesAfterBackupRestoration (13ms)
OnLevelWasLoaded was found on Reporter
This message has been deprecated and will be removed in a later version of Unity.
Add a delegate to SceneManager.sceneLoaded instead to get notifications after scene loading has completed
OnLevelWasLoaded was found on BoxController
This message has been deprecated and will be removed in a later version of Unity.
Add a delegate to SceneManager.sceneLoaded instead to get notifications after scene loading has completed
OnLevelWasLoaded was found on AdmobAds
This message has been deprecated and will be removed in a later version of Unity.
Add a delegate to SceneManager.sceneLoaded instead to get notifications after scene loading has completed
Refreshing native plugins compatible for Editor in 10.28 ms, found 10 plugins.
Preloading 0 native plugins for Editor in 0.00 ms.
Unloading 7073 Unused Serialized files (Serialized files now loaded: 0)
Unloading 342 unused Assets / (2.0 MB). Loaded Objects now: 9295.
Memory consumption went from 338.2 MB to 336.2 MB.
Total: 16.374700 ms (FindLiveObjects: 0.595200 ms CreateObjectMapping: 0.312500 ms MarkObjects: 14.220800 ms  DeleteObjects: 1.244800 ms)

Prepare: number of updated asset objects reloaded= 0
AssetImportParameters requested are different than current active one (requested -> active):
  custom:container-demuxer-ogg: 62fdf1f143b41e24485cea50d1cbac27 -> 
  custom:framework-win-MediaFoundation: 216162199b28c13a410421893ffa2e32 -> 
  custom:container-muxer-webm: aa71ff27fc2769a1b78a27578f13a17b -> 
  custom:video-decoder-webm-vp8: 9c59270c3fd7afecdb556c50c9e8de78 -> 
  custom:SearchIndexIgnoredProperties: e643bd26f0fe6173181afceb89e7c659 -> 
  custom:AudioImporter_EditorPlatform: d09bf68614088b80899f8185d706f6e7 -> 
  custom:audio-decoder-ogg-vorbis: bf7c407c2cedff20999df2af8eb42d56 -> 
  custom:audio-encoder-webm-vorbis: bf7c407c2cedff20999df2af8eb42d56 -> 
  custom:video-decoder-ogg-theora: a1e56fd34408186e4bbccfd4996cb3dc -> 
  custom:CustomObjectIndexerAttribute: 62b5816608c3102f162a1797e29626cf -> 
  custom:container-demuxer-webm: 4f35f7cbe854078d1ac9338744f61a02 -> 
  custom:video-encoder-webm-vp8: eb34c28f22e8b96e1ab97ce403110664 -> 
========================================================================
Received Prepare
Begin MonoManager ReloadAssembly
Symbol file LoadedFromMemory is not a mono symbol file
- Loaded All Assemblies, in  0.665 seconds
Refreshing native plugins compatible for Editor in 11.59 ms, found 10 plugins.
Native extension for WindowsStandalone target not found
Native extension for iOS target not found
Native extension for Android target not found
[Package Manager] Server::EnsureServerProcessIsRunning -- launch failed, reason: Unity was launched with the -noUpm command-line argument
[Package Manager] UpmClient::Send -- Unable to send message (not connected to UPM process).
[Package Manager] Cannot connect to Unity Package Manager local server
Mono: successfully reloaded assembly
- Finished resetting the current domain, in  1.413 seconds
Domain Reload Profiling: 2075ms
	BeginReloadAssembly (180ms)
		ExecutionOrderSort (0ms)
		DisableScriptedObjects (17ms)
		BackupInstance (0ms)
		ReleaseScriptingObjects (0ms)
		CreateAndSetChildDomain (62ms)
	RebuildCommonClasses (26ms)
	RebuildNativeTypeToScriptingClass (13ms)
	initialDomainReloadingComplete (31ms)
	LoadAllAssembliesAndSetupDomain (411ms)
		LoadAssemblies (412ms)
		RebuildTransferFunctionScriptingTraits (0ms)
		AnalyzeDomain (71ms)
			TypeCache.Refresh (31ms)
				TypeCache.ScanAssembly (12ms)
			ScanForSourceGeneratedMonoScriptInfo (25ms)
			ResolveRequiredComponents (12ms)
	FinalizeReload (1413ms)
		ReleaseScriptCaches (0ms)
		RebuildScriptCaches (0ms)
		SetupLoadedEditorAssemblies (981ms)
			LogAssemblyErrors (0ms)
			InitializePlatformSupportModulesInManaged (39ms)
			SetLoadedEditorAssemblies (5ms)
			RefreshPlugins (0ms)
			BeforeProcessingInitializeOnLoad (75ms)
			ProcessInitializeOnLoadAttributes (715ms)
			ProcessInitializeOnLoadMethodAttributes (142ms)
			AfterProcessingInitializeOnLoad (4ms)
			EditorAssembliesLoaded (0ms)
		ExecutionOrderSort2 (0ms)
		AwakeInstancesAfterBackupRestoration (8ms)
OnLevelWasLoaded was found on Reporter
This message has been deprecated and will be removed in a later version of Unity.
Add a delegate to SceneManager.sceneLoaded instead to get notifications after scene loading has completed
OnLevelWasLoaded was found on BoxController
This message has been deprecated and will be removed in a later version of Unity.
Add a delegate to SceneManager.sceneLoaded instead to get notifications after scene loading has completed
OnLevelWasLoaded was found on AdmobAds
This message has been deprecated and will be removed in a later version of Unity.
Add a delegate to SceneManager.sceneLoaded instead to get notifications after scene loading has completed
Refreshing native plugins compatible for Editor in 15.54 ms, found 10 plugins.
Preloading 0 native plugins for Editor in 0.00 ms.
Unloading 7073 Unused Serialized files (Serialized files now loaded: 0)
Unloading 342 unused Assets / (2.1 MB). Loaded Objects now: 9331.
Memory consumption went from 340.2 MB to 338.1 MB.
Total: 18.100200 ms (FindLiveObjects: 0.579500 ms CreateObjectMapping: 0.288400 ms MarkObjects: 15.207500 ms  DeleteObjects: 2.023300 ms)

Prepare: number of updated asset objects reloaded= 0
AssetImportParameters requested are different than current active one (requested -> active):
  custom:container-demuxer-ogg: 62fdf1f143b41e24485cea50d1cbac27 -> 
  custom:framework-win-MediaFoundation: 216162199b28c13a410421893ffa2e32 -> 
  custom:container-muxer-webm: aa71ff27fc2769a1b78a27578f13a17b -> 
  custom:video-decoder-webm-vp8: 9c59270c3fd7afecdb556c50c9e8de78 -> 
  custom:SearchIndexIgnoredProperties: e643bd26f0fe6173181afceb89e7c659 -> 
  custom:AudioImporter_EditorPlatform: d09bf68614088b80899f8185d706f6e7 -> 
  custom:audio-decoder-ogg-vorbis: bf7c407c2cedff20999df2af8eb42d56 -> 
  custom:audio-encoder-webm-vorbis: bf7c407c2cedff20999df2af8eb42d56 -> 
  custom:video-decoder-ogg-theora: a1e56fd34408186e4bbccfd4996cb3dc -> 
  custom:CustomObjectIndexerAttribute: 62b5816608c3102f162a1797e29626cf -> 
  custom:container-demuxer-webm: 4f35f7cbe854078d1ac9338744f61a02 -> 
  custom:video-encoder-webm-vp8: eb34c28f22e8b96e1ab97ce403110664 -> 
========================================================================
Received Prepare
Begin MonoManager ReloadAssembly
Symbol file LoadedFromMemory is not a mono symbol file
- Loaded All Assemblies, in  0.598 seconds
Refreshing native plugins compatible for Editor in 11.00 ms, found 10 plugins.
Native extension for WindowsStandalone target not found
Native extension for iOS target not found
Native extension for Android target not found
[Package Manager] Server::EnsureServerProcessIsRunning -- launch failed, reason: Unity was launched with the -noUpm command-line argument
[Package Manager] UpmClient::Send -- Unable to send message (not connected to UPM process).
[Package Manager] Cannot connect to Unity Package Manager local server
Mono: successfully reloaded assembly
- Finished resetting the current domain, in  1.172 seconds
Domain Reload Profiling: 1768ms
	BeginReloadAssembly (175ms)
		ExecutionOrderSort (0ms)
		DisableScriptedObjects (8ms)
		BackupInstance (0ms)
		ReleaseScriptingObjects (0ms)
		CreateAndSetChildDomain (68ms)
	RebuildCommonClasses (26ms)
	RebuildNativeTypeToScriptingClass (15ms)
	initialDomainReloadingComplete (30ms)
	LoadAllAssembliesAndSetupDomain (351ms)
		LoadAssemblies (357ms)
		RebuildTransferFunctionScriptingTraits (0ms)
		AnalyzeDomain (64ms)
			TypeCache.Refresh (29ms)
				TypeCache.ScanAssembly (11ms)
			ScanForSourceGeneratedMonoScriptInfo (22ms)
			ResolveRequiredComponents (12ms)
	FinalizeReload (1172ms)
		ReleaseScriptCaches (0ms)
		RebuildScriptCaches (0ms)
		SetupLoadedEditorAssemblies (787ms)
			LogAssemblyErrors (0ms)
			InitializePlatformSupportModulesInManaged (27ms)
			SetLoadedEditorAssemblies (3ms)
			RefreshPlugins (0ms)
			BeforeProcessingInitializeOnLoad (71ms)
			ProcessInitializeOnLoadAttributes (585ms)
			ProcessInitializeOnLoadMethodAttributes (97ms)
			AfterProcessingInitializeOnLoad (4ms)
			EditorAssembliesLoaded (0ms)
		ExecutionOrderSort2 (0ms)
		AwakeInstancesAfterBackupRestoration (9ms)
OnLevelWasLoaded was found on Reporter
This message has been deprecated and will be removed in a later version of Unity.
Add a delegate to SceneManager.sceneLoaded instead to get notifications after scene loading has completed
OnLevelWasLoaded was found on BoxController
This message has been deprecated and will be removed in a later version of Unity.
Add a delegate to SceneManager.sceneLoaded instead to get notifications after scene loading has completed
OnLevelWasLoaded was found on AdmobAds
This message has been deprecated and will be removed in a later version of Unity.
Add a delegate to SceneManager.sceneLoaded instead to get notifications after scene loading has completed
Refreshing native plugins compatible for Editor in 10.05 ms, found 10 plugins.
Preloading 0 native plugins for Editor in 0.00 ms.
Unloading 7073 Unused Serialized files (Serialized files now loaded: 0)
Unloading 342 unused Assets / (2.0 MB). Loaded Objects now: 9367.
Memory consumption went from 342.2 MB to 340.1 MB.
Total: 18.972300 ms (FindLiveObjects: 0.814100 ms CreateObjectMapping: 0.314100 ms MarkObjects: 16.250100 ms  DeleteObjects: 1.591800 ms)

Prepare: number of updated asset objects reloaded= 0
AssetImportParameters requested are different than current active one (requested -> active):
  custom:container-demuxer-ogg: 62fdf1f143b41e24485cea50d1cbac27 -> 
  custom:framework-win-MediaFoundation: 216162199b28c13a410421893ffa2e32 -> 
  custom:container-muxer-webm: aa71ff27fc2769a1b78a27578f13a17b -> 
  custom:video-decoder-webm-vp8: 9c59270c3fd7afecdb556c50c9e8de78 -> 
  custom:SearchIndexIgnoredProperties: e643bd26f0fe6173181afceb89e7c659 -> 
  custom:AudioImporter_EditorPlatform: d09bf68614088b80899f8185d706f6e7 -> 
  custom:audio-decoder-ogg-vorbis: bf7c407c2cedff20999df2af8eb42d56 -> 
  custom:audio-encoder-webm-vorbis: bf7c407c2cedff20999df2af8eb42d56 -> 
  custom:video-decoder-ogg-theora: a1e56fd34408186e4bbccfd4996cb3dc -> 
  custom:CustomObjectIndexerAttribute: 62b5816608c3102f162a1797e29626cf -> 
  custom:container-demuxer-webm: 4f35f7cbe854078d1ac9338744f61a02 -> 
  custom:video-encoder-webm-vp8: eb34c28f22e8b96e1ab97ce403110664 -> 
========================================================================
Received Prepare
Begin MonoManager ReloadAssembly
Symbol file LoadedFromMemory is not a mono symbol file
- Loaded All Assemblies, in  0.627 seconds
Refreshing native plugins compatible for Editor in 11.84 ms, found 10 plugins.
Native extension for WindowsStandalone target not found
Native extension for iOS target not found
Native extension for Android target not found
[Package Manager] Server::EnsureServerProcessIsRunning -- launch failed, reason: Unity was launched with the -noUpm command-line argument
[Package Manager] UpmClient::Send -- Unable to send message (not connected to UPM process).
[Package Manager] Cannot connect to Unity Package Manager local server
Mono: successfully reloaded assembly
- Finished resetting the current domain, in  2.270 seconds
Domain Reload Profiling: 2896ms
	BeginReloadAssembly (165ms)
		ExecutionOrderSort (0ms)
		DisableScriptedObjects (7ms)
		BackupInstance (0ms)
		ReleaseScriptingObjects (0ms)
		CreateAndSetChildDomain (57ms)
	RebuildCommonClasses (26ms)
	RebuildNativeTypeToScriptingClass (9ms)
	initialDomainReloadingComplete (31ms)
	LoadAllAssembliesAndSetupDomain (394ms)
		LoadAssemblies (404ms)
		RebuildTransferFunctionScriptingTraits (0ms)
		AnalyzeDomain (66ms)
			TypeCache.Refresh (27ms)
				TypeCache.ScanAssembly (11ms)
			ScanForSourceGeneratedMonoScriptInfo (24ms)
			ResolveRequiredComponents (12ms)
	FinalizeReload (2271ms)
		ReleaseScriptCaches (0ms)
		RebuildScriptCaches (0ms)
		SetupLoadedEditorAssemblies (1089ms)
			LogAssemblyErrors (0ms)
			InitializePlatformSupportModulesInManaged (26ms)
			SetLoadedEditorAssemblies (3ms)
			RefreshPlugins (0ms)
			BeforeProcessingInitializeOnLoad (82ms)
			ProcessInitializeOnLoadAttributes (739ms)
			ProcessInitializeOnLoadMethodAttributes (234ms)
			AfterProcessingInitializeOnLoad (4ms)
			EditorAssembliesLoaded (1ms)
		ExecutionOrderSort2 (0ms)
		AwakeInstancesAfterBackupRestoration (17ms)
OnLevelWasLoaded was found on Reporter
This message has been deprecated and will be removed in a later version of Unity.
Add a delegate to SceneManager.sceneLoaded instead to get notifications after scene loading has completed
OnLevelWasLoaded was found on BoxController
This message has been deprecated and will be removed in a later version of Unity.
Add a delegate to SceneManager.sceneLoaded instead to get notifications after scene loading has completed
OnLevelWasLoaded was found on AdmobAds
This message has been deprecated and will be removed in a later version of Unity.
Add a delegate to SceneManager.sceneLoaded instead to get notifications after scene loading has completed
Refreshing native plugins compatible for Editor in 10.86 ms, found 10 plugins.
Preloading 0 native plugins for Editor in 0.00 ms.
Unloading 7073 Unused Serialized files (Serialized files now loaded: 0)
Unloading 342 unused Assets / (2.1 MB). Loaded Objects now: 9403.
Memory consumption went from 344.2 MB to 342.1 MB.
Total: 19.893400 ms (FindLiveObjects: 0.611200 ms CreateObjectMapping: 0.286500 ms MarkObjects: 16.735200 ms  DeleteObjects: 2.258000 ms)

Prepare: number of updated asset objects reloaded= 0
AssetImportParameters requested are different than current active one (requested -> active):
  custom:container-demuxer-ogg: 62fdf1f143b41e24485cea50d1cbac27 -> 
  custom:framework-win-MediaFoundation: 216162199b28c13a410421893ffa2e32 -> 
  custom:container-muxer-webm: aa71ff27fc2769a1b78a27578f13a17b -> 
  custom:video-decoder-webm-vp8: 9c59270c3fd7afecdb556c50c9e8de78 -> 
  custom:SearchIndexIgnoredProperties: e643bd26f0fe6173181afceb89e7c659 -> 
  custom:AudioImporter_EditorPlatform: d09bf68614088b80899f8185d706f6e7 -> 
  custom:audio-decoder-ogg-vorbis: bf7c407c2cedff20999df2af8eb42d56 -> 
  custom:audio-encoder-webm-vorbis: bf7c407c2cedff20999df2af8eb42d56 -> 
  custom:video-decoder-ogg-theora: a1e56fd34408186e4bbccfd4996cb3dc -> 
  custom:CustomObjectIndexerAttribute: 62b5816608c3102f162a1797e29626cf -> 
  custom:container-demuxer-webm: 4f35f7cbe854078d1ac9338744f61a02 -> 
  custom:video-encoder-webm-vp8: eb34c28f22e8b96e1ab97ce403110664 -> 
========================================================================
Received Prepare
Begin MonoManager ReloadAssembly
Symbol file LoadedFromMemory is not a mono symbol file
- Loaded All Assemblies, in  0.543 seconds
Refreshing native plugins compatible for Editor in 10.76 ms, found 10 plugins.
Native extension for WindowsStandalone target not found
Native extension for iOS target not found
Native extension for Android target not found
[Package Manager] Server::EnsureServerProcessIsRunning -- launch failed, reason: Unity was launched with the -noUpm command-line argument
[Package Manager] UpmClient::Send -- Unable to send message (not connected to UPM process).
[Package Manager] Cannot connect to Unity Package Manager local server
Mono: successfully reloaded assembly
- Finished resetting the current domain, in  1.234 seconds
Domain Reload Profiling: 1775ms
	BeginReloadAssembly (168ms)
		ExecutionOrderSort (0ms)
		DisableScriptedObjects (12ms)
		BackupInstance (0ms)
		ReleaseScriptingObjects (0ms)
		CreateAndSetChildDomain (53ms)
	RebuildCommonClasses (26ms)
	RebuildNativeTypeToScriptingClass (9ms)
	initialDomainReloadingComplete (28ms)
	LoadAllAssembliesAndSetupDomain (309ms)
		LoadAssemblies (361ms)
		RebuildTransferFunctionScriptingTraits (0ms)
		AnalyzeDomain (23ms)
			TypeCache.Refresh (8ms)
				TypeCache.ScanAssembly (0ms)
			ScanForSourceGeneratedMonoScriptInfo (0ms)
			ResolveRequiredComponents (12ms)
	FinalizeReload (1234ms)
		ReleaseScriptCaches (0ms)
		RebuildScriptCaches (0ms)
		SetupLoadedEditorAssemblies (855ms)
			LogAssemblyErrors (0ms)
			InitializePlatformSupportModulesInManaged (26ms)
			SetLoadedEditorAssemblies (3ms)
			RefreshPlugins (0ms)
			BeforeProcessingInitializeOnLoad (63ms)
			ProcessInitializeOnLoadAttributes (648ms)
			ProcessInitializeOnLoadMethodAttributes (109ms)
			AfterProcessingInitializeOnLoad (5ms)
			EditorAssembliesLoaded (1ms)
		ExecutionOrderSort2 (0ms)
		AwakeInstancesAfterBackupRestoration (9ms)
OnLevelWasLoaded was found on Reporter
This message has been deprecated and will be removed in a later version of Unity.
Add a delegate to SceneManager.sceneLoaded instead to get notifications after scene loading has completed
OnLevelWasLoaded was found on BoxController
This message has been deprecated and will be removed in a later version of Unity.
Add a delegate to SceneManager.sceneLoaded instead to get notifications after scene loading has completed
OnLevelWasLoaded was found on AdmobAds
This message has been deprecated and will be removed in a later version of Unity.
Add a delegate to SceneManager.sceneLoaded instead to get notifications after scene loading has completed
Refreshing native plugins compatible for Editor in 30.51 ms, found 10 plugins.
Preloading 0 native plugins for Editor in 0.00 ms.
Unloading 7072 Unused Serialized files (Serialized files now loaded: 0)
Unloading 341 unused Assets / (2.1 MB). Loaded Objects now: 9439.
Memory consumption went from 346.1 MB to 344.1 MB.
Total: 39.674100 ms (FindLiveObjects: 2.479700 ms CreateObjectMapping: 1.574200 ms MarkObjects: 31.393400 ms  DeleteObjects: 4.220000 ms)

Prepare: number of updated asset objects reloaded= 0
AssetImportParameters requested are different than current active one (requested -> active):
  custom:container-demuxer-ogg: 62fdf1f143b41e24485cea50d1cbac27 -> 
  custom:framework-win-MediaFoundation: 216162199b28c13a410421893ffa2e32 -> 
  custom:container-muxer-webm: aa71ff27fc2769a1b78a27578f13a17b -> 
  custom:video-decoder-webm-vp8: 9c59270c3fd7afecdb556c50c9e8de78 -> 
  custom:SearchIndexIgnoredProperties: e643bd26f0fe6173181afceb89e7c659 -> 
  custom:AudioImporter_EditorPlatform: d09bf68614088b80899f8185d706f6e7 -> 
  custom:audio-decoder-ogg-vorbis: bf7c407c2cedff20999df2af8eb42d56 -> 
  custom:audio-encoder-webm-vorbis: bf7c407c2cedff20999df2af8eb42d56 -> 
  custom:video-decoder-ogg-theora: a1e56fd34408186e4bbccfd4996cb3dc -> 
  custom:CustomObjectIndexerAttribute: 62b5816608c3102f162a1797e29626cf -> 
  custom:container-demuxer-webm: 4f35f7cbe854078d1ac9338744f61a02 -> 
  custom:video-encoder-webm-vp8: eb34c28f22e8b96e1ab97ce403110664 -> 
========================================================================
Received Prepare
Begin MonoManager ReloadAssembly
Symbol file LoadedFromMemory is not a mono symbol file
- Loaded All Assemblies, in  0.622 seconds
Refreshing native plugins compatible for Editor in 11.32 ms, found 10 plugins.
Native extension for WindowsStandalone target not found
Native extension for iOS target not found
Native extension for Android target not found
[Package Manager] Server::EnsureServerProcessIsRunning -- launch failed, reason: Unity was launched with the -noUpm command-line argument
[Package Manager] UpmClient::Send -- Unable to send message (not connected to UPM process).
[Package Manager] Cannot connect to Unity Package Manager local server
Mono: successfully reloaded assembly
- Finished resetting the current domain, in  1.239 seconds
Domain Reload Profiling: 1860ms
	BeginReloadAssembly (161ms)
		ExecutionOrderSort (0ms)
		DisableScriptedObjects (9ms)
		BackupInstance (0ms)
		ReleaseScriptingObjects (0ms)
		CreateAndSetChildDomain (52ms)
	RebuildCommonClasses (24ms)
	RebuildNativeTypeToScriptingClass (9ms)
	initialDomainReloadingComplete (29ms)
	LoadAllAssembliesAndSetupDomain (397ms)
		LoadAssemblies (398ms)
		RebuildTransferFunctionScriptingTraits (0ms)
		AnalyzeDomain (72ms)
			TypeCache.Refresh (26ms)
				TypeCache.ScanAssembly (11ms)
			ScanForSourceGeneratedMonoScriptInfo (30ms)
			ResolveRequiredComponents (14ms)
	FinalizeReload (1240ms)
		ReleaseScriptCaches (0ms)
		RebuildScriptCaches (0ms)
		SetupLoadedEditorAssemblies (830ms)
			LogAssemblyErrors (0ms)
			InitializePlatformSupportModulesInManaged (27ms)
			SetLoadedEditorAssemblies (3ms)
			RefreshPlugins (0ms)
			BeforeProcessingInitializeOnLoad (65ms)
			ProcessInitializeOnLoadAttributes (610ms)
			ProcessInitializeOnLoadMethodAttributes (119ms)
			AfterProcessingInitializeOnLoad (5ms)
			EditorAssembliesLoaded (1ms)
		ExecutionOrderSort2 (0ms)
		AwakeInstancesAfterBackupRestoration (9ms)
OnLevelWasLoaded was found on Reporter
This message has been deprecated and will be removed in a later version of Unity.
Add a delegate to SceneManager.sceneLoaded instead to get notifications after scene loading has completed
OnLevelWasLoaded was found on BoxController
This message has been deprecated and will be removed in a later version of Unity.
Add a delegate to SceneManager.sceneLoaded instead to get notifications after scene loading has completed
OnLevelWasLoaded was found on AdmobAds
This message has been deprecated and will be removed in a later version of Unity.
Add a delegate to SceneManager.sceneLoaded instead to get notifications after scene loading has completed
Refreshing native plugins compatible for Editor in 12.60 ms, found 10 plugins.
Preloading 0 native plugins for Editor in 0.00 ms.
Unloading 7073 Unused Serialized files (Serialized files now loaded: 0)
Unloading 342 unused Assets / (2.1 MB). Loaded Objects now: 9475.
Memory consumption went from 348.1 MB to 346.1 MB.
Total: 26.096200 ms (FindLiveObjects: 1.185500 ms CreateObjectMapping: 0.647300 ms MarkObjects: 20.732100 ms  DeleteObjects: 3.528300 ms)

Prepare: number of updated asset objects reloaded= 0
AssetImportParameters requested are different than current active one (requested -> active):
  custom:container-demuxer-ogg: 62fdf1f143b41e24485cea50d1cbac27 -> 
  custom:framework-win-MediaFoundation: 216162199b28c13a410421893ffa2e32 -> 
  custom:container-muxer-webm: aa71ff27fc2769a1b78a27578f13a17b -> 
  custom:video-decoder-webm-vp8: 9c59270c3fd7afecdb556c50c9e8de78 -> 
  custom:SearchIndexIgnoredProperties: e643bd26f0fe6173181afceb89e7c659 -> 
  custom:AudioImporter_EditorPlatform: d09bf68614088b80899f8185d706f6e7 -> 
  custom:audio-decoder-ogg-vorbis: bf7c407c2cedff20999df2af8eb42d56 -> 
  custom:audio-encoder-webm-vorbis: bf7c407c2cedff20999df2af8eb42d56 -> 
  custom:video-decoder-ogg-theora: a1e56fd34408186e4bbccfd4996cb3dc -> 
  custom:CustomObjectIndexerAttribute: 62b5816608c3102f162a1797e29626cf -> 
  custom:container-demuxer-webm: 4f35f7cbe854078d1ac9338744f61a02 -> 
  custom:video-encoder-webm-vp8: eb34c28f22e8b96e1ab97ce403110664 -> 
========================================================================
Received Prepare
Begin MonoManager ReloadAssembly
Symbol file LoadedFromMemory is not a mono symbol file
- Loaded All Assemblies, in  0.579 seconds
Refreshing native plugins compatible for Editor in 10.93 ms, found 10 plugins.
Native extension for WindowsStandalone target not found
Native extension for iOS target not found
Native extension for Android target not found
[Package Manager] Server::EnsureServerProcessIsRunning -- launch failed, reason: Unity was launched with the -noUpm command-line argument
[Package Manager] UpmClient::Send -- Unable to send message (not connected to UPM process).
[Package Manager] Cannot connect to Unity Package Manager local server
Mono: successfully reloaded assembly
- Finished resetting the current domain, in  1.218 seconds
Domain Reload Profiling: 1795ms
	BeginReloadAssembly (207ms)
		ExecutionOrderSort (0ms)
		DisableScriptedObjects (8ms)
		BackupInstance (0ms)
		ReleaseScriptingObjects (0ms)
		CreateAndSetChildDomain (69ms)
	RebuildCommonClasses (30ms)
	RebuildNativeTypeToScriptingClass (9ms)
	initialDomainReloadingComplete (29ms)
	LoadAllAssembliesAndSetupDomain (302ms)
		LoadAssemblies (360ms)
		RebuildTransferFunctionScriptingTraits (0ms)
		AnalyzeDomain (25ms)
			TypeCache.Refresh (8ms)
				TypeCache.ScanAssembly (0ms)
			ScanForSourceGeneratedMonoScriptInfo (0ms)
			ResolveRequiredComponents (14ms)
	FinalizeReload (1218ms)
		ReleaseScriptCaches (0ms)
		RebuildScriptCaches (0ms)
		SetupLoadedEditorAssemblies (836ms)
			LogAssemblyErrors (0ms)
			InitializePlatformSupportModulesInManaged (26ms)
			SetLoadedEditorAssemblies (3ms)
			RefreshPlugins (0ms)
			BeforeProcessingInitializeOnLoad (79ms)
			ProcessInitializeOnLoadAttributes (623ms)
			ProcessInitializeOnLoadMethodAttributes (101ms)
			AfterProcessingInitializeOnLoad (4ms)
			EditorAssembliesLoaded (0ms)
		ExecutionOrderSort2 (0ms)
		AwakeInstancesAfterBackupRestoration (10ms)
OnLevelWasLoaded was found on Reporter
This message has been deprecated and will be removed in a later version of Unity.
Add a delegate to SceneManager.sceneLoaded instead to get notifications after scene loading has completed
OnLevelWasLoaded was found on BoxController
This message has been deprecated and will be removed in a later version of Unity.
Add a delegate to SceneManager.sceneLoaded instead to get notifications after scene loading has completed
OnLevelWasLoaded was found on AdmobAds
This message has been deprecated and will be removed in a later version of Unity.
Add a delegate to SceneManager.sceneLoaded instead to get notifications after scene loading has completed
Refreshing native plugins compatible for Editor in 21.79 ms, found 10 plugins.
Preloading 0 native plugins for Editor in 0.00 ms.
Unloading 7072 Unused Serialized files (Serialized files now loaded: 0)
Unloading 341 unused Assets / (2.1 MB). Loaded Objects now: 9511.
Memory consumption went from 350.1 MB to 348.0 MB.
Total: 38.360200 ms (FindLiveObjects: 0.813100 ms CreateObjectMapping: 0.415500 ms MarkObjects: 31.749200 ms  DeleteObjects: 5.378300 ms)

Prepare: number of updated asset objects reloaded= 0
AssetImportParameters requested are different than current active one (requested -> active):
  custom:container-demuxer-ogg: 62fdf1f143b41e24485cea50d1cbac27 -> 
  custom:framework-win-MediaFoundation: 216162199b28c13a410421893ffa2e32 -> 
  custom:container-muxer-webm: aa71ff27fc2769a1b78a27578f13a17b -> 
  custom:video-decoder-webm-vp8: 9c59270c3fd7afecdb556c50c9e8de78 -> 
  custom:SearchIndexIgnoredProperties: e643bd26f0fe6173181afceb89e7c659 -> 
  custom:AudioImporter_EditorPlatform: d09bf68614088b80899f8185d706f6e7 -> 
  custom:audio-decoder-ogg-vorbis: bf7c407c2cedff20999df2af8eb42d56 -> 
  custom:audio-encoder-webm-vorbis: bf7c407c2cedff20999df2af8eb42d56 -> 
  custom:video-decoder-ogg-theora: a1e56fd34408186e4bbccfd4996cb3dc -> 
  custom:CustomObjectIndexerAttribute: 62b5816608c3102f162a1797e29626cf -> 
  custom:container-demuxer-webm: 4f35f7cbe854078d1ac9338744f61a02 -> 
  custom:video-encoder-webm-vp8: eb34c28f22e8b96e1ab97ce403110664 -> 
========================================================================
Received Prepare
Begin MonoManager ReloadAssembly
Symbol file LoadedFromMemory is not a mono symbol file
- Loaded All Assemblies, in  0.571 seconds
Refreshing native plugins compatible for Editor in 10.54 ms, found 10 plugins.
Native extension for WindowsStandalone target not found
Native extension for iOS target not found
Native extension for Android target not found
[Package Manager] Server::EnsureServerProcessIsRunning -- launch failed, reason: Unity was launched with the -noUpm command-line argument
[Package Manager] UpmClient::Send -- Unable to send message (not connected to UPM process).
[Package Manager] Cannot connect to Unity Package Manager local server
Unable to write to 'ProjectSettings\GvhProjectSettings.xml' (System.IO.IOException: Sharing violation on path D:\UnityProject\BonceMonney\ProjectSettings\GvhProjectSettings.xml
  at System.IO.FileStream..ctor (System.String path, System.IO.FileMode mode, System.IO.FileAccess access, System.IO.FileShare share, System.Int32 bufferSize, System.Boolean anonymous, System.IO.FileOptions options) [0x0019e] in <dc753a1061284f8e971ee88ee4826eee>:0 
  at System.IO.FileStream..ctor (System.String path, System.IO.FileMode mode, System.IO.FileAccess access, System.IO.FileShare share, System.Int32 bufferSize, System.IO.FileOptions options) [0x00000] in <dc753a1061284f8e971ee88ee4826eee>:0 
  at System.IO.FileStream..ctor (System.String path, System.IO.FileMode mode, System.IO.FileAccess access, System.IO.FileShare share, System.Int32 bufferSize, System.Boolean useAsync) [0x00000] in <dc753a1061284f8e971ee88ee4826eee>:0 
  at (wrapper remoting-invoke-with-check) System.IO.FileStream..ctor(string,System.IO.FileMode,System.IO.FileAccess,System.IO.FileShare,int,bool)
  at System.Xml.XmlWriterSettings.CreateWriter (System.String outputFileName) [0x00051] in <ae5badc4ec594809bfbe24220ad62e9b>:0 
  at System.Xml.XmlWriter.Create (System.String outputFileName, System.Xml.XmlWriterSettings settings) [0x0000a] in <ae5badc4ec594809bfbe24220ad62e9b>:0 
  at Google.ProjectSettings.Save () [0x00079] in /Users/amaurice/Documents/GitHub/unity-jar-resolver/source/VersionHandlerImpl/src/ProjectSettings.cs:821 , Project settings were not saved!
UnityEngine.StackTraceUtility:ExtractStackTrace ()
UnityEngine.DebugLogHandler:LogFormat (UnityEngine.LogType,UnityEngine.Object,string,object[])
UnityEngine.Logger:Log (UnityEngine.LogType,object)
UnityEngine.Debug:LogError (object)
Google.Logger:Log (string,Google.LogLevel) (at /Users/amaurice/Documents/GitHub/unity-jar-resolver/source/VersionHandlerImpl/src/Logger.cs:136)
Google.ProjectSettings:Save () (at /Users/amaurice/Documents/GitHub/unity-jar-resolver/source/VersionHandlerImpl/src/ProjectSettings.cs:844)
Google.ProjectSettings:SetBool (string,bool,Google.SettingsLocation) (at /Users/amaurice/Documents/GitHub/unity-jar-resolver/source/VersionHandlerImpl/src/ProjectSettings.cs:485)
Google.ProjectSettings:SetBool (string,bool) (at /Users/amaurice/Documents/GitHub/unity-jar-resolver/source/VersionHandlerImpl/src/ProjectSettings.cs:497)
Google.IOSResolver:set_VerboseLoggingEnabled (bool) (at /Users/amaurice/Documents/GitHub/unity-jar-resolver/source/IOSResolver/src/IOSResolver.cs:1041)
Google.IOSResolver:.cctor () (at /Users/amaurice/Documents/GitHub/unity-jar-resolver/source/IOSResolver/src/IOSResolver.cs:727)
System.Runtime.CompilerServices.RuntimeHelpers:RunClassConstructor (System.RuntimeTypeHandle)
UnityEditor.EditorAssemblies:ProcessInitializeOnLoadAttributes (System.Type[])

(Filename: /Users/amaurice/Documents/GitHub/unity-jar-resolver/source/VersionHandlerImpl/src/ProjectSettings.cs Line: 844)

Mono: successfully reloaded assembly
- Finished resetting the current domain, in  1.239 seconds
Domain Reload Profiling: 1808ms
	BeginReloadAssembly (188ms)
		ExecutionOrderSort (0ms)
		DisableScriptedObjects (8ms)
		BackupInstance (0ms)
		ReleaseScriptingObjects (0ms)
		CreateAndSetChildDomain (64ms)
	RebuildCommonClasses (26ms)
	RebuildNativeTypeToScriptingClass (9ms)
	initialDomainReloadingComplete (28ms)
	LoadAllAssembliesAndSetupDomain (318ms)
		LoadAssemblies (383ms)
		RebuildTransferFunctionScriptingTraits (0ms)
		AnalyzeDomain (23ms)
			TypeCache.Refresh (8ms)
				TypeCache.ScanAssembly (0ms)
			ScanForSourceGeneratedMonoScriptInfo (0ms)
			ResolveRequiredComponents (13ms)
	FinalizeReload (1239ms)
		ReleaseScriptCaches (0ms)
		RebuildScriptCaches (0ms)
		SetupLoadedEditorAssemblies (869ms)
			LogAssemblyErrors (0ms)
			InitializePlatformSupportModulesInManaged (26ms)
			SetLoadedEditorAssemblies (3ms)
			RefreshPlugins (0ms)
			BeforeProcessingInitializeOnLoad (68ms)
			ProcessInitializeOnLoadAttributes (636ms)
			ProcessInitializeOnLoadMethodAttributes (131ms)
			AfterProcessingInitializeOnLoad (4ms)
			EditorAssembliesLoaded (0ms)
		ExecutionOrderSort2 (0ms)
		AwakeInstancesAfterBackupRestoration (8ms)
OnLevelWasLoaded was found on Reporter
This message has been deprecated and will be removed in a later version of Unity.
Add a delegate to SceneManager.sceneLoaded instead to get notifications after scene loading has completed
OnLevelWasLoaded was found on BoxController
This message has been deprecated and will be removed in a later version of Unity.
Add a delegate to SceneManager.sceneLoaded instead to get notifications after scene loading has completed
OnLevelWasLoaded was found on AdmobAds
This message has been deprecated and will be removed in a later version of Unity.
Add a delegate to SceneManager.sceneLoaded instead to get notifications after scene loading has completed
Refreshing native plugins compatible for Editor in 28.01 ms, found 10 plugins.
Preloading 0 native plugins for Editor in 0.00 ms.
Unloading 7072 Unused Serialized files (Serialized files now loaded: 0)
Unloading 341 unused Assets / (2.1 MB). Loaded Objects now: 9547.
Memory consumption went from 352.1 MB to 350.1 MB.
Total: 42.701500 ms (FindLiveObjects: 2.673700 ms CreateObjectMapping: 0.858500 ms MarkObjects: 33.698400 ms  DeleteObjects: 5.465700 ms)

Prepare: number of updated asset objects reloaded= 0
AssetImportParameters requested are different than current active one (requested -> active):
  custom:container-demuxer-ogg: 62fdf1f143b41e24485cea50d1cbac27 -> 
  custom:framework-win-MediaFoundation: 216162199b28c13a410421893ffa2e32 -> 
  custom:container-muxer-webm: aa71ff27fc2769a1b78a27578f13a17b -> 
  custom:video-decoder-webm-vp8: 9c59270c3fd7afecdb556c50c9e8de78 -> 
  custom:SearchIndexIgnoredProperties: e643bd26f0fe6173181afceb89e7c659 -> 
  custom:AudioImporter_EditorPlatform: d09bf68614088b80899f8185d706f6e7 -> 
  custom:audio-decoder-ogg-vorbis: bf7c407c2cedff20999df2af8eb42d56 -> 
  custom:audio-encoder-webm-vorbis: bf7c407c2cedff20999df2af8eb42d56 -> 
  custom:video-decoder-ogg-theora: a1e56fd34408186e4bbccfd4996cb3dc -> 
  custom:CustomObjectIndexerAttribute: 62b5816608c3102f162a1797e29626cf -> 
  custom:container-demuxer-webm: 4f35f7cbe854078d1ac9338744f61a02 -> 
  custom:video-encoder-webm-vp8: eb34c28f22e8b96e1ab97ce403110664 -> 
========================================================================
Received Prepare
Begin MonoManager ReloadAssembly
Symbol file LoadedFromMemory is not a mono symbol file
- Loaded All Assemblies, in  0.605 seconds
Refreshing native plugins compatible for Editor in 11.33 ms, found 10 plugins.
Native extension for WindowsStandalone target not found
Native extension for iOS target not found
Native extension for Android target not found
[Package Manager] Server::EnsureServerProcessIsRunning -- launch failed, reason: Unity was launched with the -noUpm command-line argument
[Package Manager] UpmClient::Send -- Unable to send message (not connected to UPM process).
[Package Manager] Cannot connect to Unity Package Manager local server
Mono: successfully reloaded assembly
- Finished resetting the current domain, in  1.566 seconds
Domain Reload Profiling: 2170ms
	BeginReloadAssembly (186ms)
		ExecutionOrderSort (0ms)
		DisableScriptedObjects (9ms)
		BackupInstance (0ms)
		ReleaseScriptingObjects (0ms)
		CreateAndSetChildDomain (67ms)
	RebuildCommonClasses (24ms)
	RebuildNativeTypeToScriptingClass (9ms)
	initialDomainReloadingComplete (32ms)
	LoadAllAssembliesAndSetupDomain (352ms)
		LoadAssemblies (360ms)
		RebuildTransferFunctionScriptingTraits (0ms)
		AnalyzeDomain (75ms)
			TypeCache.Refresh (31ms)
				TypeCache.ScanAssembly (12ms)
			ScanForSourceGeneratedMonoScriptInfo (30ms)
			ResolveRequiredComponents (12ms)
	FinalizeReload (1566ms)
		ReleaseScriptCaches (0ms)
		RebuildScriptCaches (0ms)
		SetupLoadedEditorAssemblies (1150ms)
			LogAssemblyErrors (0ms)
			InitializePlatformSupportModulesInManaged (33ms)
			SetLoadedEditorAssemblies (5ms)
			RefreshPlugins (0ms)
			BeforeProcessingInitializeOnLoad (81ms)
			ProcessInitializeOnLoadAttributes (849ms)
			ProcessInitializeOnLoadMethodAttributes (175ms)
			AfterProcessingInitializeOnLoad (7ms)
			EditorAssembliesLoaded (1ms)
		ExecutionOrderSort2 (0ms)
		AwakeInstancesAfterBackupRestoration (14ms)
OnLevelWasLoaded was found on Reporter
This message has been deprecated and will be removed in a later version of Unity.
Add a delegate to SceneManager.sceneLoaded instead to get notifications after scene loading has completed
OnLevelWasLoaded was found on BoxController
This message has been deprecated and will be removed in a later version of Unity.
Add a delegate to SceneManager.sceneLoaded instead to get notifications after scene loading has completed
OnLevelWasLoaded was found on AdmobAds
This message has been deprecated and will be removed in a later version of Unity.
Add a delegate to SceneManager.sceneLoaded instead to get notifications after scene loading has completed
Refreshing native plugins compatible for Editor in 12.85 ms, found 10 plugins.
Preloading 0 native plugins for Editor in 0.00 ms.
Unloading 7072 Unused Serialized files (Serialized files now loaded: 0)
Unloading 341 unused Assets / (2.1 MB). Loaded Objects now: 9583.
Memory consumption went from 354.2 MB to 352.1 MB.
Total: 37.410600 ms (FindLiveObjects: 1.606500 ms CreateObjectMapping: 1.265100 ms MarkObjects: 31.294900 ms  DeleteObjects: 3.241500 ms)

Prepare: number of updated asset objects reloaded= 0
AssetImportParameters requested are different than current active one (requested -> active):
  custom:container-demuxer-ogg: 62fdf1f143b41e24485cea50d1cbac27 -> 
  custom:framework-win-MediaFoundation: 216162199b28c13a410421893ffa2e32 -> 
  custom:container-muxer-webm: aa71ff27fc2769a1b78a27578f13a17b -> 
  custom:video-decoder-webm-vp8: 9c59270c3fd7afecdb556c50c9e8de78 -> 
  custom:SearchIndexIgnoredProperties: e643bd26f0fe6173181afceb89e7c659 -> 
  custom:AudioImporter_EditorPlatform: d09bf68614088b80899f8185d706f6e7 -> 
  custom:audio-decoder-ogg-vorbis: bf7c407c2cedff20999df2af8eb42d56 -> 
  custom:audio-encoder-webm-vorbis: bf7c407c2cedff20999df2af8eb42d56 -> 
  custom:video-decoder-ogg-theora: a1e56fd34408186e4bbccfd4996cb3dc -> 
  custom:CustomObjectIndexerAttribute: 62b5816608c3102f162a1797e29626cf -> 
  custom:container-demuxer-webm: 4f35f7cbe854078d1ac9338744f61a02 -> 
  custom:video-encoder-webm-vp8: eb34c28f22e8b96e1ab97ce403110664 -> 
========================================================================
Received Prepare
Begin MonoManager ReloadAssembly
Symbol file LoadedFromMemory is not a mono symbol file
- Loaded All Assemblies, in  0.537 seconds
Refreshing native plugins compatible for Editor in 11.37 ms, found 10 plugins.
Native extension for WindowsStandalone target not found
Native extension for iOS target not found
Native extension for Android target not found
[Package Manager] Server::EnsureServerProcessIsRunning -- launch failed, reason: Unity was launched with the -noUpm command-line argument
[Package Manager] UpmClient::Send -- Unable to send message (not connected to UPM process).
[Package Manager] Cannot connect to Unity Package Manager local server
Unable to write to 'ProjectSettings\GvhProjectSettings.xml' (System.IO.IOException: Sharing violation on path D:\UnityProject\BonceMonney\ProjectSettings\GvhProjectSettings.xml
  at System.IO.FileStream..ctor (System.String path, System.IO.FileMode mode, System.IO.FileAccess access, System.IO.FileShare share, System.Int32 bufferSize, System.Boolean anonymous, System.IO.FileOptions options) [0x0019e] in <dc753a1061284f8e971ee88ee4826eee>:0 
  at System.IO.FileStream..ctor (System.String path, System.IO.FileMode mode, System.IO.FileAccess access, System.IO.FileShare share, System.Int32 bufferSize, System.IO.FileOptions options) [0x00000] in <dc753a1061284f8e971ee88ee4826eee>:0 
  at System.IO.FileStream..ctor (System.String path, System.IO.FileMode mode, System.IO.FileAccess access, System.IO.FileShare share, System.Int32 bufferSize, System.Boolean useAsync) [0x00000] in <dc753a1061284f8e971ee88ee4826eee>:0 
  at (wrapper remoting-invoke-with-check) System.IO.FileStream..ctor(string,System.IO.FileMode,System.IO.FileAccess,System.IO.FileShare,int,bool)
  at System.Xml.XmlWriterSettings.CreateWriter (System.String outputFileName) [0x00051] in <ae5badc4ec594809bfbe24220ad62e9b>:0 
  at System.Xml.XmlWriter.Create (System.String outputFileName, System.Xml.XmlWriterSettings settings) [0x0000a] in <ae5badc4ec594809bfbe24220ad62e9b>:0 
  at Google.ProjectSettings.Save () [0x00079] in /Users/amaurice/Documents/GitHub/unity-jar-resolver/source/VersionHandlerImpl/src/ProjectSettings.cs:821 , Project settings were not saved!
UnityEngine.StackTraceUtility:ExtractStackTrace ()
UnityEngine.DebugLogHandler:LogFormat (UnityEngine.LogType,UnityEngine.Object,string,object[])
UnityEngine.Logger:Log (UnityEngine.LogType,object)
UnityEngine.Debug:LogError (object)
Google.Logger:Log (string,Google.LogLevel) (at /Users/amaurice/Documents/GitHub/unity-jar-resolver/source/VersionHandlerImpl/src/Logger.cs:136)
Google.ProjectSettings:Save () (at /Users/amaurice/Documents/GitHub/unity-jar-resolver/source/VersionHandlerImpl/src/ProjectSettings.cs:844)
Google.ProjectSettings:SetBool (string,bool,Google.SettingsLocation) (at /Users/amaurice/Documents/GitHub/unity-jar-resolver/source/VersionHandlerImpl/src/ProjectSettings.cs:485)
Google.ProjectSettings:SetBool (string,bool) (at /Users/amaurice/Documents/GitHub/unity-jar-resolver/source/VersionHandlerImpl/src/ProjectSettings.cs:497)
Google.IOSResolver:set_VerboseLoggingEnabled (bool) (at /Users/amaurice/Documents/GitHub/unity-jar-resolver/source/IOSResolver/src/IOSResolver.cs:1041)
Google.IOSResolver:.cctor () (at /Users/amaurice/Documents/GitHub/unity-jar-resolver/source/IOSResolver/src/IOSResolver.cs:727)
System.Runtime.CompilerServices.RuntimeHelpers:RunClassConstructor (System.RuntimeTypeHandle)
UnityEditor.EditorAssemblies:ProcessInitializeOnLoadAttributes (System.Type[])

(Filename: /Users/amaurice/Documents/GitHub/unity-jar-resolver/source/VersionHandlerImpl/src/ProjectSettings.cs Line: 844)

Mono: successfully reloaded assembly
- Finished resetting the current domain, in  1.246 seconds
Domain Reload Profiling: 1781ms
	BeginReloadAssembly (162ms)
		ExecutionOrderSort (0ms)
		DisableScriptedObjects (12ms)
		BackupInstance (0ms)
		ReleaseScriptingObjects (0ms)
		CreateAndSetChildDomain (51ms)
	RebuildCommonClasses (24ms)
	RebuildNativeTypeToScriptingClass (8ms)
	initialDomainReloadingComplete (30ms)
	LoadAllAssembliesAndSetupDomain (310ms)
		LoadAssemblies (355ms)
		RebuildTransferFunctionScriptingTraits (0ms)
		AnalyzeDomain (27ms)
			TypeCache.Refresh (12ms)
				TypeCache.ScanAssembly (0ms)
			ScanForSourceGeneratedMonoScriptInfo (0ms)
			ResolveRequiredComponents (13ms)
	FinalizeReload (1247ms)
		ReleaseScriptCaches (0ms)
		RebuildScriptCaches (0ms)
		SetupLoadedEditorAssemblies (863ms)
			LogAssemblyErrors (0ms)
			InitializePlatformSupportModulesInManaged (29ms)
			SetLoadedEditorAssemblies (3ms)
			RefreshPlugins (0ms)
			BeforeProcessingInitializeOnLoad (83ms)
			ProcessInitializeOnLoadAttributes (622ms)
			ProcessInitializeOnLoadMethodAttributes (122ms)
			AfterProcessingInitializeOnLoad (4ms)
			EditorAssembliesLoaded (0ms)
		ExecutionOrderSort2 (0ms)
		AwakeInstancesAfterBackupRestoration (10ms)
OnLevelWasLoaded was found on Reporter
This message has been deprecated and will be removed in a later version of Unity.
Add a delegate to SceneManager.sceneLoaded instead to get notifications after scene loading has completed
OnLevelWasLoaded was found on BoxController
This message has been deprecated and will be removed in a later version of Unity.
Add a delegate to SceneManager.sceneLoaded instead to get notifications after scene loading has completed
OnLevelWasLoaded was found on AdmobAds
This message has been deprecated and will be removed in a later version of Unity.
Add a delegate to SceneManager.sceneLoaded instead to get notifications after scene loading has completed
Refreshing native plugins compatible for Editor in 23.59 ms, found 10 plugins.
Preloading 0 native plugins for Editor in 0.00 ms.
Unloading 7072 Unused Serialized files (Serialized files now loaded: 0)
Unloading 341 unused Assets / (2.0 MB). Loaded Objects now: 9619.
Memory consumption went from 356.1 MB to 354.1 MB.
Total: 41.365300 ms (FindLiveObjects: 1.487700 ms CreateObjectMapping: 1.965900 ms MarkObjects: 34.935400 ms  DeleteObjects: 2.973800 ms)

Prepare: number of updated asset objects reloaded= 0
AssetImportParameters requested are different than current active one (requested -> active):
  custom:container-demuxer-ogg: 62fdf1f143b41e24485cea50d1cbac27 -> 
  custom:framework-win-MediaFoundation: 216162199b28c13a410421893ffa2e32 -> 
  custom:container-muxer-webm: aa71ff27fc2769a1b78a27578f13a17b -> 
  custom:video-decoder-webm-vp8: 9c59270c3fd7afecdb556c50c9e8de78 -> 
  custom:SearchIndexIgnoredProperties: e643bd26f0fe6173181afceb89e7c659 -> 
  custom:AudioImporter_EditorPlatform: d09bf68614088b80899f8185d706f6e7 -> 
  custom:audio-decoder-ogg-vorbis: bf7c407c2cedff20999df2af8eb42d56 -> 
  custom:audio-encoder-webm-vorbis: bf7c407c2cedff20999df2af8eb42d56 -> 
  custom:video-decoder-ogg-theora: a1e56fd34408186e4bbccfd4996cb3dc -> 
  custom:CustomObjectIndexerAttribute: 62b5816608c3102f162a1797e29626cf -> 
  custom:container-demuxer-webm: 4f35f7cbe854078d1ac9338744f61a02 -> 
  custom:video-encoder-webm-vp8: eb34c28f22e8b96e1ab97ce403110664 -> 
========================================================================
Received Prepare
Begin MonoManager ReloadAssembly
Symbol file LoadedFromMemory is not a mono symbol file
- Loaded All Assemblies, in  0.631 seconds
Refreshing native plugins compatible for Editor in 14.32 ms, found 10 plugins.
Native extension for WindowsStandalone target not found
Native extension for iOS target not found
Native extension for Android target not found
[Package Manager] Server::EnsureServerProcessIsRunning -- launch failed, reason: Unity was launched with the -noUpm command-line argument
[Package Manager] UpmClient::Send -- Unable to send message (not connected to UPM process).
[Package Manager] Cannot connect to Unity Package Manager local server
Mono: successfully reloaded assembly
- Finished resetting the current domain, in  1.326 seconds
Domain Reload Profiling: 1957ms
	BeginReloadAssembly (200ms)
		ExecutionOrderSort (0ms)
		DisableScriptedObjects (10ms)
		BackupInstance (0ms)
		ReleaseScriptingObjects (0ms)
		CreateAndSetChildDomain (77ms)
	RebuildCommonClasses (25ms)
	RebuildNativeTypeToScriptingClass (12ms)
	initialDomainReloadingComplete (29ms)
	LoadAllAssembliesAndSetupDomain (364ms)
		LoadAssemblies (381ms)
		RebuildTransferFunctionScriptingTraits (0ms)
		AnalyzeDomain (61ms)
			TypeCache.Refresh (30ms)
				TypeCache.ScanAssembly (0ms)
			ScanForSourceGeneratedMonoScriptInfo (0ms)
			ResolveRequiredComponents (22ms)
	FinalizeReload (1328ms)
		ReleaseScriptCaches (0ms)
		RebuildScriptCaches (0ms)
		SetupLoadedEditorAssemblies (865ms)
			LogAssemblyErrors (0ms)
			InitializePlatformSupportModulesInManaged (26ms)
			SetLoadedEditorAssemblies (3ms)
			RefreshPlugins (0ms)
			BeforeProcessingInitializeOnLoad (77ms)
			ProcessInitializeOnLoadAttributes (633ms)
			ProcessInitializeOnLoadMethodAttributes (120ms)
			AfterProcessingInitializeOnLoad (5ms)
			EditorAssembliesLoaded (1ms)
		ExecutionOrderSort2 (0ms)
		AwakeInstancesAfterBackupRestoration (12ms)
OnLevelWasLoaded was found on Reporter
This message has been deprecated and will be removed in a later version of Unity.
Add a delegate to SceneManager.sceneLoaded instead to get notifications after scene loading has completed
OnLevelWasLoaded was found on BoxController
This message has been deprecated and will be removed in a later version of Unity.
Add a delegate to SceneManager.sceneLoaded instead to get notifications after scene loading has completed
OnLevelWasLoaded was found on AdmobAds
This message has been deprecated and will be removed in a later version of Unity.
Add a delegate to SceneManager.sceneLoaded instead to get notifications after scene loading has completed
Refreshing native plugins compatible for Editor in 25.16 ms, found 10 plugins.
Preloading 0 native plugins for Editor in 0.00 ms.
Unloading 7072 Unused Serialized files (Serialized files now loaded: 0)
Unloading 341 unused Assets / (2.1 MB). Loaded Objects now: 9655.
Memory consumption went from 358.1 MB to 356.0 MB.
Total: 41.151800 ms (FindLiveObjects: 1.438100 ms CreateObjectMapping: 0.759500 ms MarkObjects: 35.121200 ms  DeleteObjects: 3.826500 ms)

Prepare: number of updated asset objects reloaded= 0
AssetImportParameters requested are different than current active one (requested -> active):
  custom:container-demuxer-ogg: 62fdf1f143b41e24485cea50d1cbac27 -> 
  custom:framework-win-MediaFoundation: 216162199b28c13a410421893ffa2e32 -> 
  custom:container-muxer-webm: aa71ff27fc2769a1b78a27578f13a17b -> 
  custom:video-decoder-webm-vp8: 9c59270c3fd7afecdb556c50c9e8de78 -> 
  custom:SearchIndexIgnoredProperties: e643bd26f0fe6173181afceb89e7c659 -> 
  custom:AudioImporter_EditorPlatform: d09bf68614088b80899f8185d706f6e7 -> 
  custom:audio-decoder-ogg-vorbis: bf7c407c2cedff20999df2af8eb42d56 -> 
  custom:audio-encoder-webm-vorbis: bf7c407c2cedff20999df2af8eb42d56 -> 
  custom:video-decoder-ogg-theora: a1e56fd34408186e4bbccfd4996cb3dc -> 
  custom:CustomObjectIndexerAttribute: 62b5816608c3102f162a1797e29626cf -> 
  custom:container-demuxer-webm: 4f35f7cbe854078d1ac9338744f61a02 -> 
  custom:video-encoder-webm-vp8: eb34c28f22e8b96e1ab97ce403110664 -> 
========================================================================
Received Prepare
Begin MonoManager ReloadAssembly
Symbol file LoadedFromMemory is not a mono symbol file
- Loaded All Assemblies, in  0.742 seconds
Refreshing native plugins compatible for Editor in 12.50 ms, found 10 plugins.
Native extension for WindowsStandalone target not found
Native extension for iOS target not found
Native extension for Android target not found
[Package Manager] Server::EnsureServerProcessIsRunning -- launch failed, reason: Unity was launched with the -noUpm command-line argument
[Package Manager] UpmClient::Send -- Unable to send message (not connected to UPM process).
[Package Manager] Cannot connect to Unity Package Manager local server
Mono: successfully reloaded assembly
- Finished resetting the current domain, in  4.350 seconds
Domain Reload Profiling: 5090ms
	BeginReloadAssembly (197ms)
		ExecutionOrderSort (0ms)
		DisableScriptedObjects (12ms)
		BackupInstance (0ms)
		ReleaseScriptingObjects (0ms)
		CreateAndSetChildDomain (76ms)
	RebuildCommonClasses (24ms)
	RebuildNativeTypeToScriptingClass (9ms)
	initialDomainReloadingComplete (35ms)
	LoadAllAssembliesAndSetupDomain (474ms)
		LoadAssemblies (523ms)
		RebuildTransferFunctionScriptingTraits (0ms)
		AnalyzeDomain (30ms)
			TypeCache.Refresh (14ms)
				TypeCache.ScanAssembly (0ms)
			ScanForSourceGeneratedMonoScriptInfo (0ms)
			ResolveRequiredComponents (13ms)
	FinalizeReload (4351ms)
		ReleaseScriptCaches (0ms)
		RebuildScriptCaches (0ms)
		SetupLoadedEditorAssemblies (2867ms)
			LogAssemblyErrors (0ms)
			InitializePlatformSupportModulesInManaged (35ms)
			SetLoadedEditorAssemblies (6ms)
			RefreshPlugins (0ms)
			BeforeProcessingInitializeOnLoad (165ms)
			ProcessInitializeOnLoadAttributes (2247ms)
			ProcessInitializeOnLoadMethodAttributes (402ms)
			AfterProcessingInitializeOnLoad (9ms)
			EditorAssembliesLoaded (3ms)
		ExecutionOrderSort2 (0ms)
		AwakeInstancesAfterBackupRestoration (29ms)
OnLevelWasLoaded was found on Reporter
This message has been deprecated and will be removed in a later version of Unity.
Add a delegate to SceneManager.sceneLoaded instead to get notifications after scene loading has completed
OnLevelWasLoaded was found on BoxController
This message has been deprecated and will be removed in a later version of Unity.
Add a delegate to SceneManager.sceneLoaded instead to get notifications after scene loading has completed
OnLevelWasLoaded was found on AdmobAds
This message has been deprecated and will be removed in a later version of Unity.
Add a delegate to SceneManager.sceneLoaded instead to get notifications after scene loading has completed
Refreshing native plugins compatible for Editor in 27.26 ms, found 10 plugins.
Preloading 0 native plugins for Editor in 0.00 ms.
Unloading 7072 Unused Serialized files (Serialized files now loaded: 0)
Unloading 341 unused Assets / (2.1 MB). Loaded Objects now: 9691.
Memory consumption went from 360.1 MB to 358.0 MB.
Total: 77.533400 ms (FindLiveObjects: 3.991700 ms CreateObjectMapping: 1.971400 ms MarkObjects: 62.649800 ms  DeleteObjects: 8.912500 ms)

Prepare: number of updated asset objects reloaded= 0
AssetImportParameters requested are different than current active one (requested -> active):
  custom:container-demuxer-ogg: 62fdf1f143b41e24485cea50d1cbac27 -> 
  custom:framework-win-MediaFoundation: 216162199b28c13a410421893ffa2e32 -> 
  custom:container-muxer-webm: aa71ff27fc2769a1b78a27578f13a17b -> 
  custom:video-decoder-webm-vp8: 9c59270c3fd7afecdb556c50c9e8de78 -> 
  custom:SearchIndexIgnoredProperties: e643bd26f0fe6173181afceb89e7c659 -> 
  custom:AudioImporter_EditorPlatform: d09bf68614088b80899f8185d706f6e7 -> 
  custom:audio-decoder-ogg-vorbis: bf7c407c2cedff20999df2af8eb42d56 -> 
  custom:audio-encoder-webm-vorbis: bf7c407c2cedff20999df2af8eb42d56 -> 
  custom:video-decoder-ogg-theora: a1e56fd34408186e4bbccfd4996cb3dc -> 
  custom:CustomObjectIndexerAttribute: 62b5816608c3102f162a1797e29626cf -> 
  custom:container-demuxer-webm: 4f35f7cbe854078d1ac9338744f61a02 -> 
  custom:video-encoder-webm-vp8: eb34c28f22e8b96e1ab97ce403110664 -> 
========================================================================
Received Prepare
Begin MonoManager ReloadAssembly
Symbol file LoadedFromMemory is not a mono symbol file
- Loaded All Assemblies, in  0.608 seconds
Refreshing native plugins compatible for Editor in 12.10 ms, found 10 plugins.
Native extension for WindowsStandalone target not found
Native extension for iOS target not found
Native extension for Android target not found
[Package Manager] Server::EnsureServerProcessIsRunning -- launch failed, reason: Unity was launched with the -noUpm command-line argument
[Package Manager] UpmClient::Send -- Unable to send message (not connected to UPM process).
[Package Manager] Cannot connect to Unity Package Manager local server
Unable to write to 'ProjectSettings\GvhProjectSettings.xml' (System.IO.IOException: Sharing violation on path D:\UnityProject\BonceMonney\ProjectSettings\GvhProjectSettings.xml
  at System.IO.FileStream..ctor (System.String path, System.IO.FileMode mode, System.IO.FileAccess access, System.IO.FileShare share, System.Int32 bufferSize, System.Boolean anonymous, System.IO.FileOptions options) [0x0019e] in <dc753a1061284f8e971ee88ee4826eee>:0 
  at System.IO.FileStream..ctor (System.String path, System.IO.FileMode mode, System.IO.FileAccess access, System.IO.FileShare share, System.Int32 bufferSize, System.IO.FileOptions options) [0x00000] in <dc753a1061284f8e971ee88ee4826eee>:0 
  at System.IO.FileStream..ctor (System.String path, System.IO.FileMode mode, System.IO.FileAccess access, System.IO.FileShare share, System.Int32 bufferSize, System.Boolean useAsync) [0x00000] in <dc753a1061284f8e971ee88ee4826eee>:0 
  at (wrapper remoting-invoke-with-check) System.IO.FileStream..ctor(string,System.IO.FileMode,System.IO.FileAccess,System.IO.FileShare,int,bool)
  at System.Xml.XmlWriterSettings.CreateWriter (System.String outputFileName) [0x00051] in <ae5badc4ec594809bfbe24220ad62e9b>:0 
  at System.Xml.XmlWriter.Create (System.String outputFileName, System.Xml.XmlWriterSettings settings) [0x0000a] in <ae5badc4ec594809bfbe24220ad62e9b>:0 
  at Google.ProjectSettings.Save () [0x00079] in /Users/amaurice/Documents/GitHub/unity-jar-resolver/source/VersionHandlerImpl/src/ProjectSettings.cs:821 , Project settings were not saved!
UnityEngine.StackTraceUtility:ExtractStackTrace ()
UnityEngine.DebugLogHandler:LogFormat (UnityEngine.LogType,UnityEngine.Object,string,object[])
UnityEngine.Logger:Log (UnityEngine.LogType,object)
UnityEngine.Debug:LogError (object)
Google.Logger:Log (string,Google.LogLevel) (at /Users/amaurice/Documents/GitHub/unity-jar-resolver/source/VersionHandlerImpl/src/Logger.cs:136)
Google.ProjectSettings:Save () (at /Users/amaurice/Documents/GitHub/unity-jar-resolver/source/VersionHandlerImpl/src/ProjectSettings.cs:844)
Google.ProjectSettings:SetBool (string,bool,Google.SettingsLocation) (at /Users/amaurice/Documents/GitHub/unity-jar-resolver/source/VersionHandlerImpl/src/ProjectSettings.cs:485)
Google.ProjectSettings:SetBool (string,bool) (at /Users/amaurice/Documents/GitHub/unity-jar-resolver/source/VersionHandlerImpl/src/ProjectSettings.cs:497)
Google.IOSResolver:set_VerboseLoggingEnabled (bool) (at /Users/amaurice/Documents/GitHub/unity-jar-resolver/source/IOSResolver/src/IOSResolver.cs:1041)
Google.IOSResolver:.cctor () (at /Users/amaurice/Documents/GitHub/unity-jar-resolver/source/IOSResolver/src/IOSResolver.cs:727)
System.Runtime.CompilerServices.RuntimeHelpers:RunClassConstructor (System.RuntimeTypeHandle)
UnityEditor.EditorAssemblies:ProcessInitializeOnLoadAttributes (System.Type[])

(Filename: /Users/amaurice/Documents/GitHub/unity-jar-resolver/source/VersionHandlerImpl/src/ProjectSettings.cs Line: 844)

Mono: successfully reloaded assembly
- Finished resetting the current domain, in  3.066 seconds
Domain Reload Profiling: 3676ms
	BeginReloadAssembly (187ms)
		ExecutionOrderSort (0ms)
		DisableScriptedObjects (10ms)
		BackupInstance (0ms)
		ReleaseScriptingObjects (0ms)
		CreateAndSetChildDomain (69ms)
	RebuildCommonClasses (24ms)
	RebuildNativeTypeToScriptingClass (10ms)
	initialDomainReloadingComplete (36ms)
	LoadAllAssembliesAndSetupDomain (349ms)
		LoadAssemblies (396ms)
		RebuildTransferFunctionScriptingTraits (0ms)
		AnalyzeDomain (31ms)
			TypeCache.Refresh (11ms)
				TypeCache.ScanAssembly (0ms)
			ScanForSourceGeneratedMonoScriptInfo (0ms)
			ResolveRequiredComponents (17ms)
	FinalizeReload (3070ms)
		ReleaseScriptCaches (0ms)
		RebuildScriptCaches (0ms)
		SetupLoadedEditorAssemblies (1852ms)
			LogAssemblyErrors (0ms)
			InitializePlatformSupportModulesInManaged (25ms)
			SetLoadedEditorAssemblies (3ms)
			RefreshPlugins (0ms)
			BeforeProcessingInitializeOnLoad (59ms)
			ProcessInitializeOnLoadAttributes (1405ms)
			ProcessInitializeOnLoadMethodAttributes (350ms)
			AfterProcessingInitializeOnLoad (8ms)
			EditorAssembliesLoaded (1ms)
		ExecutionOrderSort2 (0ms)
		AwakeInstancesAfterBackupRestoration (37ms)
OnLevelWasLoaded was found on Reporter
This message has been deprecated and will be removed in a later version of Unity.
Add a delegate to SceneManager.sceneLoaded instead to get notifications after scene loading has completed
OnLevelWasLoaded was found on BoxController
This message has been deprecated and will be removed in a later version of Unity.
Add a delegate to SceneManager.sceneLoaded instead to get notifications after scene loading has completed
OnLevelWasLoaded was found on AdmobAds
This message has been deprecated and will be removed in a later version of Unity.
Add a delegate to SceneManager.sceneLoaded instead to get notifications after scene loading has completed
Refreshing native plugins compatible for Editor in 11.08 ms, found 10 plugins.
Preloading 0 native plugins for Editor in 0.00 ms.
Unloading 7072 Unused Serialized files (Serialized files now loaded: 0)
Unloading 341 unused Assets / (2.1 MB). Loaded Objects now: 9727.
Memory consumption went from 362.1 MB to 360.0 MB.
Total: 20.370000 ms (FindLiveObjects: 0.804600 ms CreateObjectMapping: 0.335000 ms MarkObjects: 17.237400 ms  DeleteObjects: 1.991100 ms)

Prepare: number of updated asset objects reloaded= 0
AssetImportParameters requested are different than current active one (requested -> active):
  custom:container-demuxer-ogg: 62fdf1f143b41e24485cea50d1cbac27 -> 
  custom:framework-win-MediaFoundation: 216162199b28c13a410421893ffa2e32 -> 
  custom:container-muxer-webm: aa71ff27fc2769a1b78a27578f13a17b -> 
  custom:video-decoder-webm-vp8: 9c59270c3fd7afecdb556c50c9e8de78 -> 
  custom:SearchIndexIgnoredProperties: e643bd26f0fe6173181afceb89e7c659 -> 
  custom:AudioImporter_EditorPlatform: d09bf68614088b80899f8185d706f6e7 -> 
  custom:audio-decoder-ogg-vorbis: bf7c407c2cedff20999df2af8eb42d56 -> 
  custom:audio-encoder-webm-vorbis: bf7c407c2cedff20999df2af8eb42d56 -> 
  custom:video-decoder-ogg-theora: a1e56fd34408186e4bbccfd4996cb3dc -> 
  custom:CustomObjectIndexerAttribute: 62b5816608c3102f162a1797e29626cf -> 
  custom:container-demuxer-webm: 4f35f7cbe854078d1ac9338744f61a02 -> 
  custom:video-encoder-webm-vp8: eb34c28f22e8b96e1ab97ce403110664 -> 
========================================================================
Received Import Request.
  Time since last request: 14906.535839 seconds.
  path: Assets/Base/3Party/NiceVibrations/Demos/_Common/Fonts/RobotoMono-Light.ttf
  artifactKey: Guid(a1bc3be25cbcd914ab881b9f55281c1f) Importer(815301076,1909f56bfc062723c751e8b465ee728b)
Start importing Assets/Base/3Party/NiceVibrations/Demos/_Common/Fonts/RobotoMono-Light.ttf using Guid(a1bc3be25cbcd914ab881b9f55281c1f) Importer(815301076,1909f56bfc062723c751e8b465ee728b)  -> (artifact id: 'e4ff6c7dadd1c04e07fd253f1040ed6f') in 0.140211 seconds
Number of updated asset objects reloaded before import = 0
Number of asset objects unloaded after import = 4
========================================================================
Received Import Request.
  Time since last request: 1.577840 seconds.
  path: Assets/TextMesh Pro/Fonts/LiberationSans.ttf
  artifactKey: Guid(e3265ab4bf004d28a9537516768c1c75) Importer(815301076,1909f56bfc062723c751e8b465ee728b)
Start importing Assets/TextMesh Pro/Fonts/LiberationSans.ttf using Guid(e3265ab4bf004d28a9537516768c1c75) Importer(815301076,1909f56bfc062723c751e8b465ee728b)  -> (artifact id: 'e8059817b0d025e3a83b4f0fd3fc6f0e') in 0.015893 seconds
Number of updated asset objects reloaded before import = 0
Number of asset objects unloaded after import = 4
========================================================================
Received Prepare
Begin MonoManager ReloadAssembly
Symbol file LoadedFromMemory is not a mono symbol file
- Loaded All Assemblies, in  0.580 seconds
Refreshing native plugins compatible for Editor in 10.75 ms, found 10 plugins.
Native extension for WindowsStandalone target not found
Native extension for iOS target not found
Native extension for Android target not found
[Package Manager] Server::EnsureServerProcessIsRunning -- launch failed, reason: Unity was launched with the -noUpm command-line argument
[Package Manager] UpmClient::Send -- Unable to send message (not connected to UPM process).
[Package Manager] Cannot connect to Unity Package Manager local server
Unable to write to 'ProjectSettings\GvhProjectSettings.xml' (System.IO.IOException: Sharing violation on path D:\UnityProject\BonceMonney\ProjectSettings\GvhProjectSettings.xml
  at System.IO.FileStream..ctor (System.String path, System.IO.FileMode mode, System.IO.FileAccess access, System.IO.FileShare share, System.Int32 bufferSize, System.Boolean anonymous, System.IO.FileOptions options) [0x0019e] in <dc753a1061284f8e971ee88ee4826eee>:0 
  at System.IO.FileStream..ctor (System.String path, System.IO.FileMode mode, System.IO.FileAccess access, System.IO.FileShare share, System.Int32 bufferSize, System.IO.FileOptions options) [0x00000] in <dc753a1061284f8e971ee88ee4826eee>:0 
  at System.IO.FileStream..ctor (System.String path, System.IO.FileMode mode, System.IO.FileAccess access, System.IO.FileShare share, System.Int32 bufferSize, System.Boolean useAsync) [0x00000] in <dc753a1061284f8e971ee88ee4826eee>:0 
  at (wrapper remoting-invoke-with-check) System.IO.FileStream..ctor(string,System.IO.FileMode,System.IO.FileAccess,System.IO.FileShare,int,bool)
  at System.Xml.XmlWriterSettings.CreateWriter (System.String outputFileName) [0x00051] in <ae5badc4ec594809bfbe24220ad62e9b>:0 
  at System.Xml.XmlWriter.Create (System.String outputFileName, System.Xml.XmlWriterSettings settings) [0x0000a] in <ae5badc4ec594809bfbe24220ad62e9b>:0 
  at Google.ProjectSettings.Save () [0x00079] in /Users/amaurice/Documents/GitHub/unity-jar-resolver/source/VersionHandlerImpl/src/ProjectSettings.cs:821 , Project settings were not saved!
UnityEngine.StackTraceUtility:ExtractStackTrace ()
UnityEngine.DebugLogHandler:LogFormat (UnityEngine.LogType,UnityEngine.Object,string,object[])
UnityEngine.Logger:Log (UnityEngine.LogType,object)
UnityEngine.Debug:LogError (object)
Google.Logger:Log (string,Google.LogLevel) (at /Users/amaurice/Documents/GitHub/unity-jar-resolver/source/VersionHandlerImpl/src/Logger.cs:136)
Google.ProjectSettings:Save () (at /Users/amaurice/Documents/GitHub/unity-jar-resolver/source/VersionHandlerImpl/src/ProjectSettings.cs:844)
Google.ProjectSettings:SetBool (string,bool,Google.SettingsLocation) (at /Users/amaurice/Documents/GitHub/unity-jar-resolver/source/VersionHandlerImpl/src/ProjectSettings.cs:485)
Google.ProjectSettings:SetBool (string,bool) (at /Users/amaurice/Documents/GitHub/unity-jar-resolver/source/VersionHandlerImpl/src/ProjectSettings.cs:497)
Google.IOSResolver:set_VerboseLoggingEnabled (bool) (at /Users/amaurice/Documents/GitHub/unity-jar-resolver/source/IOSResolver/src/IOSResolver.cs:1041)
Google.IOSResolver:.cctor () (at /Users/amaurice/Documents/GitHub/unity-jar-resolver/source/IOSResolver/src/IOSResolver.cs:727)
System.Runtime.CompilerServices.RuntimeHelpers:RunClassConstructor (System.RuntimeTypeHandle)
UnityEditor.EditorAssemblies:ProcessInitializeOnLoadAttributes (System.Type[])

(Filename: /Users/amaurice/Documents/GitHub/unity-jar-resolver/source/VersionHandlerImpl/src/ProjectSettings.cs Line: 844)

Mono: successfully reloaded assembly
- Finished resetting the current domain, in  1.172 seconds
Domain Reload Profiling: 1750ms
	BeginReloadAssembly (196ms)
		ExecutionOrderSort (0ms)
		DisableScriptedObjects (9ms)
		BackupInstance (0ms)
		ReleaseScriptingObjects (0ms)
		CreateAndSetChildDomain (77ms)
	RebuildCommonClasses (25ms)
	RebuildNativeTypeToScriptingClass (9ms)
	initialDomainReloadingComplete (33ms)
	LoadAllAssembliesAndSetupDomain (315ms)
		LoadAssemblies (363ms)
		RebuildTransferFunctionScriptingTraits (0ms)
		AnalyzeDomain (28ms)
			TypeCache.Refresh (12ms)
				TypeCache.ScanAssembly (0ms)
			ScanForSourceGeneratedMonoScriptInfo (0ms)
			ResolveRequiredComponents (14ms)
	FinalizeReload (1172ms)
		ReleaseScriptCaches (0ms)
		RebuildScriptCaches (0ms)
		SetupLoadedEditorAssemblies (774ms)
			LogAssemblyErrors (0ms)
			InitializePlatformSupportModulesInManaged (29ms)
			SetLoadedEditorAssemblies (3ms)
			RefreshPlugins (0ms)
			BeforeProcessingInitializeOnLoad (73ms)
			ProcessInitializeOnLoadAttributes (565ms)
			ProcessInitializeOnLoadMethodAttributes (98ms)
			AfterProcessingInitializeOnLoad (4ms)
			EditorAssembliesLoaded (0ms)
		ExecutionOrderSort2 (0ms)
		AwakeInstancesAfterBackupRestoration (9ms)
OnLevelWasLoaded was found on Reporter
This message has been deprecated and will be removed in a later version of Unity.
Add a delegate to SceneManager.sceneLoaded instead to get notifications after scene loading has completed
OnLevelWasLoaded was found on BoxController
This message has been deprecated and will be removed in a later version of Unity.
Add a delegate to SceneManager.sceneLoaded instead to get notifications after scene loading has completed
OnLevelWasLoaded was found on AdmobAds
This message has been deprecated and will be removed in a later version of Unity.
Add a delegate to SceneManager.sceneLoaded instead to get notifications after scene loading has completed
Refreshing native plugins compatible for Editor in 26.31 ms, found 10 plugins.
Preloading 0 native plugins for Editor in 0.00 ms.
Unloading 7072 Unused Serialized files (Serialized files now loaded: 0)
Unloading 341 unused Assets / (2.1 MB). Loaded Objects now: 9764.
Memory consumption went from 364.2 MB to 362.1 MB.
Total: 35.143700 ms (FindLiveObjects: 1.533500 ms CreateObjectMapping: 1.047100 ms MarkObjects: 28.709400 ms  DeleteObjects: 3.851700 ms)

Prepare: number of updated asset objects reloaded= 0
AssetImportParameters requested are different than current active one (requested -> active):
  custom:container-demuxer-ogg: 62fdf1f143b41e24485cea50d1cbac27 -> 
  custom:framework-win-MediaFoundation: 216162199b28c13a410421893ffa2e32 -> 
  custom:container-muxer-webm: aa71ff27fc2769a1b78a27578f13a17b -> 
  custom:video-decoder-webm-vp8: 9c59270c3fd7afecdb556c50c9e8de78 -> 
  custom:SearchIndexIgnoredProperties: e643bd26f0fe6173181afceb89e7c659 -> 
  custom:AudioImporter_EditorPlatform: d09bf68614088b80899f8185d706f6e7 -> 
  custom:audio-decoder-ogg-vorbis: bf7c407c2cedff20999df2af8eb42d56 -> 
  custom:audio-encoder-webm-vorbis: bf7c407c2cedff20999df2af8eb42d56 -> 
  custom:video-decoder-ogg-theora: a1e56fd34408186e4bbccfd4996cb3dc -> 
  custom:CustomObjectIndexerAttribute: 62b5816608c3102f162a1797e29626cf -> 
  custom:container-demuxer-webm: 4f35f7cbe854078d1ac9338744f61a02 -> 
  custom:video-encoder-webm-vp8: eb34c28f22e8b96e1ab97ce403110664 -> 
